id_performance;id_employe;date_evaluation;score;objectifs_atteints
1;1;01/01/2022;75;VRAI
2;1;01/04/2022;60;FAUX
3;1;01/07/2022;51;VRAI
4;1;01/10/2022;57;VRAI
5;1;01/01/2023;60;VRAI
6;1;01/04/2023;67;VRAI
7;1;01/07/2023;99;FAUX
8;1;01/10/2023;59;VRAI
9;1;01/01/2024;58;VRAI
10;1;01/04/2024;60;VRAI
11;1;01/07/2024;93;FAUX
12;1;01/10/2024;52;VRAI
13;2;01/01/2022;88;FAUX
14;2;01/04/2022;77;VRAI
15;2;01/07/2022;88;VRAI
16;2;01/10/2022;70;FAUX
17;2;01/01/2023;92;VRAI
18;2;01/04/2023;68;FAUX
19;2;01/07/2023;71;VRAI
20;2;01/10/2023;93;FAUX
21;2;01/01/2024;99;VRAI
22;2;01/04/2024;62;VRAI
23;2;01/07/2024;53;FAUX
24;2;01/10/2024;63;FAUX
25;3;01/01/2022;58;VRAI
26;3;01/04/2022;84;VRAI
27;3;01/07/2022;70;FAUX
28;3;01/10/2022;67;VRAI
29;3;01/01/2023;57;VRAI
30;3;01/04/2023;98;FAUX
31;3;01/07/2023;66;VRAI
32;3;01/10/2023;80;FAUX
33;3;01/01/2024;55;FAUX
34;3;01/04/2024;63;VRAI
35;3;01/07/2024;61;FAUX
36;3;01/10/2024;61;VRAI
37;4;01/01/2022;51;FAUX
38;4;01/04/2022;64;VRAI
39;4;01/07/2022;78;VRAI
40;4;01/10/2022;81;VRAI
41;4;01/01/2023;79;FAUX
42;4;01/04/2023;63;FAUX
43;4;01/07/2023;79;VRAI
44;4;01/10/2023;81;FAUX
45;4;01/01/2024;55;VRAI
46;4;01/04/2024;73;FAUX
47;4;01/07/2024;76;FAUX
48;4;01/10/2024;73;VRAI
49;5;01/01/2022;73;FAUX
50;5;01/04/2022;83;FAUX
51;5;01/07/2022;96;VRAI
52;5;01/10/2022;60;FAUX
53;5;01/01/2023;73;VRAI
54;5;01/04/2023;67;FAUX
55;5;01/07/2023;61;VRAI
56;5;01/10/2023;92;FAUX
57;5;01/01/2024;89;FAUX
58;5;01/04/2024;56;VRAI
59;5;01/07/2024;70;FAUX
60;5;01/10/2024;60;FAUX
61;6;01/01/2022;91;VRAI
62;6;01/04/2022;78;FAUX
63;6;01/07/2022;77;VRAI
64;6;01/10/2022;67;FAUX
65;6;01/01/2023;67;FAUX
66;6;01/04/2023;73;FAUX
67;6;01/07/2023;91;FAUX
68;6;01/10/2023;94;VRAI
69;6;01/01/2024;57;FAUX
70;6;01/04/2024;76;FAUX
71;6;01/07/2024;54;VRAI
72;6;01/10/2024;98;FAUX
73;7;01/01/2022;79;FAUX
74;7;01/04/2022;88;VRAI
75;7;01/07/2022;96;FAUX
76;7;01/10/2022;86;FAUX
77;7;01/01/2023;56;VRAI
78;7;01/04/2023;89;FAUX
79;7;01/07/2023;88;FAUX
80;7;01/10/2023;88;FAUX
81;7;01/01/2024;63;VRAI
82;7;01/04/2024;99;FAUX
83;7;01/07/2024;53;FAUX
84;7;01/10/2024;67;FAUX
85;8;01/01/2022;97;VRAI
86;8;01/04/2022;56;FAUX
87;8;01/07/2022;77;VRAI
88;8;01/10/2022;52;FAUX
89;8;01/01/2023;80;VRAI
90;8;01/04/2023;91;FAUX
91;8;01/07/2023;69;VRAI
92;8;01/10/2023;97;FAUX
93;8;01/01/2024;60;FAUX
94;8;01/04/2024;52;VRAI
95;8;01/07/2024;56;VRAI
96;8;01/10/2024;56;FAUX
97;9;01/01/2022;83;FAUX
98;9;01/04/2022;68;FAUX
99;9;01/07/2022;58;FAUX
100;9;01/10/2022;67;VRAI
101;9;01/01/2023;97;VRAI
102;9;01/04/2023;91;VRAI
103;9;01/07/2023;63;FAUX
104;9;01/10/2023;74;VRAI
105;9;01/01/2024;88;VRAI
106;9;01/04/2024;64;FAUX
107;9;01/07/2024;76;FAUX
108;9;01/10/2024;59;VRAI
109;10;01/01/2022;53;VRAI
110;10;01/04/2022;68;VRAI
111;10;01/07/2022;77;VRAI
112;10;01/10/2022;96;FAUX
113;10;01/01/2023;82;FAUX
114;10;01/04/2023;59;VRAI
115;10;01/07/2023;79;FAUX
116;10;01/10/2023;52;VRAI
117;10;01/01/2024;90;FAUX
118;10;01/04/2024;60;FAUX
119;10;01/07/2024;51;FAUX
120;10;01/10/2024;55;VRAI
121;11;01/01/2022;89;FAUX
122;11;01/04/2022;78;VRAI
123;11;01/07/2022;79;FAUX
124;11;01/10/2022;58;VRAI
125;11;01/01/2023;51;VRAI
126;11;01/04/2023;82;FAUX
127;11;01/07/2023;83;FAUX
128;11;01/10/2023;57;VRAI
129;11;01/01/2024;82;VRAI
130;11;01/04/2024;55;FAUX
131;11;01/07/2024;89;VRAI
132;11;01/10/2024;68;FAUX
133;12;01/01/2022;76;VRAI
134;12;01/04/2022;92;FAUX
135;12;01/07/2022;82;FAUX
136;12;01/10/2022;89;FAUX
137;12;01/01/2023;54;VRAI
138;12;01/04/2023;57;VRAI
139;12;01/07/2023;91;FAUX
140;12;01/10/2023;58;FAUX
141;12;01/01/2024;72;VRAI
142;12;01/04/2024;99;VRAI
143;12;01/07/2024;64;VRAI
144;12;01/10/2024;69;FAUX
145;13;01/01/2022;74;VRAI
146;13;01/04/2022;95;FAUX
147;13;01/07/2022;83;FAUX
148;13;01/10/2022;71;VRAI
149;13;01/01/2023;97;FAUX
150;13;01/04/2023;88;VRAI
151;13;01/07/2023;84;VRAI
152;13;01/10/2023;95;FAUX
153;13;01/01/2024;57;FAUX
154;13;01/04/2024;86;VRAI
155;13;01/07/2024;77;FAUX
156;13;01/10/2024;83;FAUX
157;14;01/01/2022;64;FAUX
158;14;01/04/2022;66;VRAI
159;14;01/07/2022;96;FAUX
160;14;01/10/2022;65;VRAI
161;14;01/01/2023;58;VRAI
162;14;01/04/2023;98;VRAI
163;14;01/07/2023;62;VRAI
164;14;01/10/2023;70;VRAI
165;14;01/01/2024;59;FAUX
166;14;01/04/2024;62;VRAI
167;14;01/07/2024;69;VRAI
168;14;01/10/2024;96;FAUX
169;15;01/01/2022;57;FAUX
170;15;01/04/2022;58;VRAI
171;15;01/07/2022;90;VRAI
172;15;01/10/2022;60;FAUX
173;15;01/01/2023;59;VRAI
174;15;01/04/2023;98;VRAI
175;15;01/07/2023;74;VRAI
176;15;01/10/2023;85;VRAI
177;15;01/01/2024;75;FAUX
178;15;01/04/2024;88;FAUX
179;15;01/07/2024;89;VRAI
180;15;01/10/2024;53;VRAI
181;16;01/01/2022;79;FAUX
182;16;01/04/2022;84;VRAI
183;16;01/07/2022;80;FAUX
184;16;01/10/2022;92;VRAI
185;16;01/01/2023;53;FAUX
186;16;01/04/2023;65;VRAI
187;16;01/07/2023;71;VRAI
188;16;01/10/2023;60;FAUX
189;16;01/01/2024;82;FAUX
190;16;01/04/2024;78;FAUX
191;16;01/07/2024;88;FAUX
192;16;01/10/2024;56;FAUX
193;17;01/01/2022;88;FAUX
194;17;01/04/2022;97;FAUX
195;17;01/07/2022;89;VRAI
196;17;01/10/2022;90;FAUX
197;17;01/01/2023;94;VRAI
198;17;01/04/2023;85;VRAI
199;17;01/07/2023;73;FAUX
200;17;01/10/2023;66;FAUX
201;17;01/01/2024;62;VRAI
202;17;01/04/2024;78;FAUX
203;17;01/07/2024;77;FAUX
204;17;01/10/2024;76;VRAI
205;18;01/01/2022;80;FAUX
206;18;01/04/2022;64;VRAI
207;18;01/07/2022;69;FAUX
208;18;01/10/2022;61;VRAI
209;18;01/01/2023;58;VRAI
210;18;01/04/2023;57;FAUX
211;18;01/07/2023;97;FAUX
212;18;01/10/2023;76;VRAI
213;18;01/01/2024;62;VRAI
214;18;01/04/2024;70;VRAI
215;18;01/07/2024;80;VRAI
216;18;01/10/2024;97;FAUX
217;19;01/01/2022;92;FAUX
218;19;01/04/2022;54;VRAI
219;19;01/07/2022;77;VRAI
220;19;01/10/2022;74;VRAI
221;19;01/01/2023;84;VRAI
222;19;01/04/2023;88;VRAI
223;19;01/07/2023;87;FAUX
224;19;01/10/2023;52;FAUX
225;19;01/01/2024;94;VRAI
226;19;01/04/2024;86;VRAI
227;19;01/07/2024;99;FAUX
228;19;01/10/2024;57;VRAI
229;20;01/01/2022;76;VRAI
230;20;01/04/2022;95;VRAI
231;20;01/07/2022;91;FAUX
232;20;01/10/2022;97;FAUX
233;20;01/01/2023;76;FAUX
234;20;01/04/2023;57;VRAI
235;20;01/07/2023;91;VRAI
236;20;01/10/2023;98;FAUX
237;20;01/01/2024;78;FAUX
238;20;01/04/2024;69;FAUX
239;20;01/07/2024;66;FAUX
240;20;01/10/2024;68;FAUX
241;21;01/01/2022;57;FAUX
242;21;01/04/2022;87;VRAI
243;21;01/07/2022;78;VRAI
244;21;01/10/2022;85;FAUX
245;21;01/01/2023;80;FAUX
246;21;01/04/2023;61;VRAI
247;21;01/07/2023;66;VRAI
248;21;01/10/2023;58;VRAI
249;21;01/01/2024;91;FAUX
250;21;01/04/2024;61;FAUX
251;21;01/07/2024;74;VRAI
252;21;01/10/2024;67;VRAI
253;22;01/01/2022;81;FAUX
254;22;01/04/2022;93;VRAI
255;22;01/07/2022;84;FAUX
256;22;01/10/2022;87;FAUX
257;22;01/01/2023;54;FAUX
258;22;01/04/2023;65;FAUX
259;22;01/07/2023;74;FAUX
260;22;01/10/2023;75;FAUX
261;22;01/01/2024;71;VRAI
262;22;01/04/2024;92;FAUX
263;22;01/07/2024;61;VRAI
264;22;01/10/2024;77;FAUX
265;23;01/01/2022;69;VRAI
266;23;01/04/2022;72;VRAI
267;23;01/07/2022;78;FAUX
268;23;01/10/2022;95;FAUX
269;23;01/01/2023;57;VRAI
270;23;01/04/2023;69;VRAI
271;23;01/07/2023;63;VRAI
272;23;01/10/2023;86;FAUX
273;23;01/01/2024;83;VRAI
274;23;01/04/2024;89;VRAI
275;23;01/07/2024;80;VRAI
276;23;01/10/2024;93;FAUX
277;24;01/01/2022;99;VRAI
278;24;01/04/2022;98;FAUX
279;24;01/07/2022;72;FAUX
280;24;01/10/2022;56;FAUX
281;24;01/01/2023;74;VRAI
282;24;01/04/2023;52;VRAI
283;24;01/07/2023;87;FAUX
284;24;01/10/2023;83;VRAI
285;24;01/01/2024;93;FAUX
286;24;01/04/2024;93;FAUX
287;24;01/07/2024;66;VRAI
288;24;01/10/2024;59;VRAI
289;25;01/01/2022;69;FAUX
290;25;01/04/2022;67;VRAI
291;25;01/07/2022;93;VRAI
292;25;01/10/2022;98;FAUX
293;25;01/01/2023;72;FAUX
294;25;01/04/2023;59;VRAI
295;25;01/07/2023;87;FAUX
296;25;01/10/2023;90;FAUX
297;25;01/01/2024;96;FAUX
298;25;01/04/2024;85;VRAI
299;25;01/07/2024;66;FAUX
300;25;01/10/2024;89;FAUX
301;26;01/01/2022;61;VRAI
302;26;01/04/2022;89;VRAI
303;26;01/07/2022;52;FAUX
304;26;01/10/2022;68;VRAI
305;26;01/01/2023;55;FAUX
306;26;01/04/2023;57;FAUX
307;26;01/07/2023;67;FAUX
308;26;01/10/2023;97;VRAI
309;26;01/01/2024;88;FAUX
310;26;01/04/2024;98;VRAI
311;26;01/07/2024;61;VRAI
312;26;01/10/2024;59;VRAI
313;27;01/01/2022;95;VRAI
314;27;01/04/2022;50;VRAI
315;27;01/07/2022;85;VRAI
316;27;01/10/2022;86;FAUX
317;27;01/01/2023;73;VRAI
318;27;01/04/2023;74;VRAI
319;27;01/07/2023;91;VRAI
320;27;01/10/2023;78;FAUX
321;27;01/01/2024;56;VRAI
322;27;01/04/2024;56;FAUX
323;27;01/07/2024;73;VRAI
324;27;01/10/2024;58;FAUX
325;28;01/01/2022;84;VRAI
326;28;01/04/2022;53;FAUX
327;28;01/07/2022;77;VRAI
328;28;01/10/2022;62;VRAI
329;28;01/01/2023;68;FAUX
330;28;01/04/2023;86;VRAI
331;28;01/07/2023;73;FAUX
332;28;01/10/2023;82;FAUX
333;28;01/01/2024;83;VRAI
334;28;01/04/2024;60;VRAI
335;28;01/07/2024;78;FAUX
336;28;01/10/2024;62;VRAI
337;29;01/01/2022;51;VRAI
338;29;01/04/2022;64;VRAI
339;29;01/07/2022;60;FAUX
340;29;01/10/2022;88;FAUX
341;29;01/01/2023;60;VRAI
342;29;01/04/2023;51;VRAI
343;29;01/07/2023;65;VRAI
344;29;01/10/2023;62;VRAI
345;29;01/01/2024;66;VRAI
346;29;01/04/2024;93;FAUX
347;29;01/07/2024;68;VRAI
348;29;01/10/2024;87;FAUX
349;30;01/01/2022;62;VRAI
350;30;01/04/2022;51;VRAI
351;30;01/07/2022;60;FAUX
352;30;01/10/2022;55;VRAI
353;30;01/01/2023;75;VRAI
354;30;01/04/2023;88;VRAI
355;30;01/07/2023;55;VRAI
356;30;01/10/2023;78;VRAI
357;30;01/01/2024;88;FAUX
358;30;01/04/2024;68;FAUX
359;30;01/07/2024;55;VRAI
360;30;01/10/2024;86;VRAI
361;31;01/01/2022;77;FAUX
362;31;01/04/2022;56;VRAI
363;31;01/07/2022;74;VRAI
364;31;01/10/2022;50;VRAI
365;31;01/01/2023;55;FAUX
366;31;01/04/2023;59;FAUX
367;31;01/07/2023;60;VRAI
368;31;01/10/2023;50;VRAI
369;31;01/01/2024;86;FAUX
370;31;01/04/2024;50;FAUX
371;31;01/07/2024;52;FAUX
372;31;01/10/2024;90;FAUX
373;32;01/01/2022;80;VRAI
374;32;01/04/2022;66;VRAI
375;32;01/07/2022;95;VRAI
376;32;01/10/2022;85;VRAI
377;32;01/01/2023;75;VRAI
378;32;01/04/2023;66;FAUX
379;32;01/07/2023;74;FAUX
380;32;01/10/2023;71;VRAI
381;32;01/01/2024;53;FAUX
382;32;01/04/2024;55;FAUX
383;32;01/07/2024;70;VRAI
384;32;01/10/2024;86;VRAI
385;33;01/01/2022;74;FAUX
386;33;01/04/2022;88;FAUX
387;33;01/07/2022;82;FAUX
388;33;01/10/2022;85;VRAI
389;33;01/01/2023;70;FAUX
390;33;01/04/2023;65;FAUX
391;33;01/07/2023;65;FAUX
392;33;01/10/2023;69;VRAI
393;33;01/01/2024;77;FAUX
394;33;01/04/2024;73;VRAI
395;33;01/07/2024;74;VRAI
396;33;01/10/2024;82;FAUX
397;34;01/01/2022;64;FAUX
398;34;01/04/2022;59;FAUX
399;34;01/07/2022;71;FAUX
400;34;01/10/2022;98;VRAI
401;34;01/01/2023;62;VRAI
402;34;01/04/2023;54;FAUX
403;34;01/07/2023;62;VRAI
404;34;01/10/2023;63;FAUX
405;34;01/01/2024;52;VRAI
406;34;01/04/2024;98;FAUX
407;34;01/07/2024;84;FAUX
408;34;01/10/2024;63;FAUX
409;35;01/01/2022;77;FAUX
410;35;01/04/2022;78;VRAI
411;35;01/07/2022;66;FAUX
412;35;01/10/2022;98;VRAI
413;35;01/01/2023;72;FAUX
414;35;01/04/2023;60;VRAI
415;35;01/07/2023;83;FAUX
416;35;01/10/2023;59;VRAI
417;35;01/01/2024;55;FAUX
418;35;01/04/2024;73;FAUX
419;35;01/07/2024;92;VRAI
420;35;01/10/2024;72;VRAI
421;36;01/01/2022;94;VRAI
422;36;01/04/2022;55;VRAI
423;36;01/07/2022;55;FAUX
424;36;01/10/2022;71;VRAI
425;36;01/01/2023;73;VRAI
426;36;01/04/2023;64;FAUX
427;36;01/07/2023;57;VRAI
428;36;01/10/2023;73;FAUX
429;36;01/01/2024;87;VRAI
430;36;01/04/2024;55;FAUX
431;36;01/07/2024;84;FAUX
432;36;01/10/2024;50;FAUX
433;37;01/01/2022;95;FAUX
434;37;01/04/2022;61;FAUX
435;37;01/07/2022;60;FAUX
436;37;01/10/2022;91;FAUX
437;37;01/01/2023;88;VRAI
438;37;01/04/2023;60;FAUX
439;37;01/07/2023;80;VRAI
440;37;01/10/2023;62;FAUX
441;37;01/01/2024;90;FAUX
442;37;01/04/2024;73;VRAI
443;37;01/07/2024;80;VRAI
444;37;01/10/2024;90;FAUX
445;38;01/01/2022;51;FAUX
446;38;01/04/2022;64;VRAI
447;38;01/07/2022;92;VRAI
448;38;01/10/2022;55;VRAI
449;38;01/01/2023;60;VRAI
450;38;01/04/2023;94;FAUX
451;38;01/07/2023;77;FAUX
452;38;01/10/2023;87;VRAI
453;38;01/01/2024;99;FAUX
454;38;01/04/2024;56;VRAI
455;38;01/07/2024;67;FAUX
456;38;01/10/2024;90;FAUX
457;39;01/01/2022;51;FAUX
458;39;01/04/2022;69;FAUX
459;39;01/07/2022;92;FAUX
460;39;01/10/2022;56;FAUX
461;39;01/01/2023;79;FAUX
462;39;01/04/2023;54;VRAI
463;39;01/07/2023;50;FAUX
464;39;01/10/2023;50;VRAI
465;39;01/01/2024;51;VRAI
466;39;01/04/2024;69;VRAI
467;39;01/07/2024;72;VRAI
468;39;01/10/2024;73;FAUX
469;40;01/01/2022;61;FAUX
470;40;01/04/2022;69;FAUX
471;40;01/07/2022;50;FAUX
472;40;01/10/2022;82;FAUX
473;40;01/01/2023;63;FAUX
474;40;01/04/2023;54;VRAI
475;40;01/07/2023;73;FAUX
476;40;01/10/2023;80;VRAI
477;40;01/01/2024;62;FAUX
478;40;01/04/2024;73;VRAI
479;40;01/07/2024;73;FAUX
480;40;01/10/2024;75;FAUX
481;41;01/01/2022;65;FAUX
482;41;01/04/2022;95;VRAI
483;41;01/07/2022;98;VRAI
484;41;01/10/2022;84;VRAI
485;41;01/01/2023;78;VRAI
486;41;01/04/2023;66;FAUX
487;41;01/07/2023;88;FAUX
488;41;01/10/2023;77;VRAI
489;41;01/01/2024;92;VRAI
490;41;01/04/2024;59;VRAI
491;41;01/07/2024;91;FAUX
492;41;01/10/2024;61;VRAI
493;42;01/01/2022;91;FAUX
494;42;01/04/2022;81;FAUX
495;42;01/07/2022;91;FAUX
496;42;01/10/2022;75;VRAI
497;42;01/01/2023;50;FAUX
498;42;01/04/2023;91;FAUX
499;42;01/07/2023;66;FAUX
500;42;01/10/2023;88;VRAI
501;42;01/01/2024;76;VRAI
502;42;01/04/2024;71;FAUX
503;42;01/07/2024;95;VRAI
504;42;01/10/2024;50;VRAI
505;43;01/01/2022;69;VRAI
506;43;01/04/2022;68;FAUX
507;43;01/07/2022;89;VRAI
508;43;01/10/2022;53;VRAI
509;43;01/01/2023;90;FAUX
510;43;01/04/2023;71;FAUX
511;43;01/07/2023;61;FAUX
512;43;01/10/2023;92;VRAI
513;43;01/01/2024;58;FAUX
514;43;01/04/2024;68;FAUX
515;43;01/07/2024;96;VRAI
516;43;01/10/2024;65;VRAI
517;44;01/01/2022;65;VRAI
518;44;01/04/2022;86;VRAI
519;44;01/07/2022;68;FAUX
520;44;01/10/2022;86;VRAI
521;44;01/01/2023;66;FAUX
522;44;01/04/2023;75;FAUX
523;44;01/07/2023;57;VRAI
524;44;01/10/2023;82;FAUX
525;44;01/01/2024;79;VRAI
526;44;01/04/2024;69;FAUX
527;44;01/07/2024;67;VRAI
528;44;01/10/2024;59;FAUX
529;45;01/01/2022;53;VRAI
530;45;01/04/2022;53;VRAI
531;45;01/07/2022;74;VRAI
532;45;01/10/2022;67;VRAI
533;45;01/01/2023;73;FAUX
534;45;01/04/2023;97;VRAI
535;45;01/07/2023;68;VRAI
536;45;01/10/2023;77;VRAI
537;45;01/01/2024;88;VRAI
538;45;01/04/2024;59;VRAI
539;45;01/07/2024;91;VRAI
540;45;01/10/2024;58;FAUX
541;46;01/01/2022;96;VRAI
542;46;01/04/2022;84;VRAI
543;46;01/07/2022;54;VRAI
544;46;01/10/2022;71;FAUX
545;46;01/01/2023;90;VRAI
546;46;01/04/2023;56;FAUX
547;46;01/07/2023;72;FAUX
548;46;01/10/2023;74;VRAI
549;46;01/01/2024;90;FAUX
550;46;01/04/2024;83;VRAI
551;46;01/07/2024;58;FAUX
552;46;01/10/2024;98;VRAI
553;47;01/01/2022;55;VRAI
554;47;01/04/2022;80;FAUX
555;47;01/07/2022;90;FAUX
556;47;01/10/2022;78;FAUX
557;47;01/01/2023;63;FAUX
558;47;01/04/2023;85;VRAI
559;47;01/07/2023;64;FAUX
560;47;01/10/2023;75;FAUX
561;47;01/01/2024;97;VRAI
562;47;01/04/2024;77;FAUX
563;47;01/07/2024;65;FAUX
564;47;01/10/2024;61;FAUX
565;48;01/01/2022;89;FAUX
566;48;01/04/2022;91;VRAI
567;48;01/07/2022;78;VRAI
568;48;01/10/2022;67;FAUX
569;48;01/01/2023;91;VRAI
570;48;01/04/2023;67;VRAI
571;48;01/07/2023;88;VRAI
572;48;01/10/2023;50;VRAI
573;48;01/01/2024;53;FAUX
574;48;01/04/2024;69;FAUX
575;48;01/07/2024;72;VRAI
576;48;01/10/2024;83;FAUX
577;49;01/01/2022;95;FAUX
578;49;01/04/2022;82;FAUX
579;49;01/07/2022;88;VRAI
580;49;01/10/2022;59;FAUX
581;49;01/01/2023;69;VRAI
582;49;01/04/2023;62;VRAI
583;49;01/07/2023;54;FAUX
584;49;01/10/2023;64;VRAI
585;49;01/01/2024;77;VRAI
586;49;01/04/2024;72;FAUX
587;49;01/07/2024;94;VRAI
588;49;01/10/2024;66;VRAI
589;50;01/01/2022;83;VRAI
590;50;01/04/2022;63;VRAI
591;50;01/07/2022;77;FAUX
592;50;01/10/2022;81;VRAI
593;50;01/01/2023;80;VRAI
594;50;01/04/2023;96;VRAI
595;50;01/07/2023;59;FAUX
596;50;01/10/2023;70;VRAI
597;50;01/01/2024;99;VRAI
598;50;01/04/2024;55;FAUX
599;50;01/07/2024;80;VRAI
600;50;01/10/2024;60;FAUX
601;51;01/01/2022;97;VRAI
602;51;01/04/2022;51;VRAI
603;51;01/07/2022;50;FAUX
604;51;01/10/2022;85;FAUX
605;51;01/01/2023;74;VRAI
606;51;01/04/2023;58;FAUX
607;51;01/07/2023;72;FAUX
608;51;01/10/2023;59;FAUX
609;51;01/01/2024;92;FAUX
610;51;01/04/2024;79;FAUX
611;51;01/07/2024;55;FAUX
612;51;01/10/2024;51;FAUX
613;52;01/01/2022;51;FAUX
614;52;01/04/2022;91;FAUX
615;52;01/07/2022;61;VRAI
616;52;01/10/2022;57;FAUX
617;52;01/01/2023;99;VRAI
618;52;01/04/2023;64;VRAI
619;52;01/07/2023;93;FAUX
620;52;01/10/2023;59;FAUX
621;52;01/01/2024;54;FAUX
622;52;01/04/2024;68;VRAI
623;52;01/07/2024;87;VRAI
624;52;01/10/2024;60;VRAI
625;53;01/01/2022;92;FAUX
626;53;01/04/2022;69;VRAI
627;53;01/07/2022;67;VRAI
628;53;01/10/2022;99;FAUX
629;53;01/01/2023;83;FAUX
630;53;01/04/2023;79;VRAI
631;53;01/07/2023;95;VRAI
632;53;01/10/2023;80;FAUX
633;53;01/01/2024;53;VRAI
634;53;01/04/2024;55;FAUX
635;53;01/07/2024;53;FAUX
636;53;01/10/2024;96;FAUX
637;54;01/01/2022;88;VRAI
638;54;01/04/2022;68;VRAI
639;54;01/07/2022;98;FAUX
640;54;01/10/2022;78;VRAI
641;54;01/01/2023;65;FAUX
642;54;01/04/2023;74;FAUX
643;54;01/07/2023;60;FAUX
644;54;01/10/2023;56;FAUX
645;54;01/01/2024;71;VRAI
646;54;01/04/2024;68;VRAI
647;54;01/07/2024;75;FAUX
648;54;01/10/2024;90;FAUX
649;55;01/01/2022;72;VRAI
650;55;01/04/2022;62;VRAI
651;55;01/07/2022;51;FAUX
652;55;01/10/2022;65;VRAI
653;55;01/01/2023;77;VRAI
654;55;01/04/2023;84;VRAI
655;55;01/07/2023;62;VRAI
656;55;01/10/2023;70;FAUX
657;55;01/01/2024;83;FAUX
658;55;01/04/2024;90;FAUX
659;55;01/07/2024;51;FAUX
660;55;01/10/2024;81;FAUX
661;56;01/01/2022;89;FAUX
662;56;01/04/2022;77;VRAI
663;56;01/07/2022;90;VRAI
664;56;01/10/2022;90;FAUX
665;56;01/01/2023;53;VRAI
666;56;01/04/2023;59;VRAI
667;56;01/07/2023;60;FAUX
668;56;01/10/2023;87;FAUX
669;56;01/01/2024;94;VRAI
670;56;01/04/2024;65;VRAI
671;56;01/07/2024;51;VRAI
672;56;01/10/2024;90;VRAI
673;57;01/01/2022;78;FAUX
674;57;01/04/2022;69;VRAI
675;57;01/07/2022;63;FAUX
676;57;01/10/2022;98;FAUX
677;57;01/01/2023;80;FAUX
678;57;01/04/2023;89;FAUX
679;57;01/07/2023;67;FAUX
680;57;01/10/2023;74;VRAI
681;57;01/01/2024;68;FAUX
682;57;01/04/2024;77;FAUX
683;57;01/07/2024;80;VRAI
684;57;01/10/2024;52;FAUX
685;58;01/01/2022;71;VRAI
686;58;01/04/2022;85;VRAI
687;58;01/07/2022;63;VRAI
688;58;01/10/2022;58;FAUX
689;58;01/01/2023;79;VRAI
690;58;01/04/2023;61;VRAI
691;58;01/07/2023;81;VRAI
692;58;01/10/2023;69;VRAI
693;58;01/01/2024;96;FAUX
694;58;01/04/2024;60;FAUX
695;58;01/07/2024;57;FAUX
696;58;01/10/2024;76;FAUX
697;59;01/01/2022;89;FAUX
698;59;01/04/2022;96;FAUX
699;59;01/07/2022;93;FAUX
700;59;01/10/2022;97;VRAI
701;59;01/01/2023;70;FAUX
702;59;01/04/2023;69;FAUX
703;59;01/07/2023;53;VRAI
704;59;01/10/2023;62;VRAI
705;59;01/01/2024;58;FAUX
706;59;01/04/2024;61;VRAI
707;59;01/07/2024;62;FAUX
708;59;01/10/2024;75;FAUX
709;60;01/01/2022;91;VRAI
710;60;01/04/2022;88;FAUX
711;60;01/07/2022;68;FAUX
712;60;01/10/2022;68;VRAI
713;60;01/01/2023;62;VRAI
714;60;01/04/2023;77;VRAI
715;60;01/07/2023;51;FAUX
716;60;01/10/2023;71;VRAI
717;60;01/01/2024;58;VRAI
718;60;01/04/2024;63;VRAI
719;60;01/07/2024;97;FAUX
720;60;01/10/2024;64;FAUX
721;61;01/01/2022;82;VRAI
722;61;01/04/2022;73;FAUX
723;61;01/07/2022;62;FAUX
724;61;01/10/2022;96;FAUX
725;61;01/01/2023;65;FAUX
726;61;01/04/2023;66;FAUX
727;61;01/07/2023;92;FAUX
728;61;01/10/2023;52;VRAI
729;61;01/01/2024;61;FAUX
730;61;01/04/2024;65;FAUX
731;61;01/07/2024;65;VRAI
732;61;01/10/2024;98;VRAI
733;62;01/01/2022;92;VRAI
734;62;01/04/2022;82;FAUX
735;62;01/07/2022;61;VRAI
736;62;01/10/2022;67;VRAI
737;62;01/01/2023;77;FAUX
738;62;01/04/2023;72;FAUX
739;62;01/07/2023;79;VRAI
740;62;01/10/2023;94;FAUX
741;62;01/01/2024;64;VRAI
742;62;01/04/2024;64;FAUX
743;62;01/07/2024;91;FAUX
744;62;01/10/2024;87;FAUX
745;63;01/01/2022;93;VRAI
746;63;01/04/2022;78;VRAI
747;63;01/07/2022;74;FAUX
748;63;01/10/2022;73;VRAI
749;63;01/01/2023;68;FAUX
750;63;01/04/2023;71;FAUX
751;63;01/07/2023;82;FAUX
752;63;01/10/2023;74;FAUX
753;63;01/01/2024;58;FAUX
754;63;01/04/2024;72;VRAI
755;63;01/07/2024;74;FAUX
756;63;01/10/2024;65;FAUX
757;64;01/01/2022;97;VRAI
758;64;01/04/2022;64;VRAI
759;64;01/07/2022;71;VRAI
760;64;01/10/2022;87;FAUX
761;64;01/01/2023;63;FAUX
762;64;01/04/2023;67;VRAI
763;64;01/07/2023;90;FAUX
764;64;01/10/2023;52;FAUX
765;64;01/01/2024;98;VRAI
766;64;01/04/2024;96;VRAI
767;64;01/07/2024;76;VRAI
768;64;01/10/2024;76;VRAI
769;65;01/01/2022;98;VRAI
770;65;01/04/2022;56;VRAI
771;65;01/07/2022;78;VRAI
772;65;01/10/2022;84;VRAI
773;65;01/01/2023;86;VRAI
774;65;01/04/2023;61;FAUX
775;65;01/07/2023;69;VRAI
776;65;01/10/2023;52;VRAI
777;65;01/01/2024;90;VRAI
778;65;01/04/2024;75;FAUX
779;65;01/07/2024;72;VRAI
780;65;01/10/2024;70;FAUX
781;66;01/01/2022;58;VRAI
782;66;01/04/2022;77;VRAI
783;66;01/07/2022;66;FAUX
784;66;01/10/2022;85;VRAI
785;66;01/01/2023;67;VRAI
786;66;01/04/2023;58;VRAI
787;66;01/07/2023;89;VRAI
788;66;01/10/2023;94;VRAI
789;66;01/01/2024;92;FAUX
790;66;01/04/2024;95;FAUX
791;66;01/07/2024;82;FAUX
792;66;01/10/2024;85;VRAI
793;67;01/01/2022;90;FAUX
794;67;01/04/2022;85;FAUX
795;67;01/07/2022;90;VRAI
796;67;01/10/2022;93;VRAI
797;67;01/01/2023;61;FAUX
798;67;01/04/2023;67;FAUX
799;67;01/07/2023;93;FAUX
800;67;01/10/2023;86;VRAI
801;67;01/01/2024;69;VRAI
802;67;01/04/2024;61;VRAI
803;67;01/07/2024;74;VRAI
804;67;01/10/2024;58;FAUX
805;68;01/01/2022;99;FAUX
806;68;01/04/2022;74;VRAI
807;68;01/07/2022;81;VRAI
808;68;01/10/2022;63;VRAI
809;68;01/01/2023;66;VRAI
810;68;01/04/2023;57;VRAI
811;68;01/07/2023;54;VRAI
812;68;01/10/2023;84;VRAI
813;68;01/01/2024;72;VRAI
814;68;01/04/2024;79;FAUX
815;68;01/07/2024;65;VRAI
816;68;01/10/2024;51;FAUX
817;69;01/01/2022;95;VRAI
818;69;01/04/2022;75;FAUX
819;69;01/07/2022;74;FAUX
820;69;01/10/2022;64;FAUX
821;69;01/01/2023;96;FAUX
822;69;01/04/2023;65;FAUX
823;69;01/07/2023;78;FAUX
824;69;01/10/2023;96;VRAI
825;69;01/01/2024;64;VRAI
826;69;01/04/2024;57;FAUX
827;69;01/07/2024;51;VRAI
828;69;01/10/2024;59;VRAI
829;70;01/01/2022;72;VRAI
830;70;01/04/2022;57;FAUX
831;70;01/07/2022;72;FAUX
832;70;01/10/2022;63;VRAI
833;70;01/01/2023;91;VRAI
834;70;01/04/2023;50;FAUX
835;70;01/07/2023;81;VRAI
836;70;01/10/2023;98;FAUX
837;70;01/01/2024;66;VRAI
838;70;01/04/2024;72;FAUX
839;70;01/07/2024;81;FAUX
840;70;01/10/2024;64;VRAI
841;71;01/01/2022;51;FAUX
842;71;01/04/2022;68;FAUX
843;71;01/07/2022;94;FAUX
844;71;01/10/2022;60;VRAI
845;71;01/01/2023;71;VRAI
846;71;01/04/2023;59;VRAI
847;71;01/07/2023;76;FAUX
848;71;01/10/2023;58;FAUX
849;71;01/01/2024;77;VRAI
850;71;01/04/2024;66;VRAI
851;71;01/07/2024;93;FAUX
852;71;01/10/2024;86;FAUX
853;72;01/01/2022;78;FAUX
854;72;01/04/2022;96;FAUX
855;72;01/07/2022;88;VRAI
856;72;01/10/2022;55;FAUX
857;72;01/01/2023;61;VRAI
858;72;01/04/2023;63;FAUX
859;72;01/07/2023;59;FAUX
860;72;01/10/2023;69;VRAI
861;72;01/01/2024;80;VRAI
862;72;01/04/2024;90;FAUX
863;72;01/07/2024;59;FAUX
864;72;01/10/2024;88;FAUX
865;73;01/01/2022;79;VRAI
866;73;01/04/2022;52;FAUX
867;73;01/07/2022;92;VRAI
868;73;01/10/2022;70;FAUX
869;73;01/01/2023;86;FAUX
870;73;01/04/2023;61;FAUX
871;73;01/07/2023;96;VRAI
872;73;01/10/2023;88;FAUX
873;73;01/01/2024;77;VRAI
874;73;01/04/2024;94;VRAI
875;73;01/07/2024;89;FAUX
876;73;01/10/2024;71;FAUX
877;74;01/01/2022;75;FAUX
878;74;01/04/2022;82;FAUX
879;74;01/07/2022;71;VRAI
880;74;01/10/2022;99;VRAI
881;74;01/01/2023;67;VRAI
882;74;01/04/2023;99;FAUX
883;74;01/07/2023;57;FAUX
884;74;01/10/2023;79;VRAI
885;74;01/01/2024;72;FAUX
886;74;01/04/2024;71;FAUX
887;74;01/07/2024;92;VRAI
888;74;01/10/2024;94;VRAI
889;75;01/01/2022;80;VRAI
890;75;01/04/2022;58;VRAI
891;75;01/07/2022;52;VRAI
892;75;01/10/2022;82;VRAI
893;75;01/01/2023;80;FAUX
894;75;01/04/2023;83;FAUX
895;75;01/07/2023;84;VRAI
896;75;01/10/2023;81;FAUX
897;75;01/01/2024;94;VRAI
898;75;01/04/2024;82;FAUX
899;75;01/07/2024;68;VRAI
900;75;01/10/2024;77;VRAI
901;76;01/01/2022;70;FAUX
902;76;01/04/2022;83;FAUX
903;76;01/07/2022;64;FAUX
904;76;01/10/2022;68;VRAI
905;76;01/01/2023;64;FAUX
906;76;01/04/2023;58;VRAI
907;76;01/07/2023;69;FAUX
908;76;01/10/2023;87;FAUX
909;76;01/01/2024;67;FAUX
910;76;01/04/2024;58;FAUX
911;76;01/07/2024;55;FAUX
912;76;01/10/2024;77;FAUX
913;77;01/01/2022;73;VRAI
914;77;01/04/2022;62;VRAI
915;77;01/07/2022;61;VRAI
916;77;01/10/2022;68;VRAI
917;77;01/01/2023;76;FAUX
918;77;01/04/2023;68;FAUX
919;77;01/07/2023;75;VRAI
920;77;01/10/2023;77;FAUX
921;77;01/01/2024;67;FAUX
922;77;01/04/2024;85;FAUX
923;77;01/07/2024;78;VRAI
924;77;01/10/2024;53;FAUX
925;78;01/01/2022;94;VRAI
926;78;01/04/2022;78;FAUX
927;78;01/07/2022;59;VRAI
928;78;01/10/2022;80;VRAI
929;78;01/01/2023;96;FAUX
930;78;01/04/2023;74;VRAI
931;78;01/07/2023;55;FAUX
932;78;01/10/2023;57;VRAI
933;78;01/01/2024;76;VRAI
934;78;01/04/2024;67;FAUX
935;78;01/07/2024;50;VRAI
936;78;01/10/2024;97;VRAI
937;79;01/01/2022;52;VRAI
938;79;01/04/2022;53;VRAI
939;79;01/07/2022;86;VRAI
940;79;01/10/2022;64;FAUX
941;79;01/01/2023;87;FAUX
942;79;01/04/2023;68;FAUX
943;79;01/07/2023;96;FAUX
944;79;01/10/2023;88;FAUX
945;79;01/01/2024;87;FAUX
946;79;01/04/2024;98;VRAI
947;79;01/07/2024;68;FAUX
948;79;01/10/2024;54;VRAI
949;80;01/01/2022;80;VRAI
950;80;01/04/2022;68;VRAI
951;80;01/07/2022;88;FAUX
952;80;01/10/2022;83;VRAI
953;80;01/01/2023;72;FAUX
954;80;01/04/2023;94;FAUX
955;80;01/07/2023;55;FAUX
956;80;01/10/2023;90;FAUX
957;80;01/01/2024;76;VRAI
958;80;01/04/2024;54;VRAI
959;80;01/07/2024;66;FAUX
960;80;01/10/2024;56;VRAI
961;81;01/01/2022;96;VRAI
962;81;01/04/2022;64;FAUX
963;81;01/07/2022;62;VRAI
964;81;01/10/2022;94;FAUX
965;81;01/01/2023;71;FAUX
966;81;01/04/2023;73;VRAI
967;81;01/07/2023;58;FAUX
968;81;01/10/2023;53;VRAI
969;81;01/01/2024;95;FAUX
970;81;01/04/2024;67;VRAI
971;81;01/07/2024;65;VRAI
972;81;01/10/2024;78;VRAI
973;82;01/01/2022;59;VRAI
974;82;01/04/2022;80;FAUX
975;82;01/07/2022;52;FAUX
976;82;01/10/2022;63;FAUX
977;82;01/01/2023;74;VRAI
978;82;01/04/2023;51;FAUX
979;82;01/07/2023;63;FAUX
980;82;01/10/2023;97;VRAI
981;82;01/01/2024;85;FAUX
982;82;01/04/2024;73;VRAI
983;82;01/07/2024;86;FAUX
984;82;01/10/2024;79;VRAI
985;83;01/01/2022;88;VRAI
986;83;01/04/2022;64;FAUX
987;83;01/07/2022;50;FAUX
988;83;01/10/2022;53;VRAI
989;83;01/01/2023;50;VRAI
990;83;01/04/2023;99;FAUX
991;83;01/07/2023;71;VRAI
992;83;01/10/2023;59;VRAI
993;83;01/01/2024;66;FAUX
994;83;01/04/2024;96;FAUX
995;83;01/07/2024;97;VRAI
996;83;01/10/2024;62;VRAI
997;84;01/01/2022;60;VRAI
998;84;01/04/2022;55;VRAI
999;84;01/07/2022;55;VRAI
1000;84;01/10/2022;71;FAUX
1001;84;01/01/2023;80;FAUX
1002;84;01/04/2023;86;VRAI
1003;84;01/07/2023;76;FAUX
1004;84;01/10/2023;63;FAUX
1005;84;01/01/2024;96;FAUX
1006;84;01/04/2024;54;FAUX
1007;84;01/07/2024;85;FAUX
1008;84;01/10/2024;83;FAUX
1009;85;01/01/2022;56;FAUX
1010;85;01/04/2022;97;FAUX
1011;85;01/07/2022;99;VRAI
1012;85;01/10/2022;79;VRAI
1013;85;01/01/2023;62;VRAI
1014;85;01/04/2023;50;VRAI
1015;85;01/07/2023;82;FAUX
1016;85;01/10/2023;74;FAUX
1017;85;01/01/2024;62;VRAI
1018;85;01/04/2024;77;VRAI
1019;85;01/07/2024;86;VRAI
1020;85;01/10/2024;90;FAUX
1021;86;01/01/2022;98;FAUX
1022;86;01/04/2022;57;VRAI
1023;86;01/07/2022;96;FAUX
1024;86;01/10/2022;50;FAUX
1025;86;01/01/2023;54;FAUX
1026;86;01/04/2023;55;VRAI
1027;86;01/07/2023;50;VRAI
1028;86;01/10/2023;50;FAUX
1029;86;01/01/2024;91;FAUX
1030;86;01/04/2024;52;VRAI
1031;86;01/07/2024;68;FAUX
1032;86;01/10/2024;92;VRAI
1033;87;01/01/2022;99;FAUX
1034;87;01/04/2022;58;FAUX
1035;87;01/07/2022;66;FAUX
1036;87;01/10/2022;95;FAUX
1037;87;01/01/2023;66;VRAI
1038;87;01/04/2023;61;FAUX
1039;87;01/07/2023;69;FAUX
1040;87;01/10/2023;52;VRAI
1041;87;01/01/2024;99;FAUX
1042;87;01/04/2024;66;FAUX
1043;87;01/07/2024;86;FAUX
1044;87;01/10/2024;91;VRAI
1045;88;01/01/2022;82;FAUX
1046;88;01/04/2022;60;VRAI
1047;88;01/07/2022;69;FAUX
1048;88;01/10/2022;73;VRAI
1049;88;01/01/2023;65;FAUX
1050;88;01/04/2023;83;VRAI
1051;88;01/07/2023;73;FAUX
1052;88;01/10/2023;58;FAUX
1053;88;01/01/2024;61;VRAI
1054;88;01/04/2024;74;FAUX
1055;88;01/07/2024;64;FAUX
1056;88;01/10/2024;76;FAUX
1057;89;01/01/2022;59;VRAI
1058;89;01/04/2022;80;VRAI
1059;89;01/07/2022;61;FAUX
1060;89;01/10/2022;80;FAUX
1061;89;01/01/2023;81;VRAI
1062;89;01/04/2023;94;VRAI
1063;89;01/07/2023;95;VRAI
1064;89;01/10/2023;59;FAUX
1065;89;01/01/2024;56;FAUX
1066;89;01/04/2024;76;FAUX
1067;89;01/07/2024;74;VRAI
1068;89;01/10/2024;60;FAUX
1069;90;01/01/2022;69;FAUX
1070;90;01/04/2022;66;VRAI
1071;90;01/07/2022;60;FAUX
1072;90;01/10/2022;84;VRAI
1073;90;01/01/2023;87;FAUX
1074;90;01/04/2023;92;FAUX
1075;90;01/07/2023;76;VRAI
1076;90;01/10/2023;95;VRAI
1077;90;01/01/2024;84;FAUX
1078;90;01/04/2024;65;FAUX
1079;90;01/07/2024;70;FAUX
1080;90;01/10/2024;85;VRAI
1081;91;01/01/2022;66;VRAI
1082;91;01/04/2022;75;FAUX
1083;91;01/07/2022;77;VRAI
1084;91;01/10/2022;93;FAUX
1085;91;01/01/2023;92;VRAI
1086;91;01/04/2023;51;VRAI
1087;91;01/07/2023;89;FAUX
1088;91;01/10/2023;70;VRAI
1089;91;01/01/2024;58;VRAI
1090;91;01/04/2024;60;VRAI
1091;91;01/07/2024;65;FAUX
1092;91;01/10/2024;51;FAUX
1093;92;01/01/2022;93;FAUX
1094;92;01/04/2022;92;FAUX
1095;92;01/07/2022;91;VRAI
1096;92;01/10/2022;66;VRAI
1097;92;01/01/2023;73;VRAI
1098;92;01/04/2023;79;FAUX
1099;92;01/07/2023;62;VRAI
1100;92;01/10/2023;56;VRAI
1101;92;01/01/2024;68;VRAI
1102;92;01/04/2024;89;FAUX
1103;92;01/07/2024;67;VRAI
1104;92;01/10/2024;72;FAUX
1105;93;01/01/2022;99;FAUX
1106;93;01/04/2022;60;VRAI
1107;93;01/07/2022;82;FAUX
1108;93;01/10/2022;65;VRAI
1109;93;01/01/2023;82;FAUX
1110;93;01/04/2023;56;FAUX
1111;93;01/07/2023;80;VRAI
1112;93;01/10/2023;97;FAUX
1113;93;01/01/2024;95;VRAI
1114;93;01/04/2024;63;FAUX
1115;93;01/07/2024;92;FAUX
1116;93;01/10/2024;68;VRAI
1117;94;01/01/2022;75;FAUX
1118;94;01/04/2022;92;VRAI
1119;94;01/07/2022;58;FAUX
1120;94;01/10/2022;66;VRAI
1121;94;01/01/2023;61;VRAI
1122;94;01/04/2023;54;VRAI
1123;94;01/07/2023;85;VRAI
1124;94;01/10/2023;85;VRAI
1125;94;01/01/2024;73;VRAI
1126;94;01/04/2024;66;VRAI
1127;94;01/07/2024;75;FAUX
1128;94;01/10/2024;94;FAUX
1129;95;01/01/2022;50;VRAI
1130;95;01/04/2022;68;VRAI
1131;95;01/07/2022;67;VRAI
1132;95;01/10/2022;52;VRAI
1133;95;01/01/2023;98;FAUX
1134;95;01/04/2023;81;FAUX
1135;95;01/07/2023;89;VRAI
1136;95;01/10/2023;54;FAUX
1137;95;01/01/2024;77;VRAI
1138;95;01/04/2024;53;VRAI
1139;95;01/07/2024;66;FAUX
1140;95;01/10/2024;52;FAUX
1141;96;01/01/2022;96;FAUX
1142;96;01/04/2022;72;FAUX
1143;96;01/07/2022;50;VRAI
1144;96;01/10/2022;80;VRAI
1145;96;01/01/2023;93;VRAI
1146;96;01/04/2023;52;VRAI
1147;96;01/07/2023;86;VRAI
1148;96;01/10/2023;78;VRAI
1149;96;01/01/2024;82;FAUX
1150;96;01/04/2024;78;FAUX
1151;96;01/07/2024;75;FAUX
1152;96;01/10/2024;98;FAUX
1153;97;01/01/2022;99;VRAI
1154;97;01/04/2022;82;FAUX
1155;97;01/07/2022;97;VRAI
1156;97;01/10/2022;72;VRAI
1157;97;01/01/2023;90;VRAI
1158;97;01/04/2023;53;VRAI
1159;97;01/07/2023;86;VRAI
1160;97;01/10/2023;80;VRAI
1161;97;01/01/2024;75;VRAI
1162;97;01/04/2024;84;FAUX
1163;97;01/07/2024;73;VRAI
1164;97;01/10/2024;90;VRAI
1165;98;01/01/2022;96;VRAI
1166;98;01/04/2022;52;VRAI
1167;98;01/07/2022;68;FAUX
1168;98;01/10/2022;98;FAUX
1169;98;01/01/2023;63;VRAI
1170;98;01/04/2023;63;FAUX
1171;98;01/07/2023;65;VRAI
1172;98;01/10/2023;62;FAUX
1173;98;01/01/2024;98;FAUX
1174;98;01/04/2024;87;VRAI
1175;98;01/07/2024;82;VRAI
1176;98;01/10/2024;78;VRAI
1177;99;01/01/2022;55;VRAI
1178;99;01/04/2022;65;VRAI
1179;99;01/07/2022;74;FAUX
1180;99;01/10/2022;95;VRAI
1181;99;01/01/2023;62;FAUX
1182;99;01/04/2023;59;FAUX
1183;99;01/07/2023;59;VRAI
1184;99;01/10/2023;80;VRAI
1185;99;01/01/2024;52;VRAI
1186;99;01/04/2024;99;FAUX
1187;99;01/07/2024;83;VRAI
1188;99;01/10/2024;77;VRAI
1189;100;01/01/2022;72;VRAI
1190;100;01/04/2022;81;VRAI
1191;100;01/07/2022;82;FAUX
1192;100;01/10/2022;82;FAUX
1193;100;01/01/2023;54;FAUX
1194;100;01/04/2023;52;VRAI
1195;100;01/07/2023;56;FAUX
1196;100;01/10/2023;71;VRAI
1197;100;01/01/2024;72;FAUX
1198;100;01/04/2024;67;FAUX
1199;100;01/07/2024;56;VRAI
1200;100;01/10/2024;54;VRAI
1201;101;01/01/2022;77;VRAI
1202;101;01/04/2022;57;VRAI
1203;101;01/07/2022;53;FAUX
1204;101;01/10/2022;54;VRAI
1205;101;01/01/2023;54;FAUX
1206;101;01/04/2023;83;FAUX
1207;101;01/07/2023;75;VRAI
1208;101;01/10/2023;53;VRAI
1209;101;01/01/2024;75;VRAI
1210;101;01/04/2024;82;FAUX
1211;101;01/07/2024;69;FAUX
1212;101;01/10/2024;70;VRAI
1213;102;01/01/2022;75;VRAI
1214;102;01/04/2022;67;FAUX
1215;102;01/07/2022;80;FAUX
1216;102;01/10/2022;91;FAUX
1217;102;01/01/2023;50;FAUX
1218;102;01/04/2023;58;VRAI
1219;102;01/07/2023;75;VRAI
1220;102;01/10/2023;91;VRAI
1221;102;01/01/2024;65;FAUX
1222;102;01/04/2024;99;FAUX
1223;102;01/07/2024;52;FAUX
1224;102;01/10/2024;82;FAUX
1225;103;01/01/2022;73;VRAI
1226;103;01/04/2022;62;FAUX
1227;103;01/07/2022;56;FAUX
1228;103;01/10/2022;70;VRAI
1229;103;01/01/2023;74;VRAI
1230;103;01/04/2023;71;VRAI
1231;103;01/07/2023;82;FAUX
1232;103;01/10/2023;70;VRAI
1233;103;01/01/2024;69;FAUX
1234;103;01/04/2024;91;VRAI
1235;103;01/07/2024;58;VRAI
1236;103;01/10/2024;74;VRAI
1237;104;01/01/2022;51;VRAI
1238;104;01/04/2022;95;FAUX
1239;104;01/07/2022;91;VRAI
1240;104;01/10/2022;91;VRAI
1241;104;01/01/2023;55;VRAI
1242;104;01/04/2023;74;FAUX
1243;104;01/07/2023;53;FAUX
1244;104;01/10/2023;69;VRAI
1245;104;01/01/2024;72;VRAI
1246;104;01/04/2024;67;FAUX
1247;104;01/07/2024;85;FAUX
1248;104;01/10/2024;57;VRAI
1249;105;01/01/2022;80;VRAI
1250;105;01/04/2022;94;VRAI
1251;105;01/07/2022;82;VRAI
1252;105;01/10/2022;94;FAUX
1253;105;01/01/2023;71;FAUX
1254;105;01/04/2023;75;FAUX
1255;105;01/07/2023;73;FAUX
1256;105;01/10/2023;84;VRAI
1257;105;01/01/2024;81;VRAI
1258;105;01/04/2024;82;VRAI
1259;105;01/07/2024;61;VRAI
1260;105;01/10/2024;73;FAUX
1261;106;01/01/2022;81;VRAI
1262;106;01/04/2022;87;FAUX
1263;106;01/07/2022;71;FAUX
1264;106;01/10/2022;68;FAUX
1265;106;01/01/2023;69;FAUX
1266;106;01/04/2023;63;VRAI
1267;106;01/07/2023;59;FAUX
1268;106;01/10/2023;53;VRAI
1269;106;01/01/2024;77;VRAI
1270;106;01/04/2024;92;FAUX
1271;106;01/07/2024;82;FAUX
1272;106;01/10/2024;68;VRAI
1273;107;01/01/2022;71;VRAI
1274;107;01/04/2022;58;VRAI
1275;107;01/07/2022;76;VRAI
1276;107;01/10/2022;93;VRAI
1277;107;01/01/2023;94;FAUX
1278;107;01/04/2023;65;FAUX
1279;107;01/07/2023;82;VRAI
1280;107;01/10/2023;61;FAUX
1281;107;01/01/2024;90;VRAI
1282;107;01/04/2024;54;VRAI
1283;107;01/07/2024;65;FAUX
1284;107;01/10/2024;98;FAUX
1285;108;01/01/2022;50;VRAI
1286;108;01/04/2022;57;VRAI
1287;108;01/07/2022;74;FAUX
1288;108;01/10/2022;54;VRAI
1289;108;01/01/2023;89;VRAI
1290;108;01/04/2023;67;FAUX
1291;108;01/07/2023;80;VRAI
1292;108;01/10/2023;96;FAUX
1293;108;01/01/2024;88;FAUX
1294;108;01/04/2024;65;VRAI
1295;108;01/07/2024;87;VRAI
1296;108;01/10/2024;56;FAUX
1297;109;01/01/2022;92;VRAI
1298;109;01/04/2022;97;VRAI
1299;109;01/07/2022;81;FAUX
1300;109;01/10/2022;71;VRAI
1301;109;01/01/2023;65;FAUX
1302;109;01/04/2023;78;FAUX
1303;109;01/07/2023;61;VRAI
1304;109;01/10/2023;86;FAUX
1305;109;01/01/2024;76;VRAI
1306;109;01/04/2024;62;FAUX
1307;109;01/07/2024;54;FAUX
1308;109;01/10/2024;90;VRAI
1309;110;01/01/2022;84;VRAI
1310;110;01/04/2022;71;FAUX
1311;110;01/07/2022;93;VRAI
1312;110;01/10/2022;90;FAUX
1313;110;01/01/2023;99;VRAI
1314;110;01/04/2023;88;VRAI
1315;110;01/07/2023;85;VRAI
1316;110;01/10/2023;66;FAUX
1317;110;01/01/2024;83;FAUX
1318;110;01/04/2024;52;VRAI
1319;110;01/07/2024;63;VRAI
1320;110;01/10/2024;72;VRAI
1321;111;01/01/2022;79;FAUX
1322;111;01/04/2022;94;VRAI
1323;111;01/07/2022;72;VRAI
1324;111;01/10/2022;59;VRAI
1325;111;01/01/2023;62;FAUX
1326;111;01/04/2023;90;FAUX
1327;111;01/07/2023;86;VRAI
1328;111;01/10/2023;71;FAUX
1329;111;01/01/2024;66;VRAI
1330;111;01/04/2024;85;VRAI
1331;111;01/07/2024;58;FAUX
1332;111;01/10/2024;51;FAUX
1333;112;01/01/2022;99;VRAI
1334;112;01/04/2022;71;VRAI
1335;112;01/07/2022;62;FAUX
1336;112;01/10/2022;50;VRAI
1337;112;01/01/2023;61;FAUX
1338;112;01/04/2023;62;VRAI
1339;112;01/07/2023;90;VRAI
1340;112;01/10/2023;56;VRAI
1341;112;01/01/2024;73;VRAI
1342;112;01/04/2024;54;VRAI
1343;112;01/07/2024;66;FAUX
1344;112;01/10/2024;58;FAUX
1345;113;01/01/2022;74;VRAI
1346;113;01/04/2022;65;VRAI
1347;113;01/07/2022;51;FAUX
1348;113;01/10/2022;65;VRAI
1349;113;01/01/2023;64;VRAI
1350;113;01/04/2023;62;FAUX
1351;113;01/07/2023;94;VRAI
1352;113;01/10/2023;95;FAUX
1353;113;01/01/2024;92;FAUX
1354;113;01/04/2024;85;FAUX
1355;113;01/07/2024;59;VRAI
1356;113;01/10/2024;82;VRAI
1357;114;01/01/2022;54;VRAI
1358;114;01/04/2022;50;VRAI
1359;114;01/07/2022;89;VRAI
1360;114;01/10/2022;52;VRAI
1361;114;01/01/2023;85;VRAI
1362;114;01/04/2023;64;FAUX
1363;114;01/07/2023;52;VRAI
1364;114;01/10/2023;79;VRAI
1365;114;01/01/2024;67;VRAI
1366;114;01/04/2024;92;VRAI
1367;114;01/07/2024;87;FAUX
1368;114;01/10/2024;50;VRAI
1369;115;01/01/2022;59;FAUX
1370;115;01/04/2022;80;VRAI
1371;115;01/07/2022;52;FAUX
1372;115;01/10/2022;92;VRAI
1373;115;01/01/2023;82;VRAI
1374;115;01/04/2023;92;VRAI
1375;115;01/07/2023;94;FAUX
1376;115;01/10/2023;65;FAUX
1377;115;01/01/2024;82;FAUX
1378;115;01/04/2024;62;VRAI
1379;115;01/07/2024;54;VRAI
1380;115;01/10/2024;63;VRAI
1381;116;01/01/2022;72;FAUX
1382;116;01/04/2022;89;FAUX
1383;116;01/07/2022;88;FAUX
1384;116;01/10/2022;68;VRAI
1385;116;01/01/2023;53;FAUX
1386;116;01/04/2023;68;VRAI
1387;116;01/07/2023;80;VRAI
1388;116;01/10/2023;62;FAUX
1389;116;01/01/2024;95;FAUX
1390;116;01/04/2024;59;FAUX
1391;116;01/07/2024;80;VRAI
1392;116;01/10/2024;72;VRAI
1393;117;01/01/2022;55;FAUX
1394;117;01/04/2022;51;VRAI
1395;117;01/07/2022;62;VRAI
1396;117;01/10/2022;99;FAUX
1397;117;01/01/2023;68;VRAI
1398;117;01/04/2023;89;FAUX
1399;117;01/07/2023;71;FAUX
1400;117;01/10/2023;78;FAUX
1401;117;01/01/2024;89;FAUX
1402;117;01/04/2024;97;VRAI
1403;117;01/07/2024;60;VRAI
1404;117;01/10/2024;92;FAUX
1405;118;01/01/2022;57;FAUX
1406;118;01/04/2022;53;VRAI
1407;118;01/07/2022;57;VRAI
1408;118;01/10/2022;75;FAUX
1409;118;01/01/2023;65;VRAI
1410;118;01/04/2023;55;VRAI
1411;118;01/07/2023;70;FAUX
1412;118;01/10/2023;68;FAUX
1413;118;01/01/2024;57;FAUX
1414;118;01/04/2024;73;FAUX
1415;118;01/07/2024;93;VRAI
1416;118;01/10/2024;75;VRAI
1417;119;01/01/2022;81;FAUX
1418;119;01/04/2022;90;FAUX
1419;119;01/07/2022;74;FAUX
1420;119;01/10/2022;93;VRAI
1421;119;01/01/2023;51;FAUX
1422;119;01/04/2023;50;FAUX
1423;119;01/07/2023;61;VRAI
1424;119;01/10/2023;85;VRAI
1425;119;01/01/2024;77;FAUX
1426;119;01/04/2024;82;FAUX
1427;119;01/07/2024;95;FAUX
1428;119;01/10/2024;74;VRAI
1429;120;01/01/2022;67;FAUX
1430;120;01/04/2022;67;FAUX
1431;120;01/07/2022;65;VRAI
1432;120;01/10/2022;97;FAUX
1433;120;01/01/2023;62;VRAI
1434;120;01/04/2023;92;FAUX
1435;120;01/07/2023;56;VRAI
1436;120;01/10/2023;99;FAUX
1437;120;01/01/2024;71;VRAI
1438;120;01/04/2024;62;VRAI
1439;120;01/07/2024;72;FAUX
1440;120;01/10/2024;78;FAUX
1441;121;01/01/2022;50;VRAI
1442;121;01/04/2022;97;VRAI
1443;121;01/07/2022;84;VRAI
1444;121;01/10/2022;59;VRAI
1445;121;01/01/2023;86;VRAI
1446;121;01/04/2023;95;VRAI
1447;121;01/07/2023;94;VRAI
1448;121;01/10/2023;59;FAUX
1449;121;01/01/2024;55;FAUX
1450;121;01/04/2024;85;VRAI
1451;121;01/07/2024;93;FAUX
1452;121;01/10/2024;96;FAUX
1453;122;01/01/2022;56;FAUX
1454;122;01/04/2022;72;VRAI
1455;122;01/07/2022;95;FAUX
1456;122;01/10/2022;62;VRAI
1457;122;01/01/2023;70;VRAI
1458;122;01/04/2023;68;VRAI
1459;122;01/07/2023;82;FAUX
1460;122;01/10/2023;91;VRAI
1461;122;01/01/2024;76;FAUX
1462;122;01/04/2024;90;VRAI
1463;122;01/07/2024;77;FAUX
1464;122;01/10/2024;55;VRAI
1465;123;01/01/2022;93;VRAI
1466;123;01/04/2022;82;FAUX
1467;123;01/07/2022;73;VRAI
1468;123;01/10/2022;90;FAUX
1469;123;01/01/2023;62;VRAI
1470;123;01/04/2023;61;VRAI
1471;123;01/07/2023;86;VRAI
1472;123;01/10/2023;77;FAUX
1473;123;01/01/2024;79;FAUX
1474;123;01/04/2024;93;VRAI
1475;123;01/07/2024;84;FAUX
1476;123;01/10/2024;88;VRAI
1477;124;01/01/2022;67;VRAI
1478;124;01/04/2022;74;FAUX
1479;124;01/07/2022;80;VRAI
1480;124;01/10/2022;51;VRAI
1481;124;01/01/2023;88;VRAI
1482;124;01/04/2023;92;VRAI
1483;124;01/07/2023;81;FAUX
1484;124;01/10/2023;66;FAUX
1485;124;01/01/2024;88;VRAI
1486;124;01/04/2024;91;FAUX
1487;124;01/07/2024;84;FAUX
1488;124;01/10/2024;61;VRAI
1489;125;01/01/2022;60;VRAI
1490;125;01/04/2022;93;VRAI
1491;125;01/07/2022;53;VRAI
1492;125;01/10/2022;97;FAUX
1493;125;01/01/2023;69;FAUX
1494;125;01/04/2023;80;FAUX
1495;125;01/07/2023;87;VRAI
1496;125;01/10/2023;96;VRAI
1497;125;01/01/2024;52;VRAI
1498;125;01/04/2024;71;FAUX
1499;125;01/07/2024;66;FAUX
1500;125;01/10/2024;63;VRAI
1501;126;01/01/2022;84;FAUX
1502;126;01/04/2022;62;VRAI
1503;126;01/07/2022;92;FAUX
1504;126;01/10/2022;96;VRAI
1505;126;01/01/2023;65;FAUX
1506;126;01/04/2023;56;VRAI
1507;126;01/07/2023;85;VRAI
1508;126;01/10/2023;79;FAUX
1509;126;01/01/2024;90;VRAI
1510;126;01/04/2024;64;FAUX
1511;126;01/07/2024;89;VRAI
1512;126;01/10/2024;92;VRAI
1513;127;01/01/2022;51;FAUX
1514;127;01/04/2022;97;VRAI
1515;127;01/07/2022;62;FAUX
1516;127;01/10/2022;90;VRAI
1517;127;01/01/2023;92;VRAI
1518;127;01/04/2023;80;FAUX
1519;127;01/07/2023;91;VRAI
1520;127;01/10/2023;93;VRAI
1521;127;01/01/2024;55;FAUX
1522;127;01/04/2024;81;FAUX
1523;127;01/07/2024;59;FAUX
1524;127;01/10/2024;67;FAUX
1525;128;01/01/2022;58;VRAI
1526;128;01/04/2022;99;FAUX
1527;128;01/07/2022;92;VRAI
1528;128;01/10/2022;90;FAUX
1529;128;01/01/2023;52;VRAI
1530;128;01/04/2023;51;VRAI
1531;128;01/07/2023;95;VRAI
1532;128;01/10/2023;99;FAUX
1533;128;01/01/2024;71;FAUX
1534;128;01/04/2024;55;FAUX
1535;128;01/07/2024;75;VRAI
1536;128;01/10/2024;75;VRAI
1537;129;01/01/2022;73;FAUX
1538;129;01/04/2022;84;VRAI
1539;129;01/07/2022;62;FAUX
1540;129;01/10/2022;84;FAUX
1541;129;01/01/2023;64;VRAI
1542;129;01/04/2023;67;VRAI
1543;129;01/07/2023;86;FAUX
1544;129;01/10/2023;97;VRAI
1545;129;01/01/2024;90;VRAI
1546;129;01/04/2024;84;FAUX
1547;129;01/07/2024;94;FAUX
1548;129;01/10/2024;84;FAUX
1549;130;01/01/2022;88;VRAI
1550;130;01/04/2022;87;VRAI
1551;130;01/07/2022;61;VRAI
1552;130;01/10/2022;70;FAUX
1553;130;01/01/2023;84;FAUX
1554;130;01/04/2023;82;VRAI
1555;130;01/07/2023;68;VRAI
1556;130;01/10/2023;72;VRAI
1557;130;01/01/2024;93;VRAI
1558;130;01/04/2024;78;FAUX
1559;130;01/07/2024;65;VRAI
1560;130;01/10/2024;72;FAUX
1561;131;01/01/2022;96;FAUX
1562;131;01/04/2022;92;FAUX
1563;131;01/07/2022;87;VRAI
1564;131;01/10/2022;52;VRAI
1565;131;01/01/2023;50;VRAI
1566;131;01/04/2023;50;VRAI
1567;131;01/07/2023;81;VRAI
1568;131;01/10/2023;78;FAUX
1569;131;01/01/2024;72;VRAI
1570;131;01/04/2024;92;VRAI
1571;131;01/07/2024;87;VRAI
1572;131;01/10/2024;56;FAUX
1573;132;01/01/2022;80;FAUX
1574;132;01/04/2022;69;VRAI
1575;132;01/07/2022;66;FAUX
1576;132;01/10/2022;52;VRAI
1577;132;01/01/2023;99;VRAI
1578;132;01/04/2023;96;FAUX
1579;132;01/07/2023;82;FAUX
1580;132;01/10/2023;63;FAUX
1581;132;01/01/2024;54;VRAI
1582;132;01/04/2024;94;FAUX
1583;132;01/07/2024;64;FAUX
1584;132;01/10/2024;82;VRAI
1585;133;01/01/2022;68;VRAI
1586;133;01/04/2022;62;VRAI
1587;133;01/07/2022;55;VRAI
1588;133;01/10/2022;65;FAUX
1589;133;01/01/2023;72;FAUX
1590;133;01/04/2023;59;FAUX
1591;133;01/07/2023;90;VRAI
1592;133;01/10/2023;98;VRAI
1593;133;01/01/2024;98;FAUX
1594;133;01/04/2024;93;VRAI
1595;133;01/07/2024;79;FAUX
1596;133;01/10/2024;95;FAUX
1597;134;01/01/2022;68;VRAI
1598;134;01/04/2022;51;FAUX
1599;134;01/07/2022;68;VRAI
1600;134;01/10/2022;75;VRAI
1601;134;01/01/2023;96;FAUX
1602;134;01/04/2023;87;VRAI
1603;134;01/07/2023;87;VRAI
1604;134;01/10/2023;65;FAUX
1605;134;01/01/2024;80;FAUX
1606;134;01/04/2024;56;FAUX
1607;134;01/07/2024;92;FAUX
1608;134;01/10/2024;56;FAUX
1609;135;01/01/2022;78;FAUX
1610;135;01/04/2022;88;FAUX
1611;135;01/07/2022;78;FAUX
1612;135;01/10/2022;54;VRAI
1613;135;01/01/2023;78;FAUX
1614;135;01/04/2023;79;VRAI
1615;135;01/07/2023;75;VRAI
1616;135;01/10/2023;75;VRAI
1617;135;01/01/2024;76;FAUX
1618;135;01/04/2024;79;VRAI
1619;135;01/07/2024;92;VRAI
1620;135;01/10/2024;98;VRAI
1621;136;01/01/2022;58;VRAI
1622;136;01/04/2022;90;FAUX
1623;136;01/07/2022;62;VRAI
1624;136;01/10/2022;54;VRAI
1625;136;01/01/2023;84;VRAI
1626;136;01/04/2023;76;FAUX
1627;136;01/07/2023;81;FAUX
1628;136;01/10/2023;59;VRAI
1629;136;01/01/2024;78;VRAI
1630;136;01/04/2024;57;VRAI
1631;136;01/07/2024;80;VRAI
1632;136;01/10/2024;79;FAUX
1633;137;01/01/2022;70;FAUX
1634;137;01/04/2022;60;FAUX
1635;137;01/07/2022;99;VRAI
1636;137;01/10/2022;51;FAUX
1637;137;01/01/2023;52;FAUX
1638;137;01/04/2023;53;VRAI
1639;137;01/07/2023;99;FAUX
1640;137;01/10/2023;74;FAUX
1641;137;01/01/2024;67;FAUX
1642;137;01/04/2024;60;VRAI
1643;137;01/07/2024;66;FAUX
1644;137;01/10/2024;72;FAUX
1645;138;01/01/2022;97;FAUX
1646;138;01/04/2022;94;FAUX
1647;138;01/07/2022;73;VRAI
1648;138;01/10/2022;76;FAUX
1649;138;01/01/2023;63;FAUX
1650;138;01/04/2023;98;VRAI
1651;138;01/07/2023;85;VRAI
1652;138;01/10/2023;93;FAUX
1653;138;01/01/2024;57;FAUX
1654;138;01/04/2024;55;VRAI
1655;138;01/07/2024;59;FAUX
1656;138;01/10/2024;70;FAUX
1657;139;01/01/2022;59;VRAI
1658;139;01/04/2022;52;FAUX
1659;139;01/07/2022;69;FAUX
1660;139;01/10/2022;78;VRAI
1661;139;01/01/2023;95;FAUX
1662;139;01/04/2023;86;FAUX
1663;139;01/07/2023;57;VRAI
1664;139;01/10/2023;55;VRAI
1665;139;01/01/2024;93;FAUX
1666;139;01/04/2024;91;VRAI
1667;139;01/07/2024;78;VRAI
1668;139;01/10/2024;70;FAUX
1669;140;01/01/2022;52;FAUX
1670;140;01/04/2022;73;VRAI
1671;140;01/07/2022;87;FAUX
1672;140;01/10/2022;76;FAUX
1673;140;01/01/2023;56;VRAI
1674;140;01/04/2023;50;FAUX
1675;140;01/07/2023;99;FAUX
1676;140;01/10/2023;64;VRAI
1677;140;01/01/2024;82;FAUX
1678;140;01/04/2024;86;VRAI
1679;140;01/07/2024;80;VRAI
1680;140;01/10/2024;50;FAUX
1681;141;01/01/2022;61;VRAI
1682;141;01/04/2022;68;VRAI
1683;141;01/07/2022;81;VRAI
1684;141;01/10/2022;61;VRAI
1685;141;01/01/2023;62;FAUX
1686;141;01/04/2023;50;VRAI
1687;141;01/07/2023;55;FAUX
1688;141;01/10/2023;53;VRAI
1689;141;01/01/2024;74;FAUX
1690;141;01/04/2024;77;VRAI
1691;141;01/07/2024;72;FAUX
1692;141;01/10/2024;53;FAUX
1693;142;01/01/2022;96;VRAI
1694;142;01/04/2022;70;VRAI
1695;142;01/07/2022;90;FAUX
1696;142;01/10/2022;56;VRAI
1697;142;01/01/2023;65;VRAI
1698;142;01/04/2023;69;FAUX
1699;142;01/07/2023;72;FAUX
1700;142;01/10/2023;60;FAUX
1701;142;01/01/2024;82;FAUX
1702;142;01/04/2024;51;VRAI
1703;142;01/07/2024;72;VRAI
1704;142;01/10/2024;71;FAUX
1705;143;01/01/2022;83;FAUX
1706;143;01/04/2022;64;FAUX
1707;143;01/07/2022;64;FAUX
1708;143;01/10/2022;78;VRAI
1709;143;01/01/2023;72;VRAI
1710;143;01/04/2023;66;FAUX
1711;143;01/07/2023;58;FAUX
1712;143;01/10/2023;85;VRAI
1713;143;01/01/2024;65;FAUX
1714;143;01/04/2024;97;VRAI
1715;143;01/07/2024;82;VRAI
1716;143;01/10/2024;80;FAUX
1717;144;01/01/2022;59;FAUX
1718;144;01/04/2022;53;FAUX
1719;144;01/07/2022;71;VRAI
1720;144;01/10/2022;65;FAUX
1721;144;01/01/2023;78;FAUX
1722;144;01/04/2023;75;VRAI
1723;144;01/07/2023;73;VRAI
1724;144;01/10/2023;52;FAUX
1725;144;01/01/2024;59;VRAI
1726;144;01/04/2024;50;FAUX
1727;144;01/07/2024;92;FAUX
1728;144;01/10/2024;61;FAUX
1729;145;01/01/2022;74;FAUX
1730;145;01/04/2022;92;FAUX
1731;145;01/07/2022;77;VRAI
1732;145;01/10/2022;59;VRAI
1733;145;01/01/2023;85;FAUX
1734;145;01/04/2023;75;VRAI
1735;145;01/07/2023;99;FAUX
1736;145;01/10/2023;65;FAUX
1737;145;01/01/2024;92;FAUX
1738;145;01/04/2024;66;FAUX
1739;145;01/07/2024;71;FAUX
1740;145;01/10/2024;68;FAUX
1741;146;01/01/2022;88;VRAI
1742;146;01/04/2022;68;FAUX
1743;146;01/07/2022;74;FAUX
1744;146;01/10/2022;67;VRAI
1745;146;01/01/2023;70;VRAI
1746;146;01/04/2023;88;VRAI
1747;146;01/07/2023;53;VRAI
1748;146;01/10/2023;81;FAUX
1749;146;01/01/2024;94;VRAI
1750;146;01/04/2024;75;VRAI
1751;146;01/07/2024;85;VRAI
1752;146;01/10/2024;83;VRAI
1753;147;01/01/2022;61;FAUX
1754;147;01/04/2022;87;VRAI
1755;147;01/07/2022;54;FAUX
1756;147;01/10/2022;71;VRAI
1757;147;01/01/2023;53;VRAI
1758;147;01/04/2023;58;VRAI
1759;147;01/07/2023;71;VRAI
1760;147;01/10/2023;59;FAUX
1761;147;01/01/2024;91;VRAI
1762;147;01/04/2024;91;VRAI
1763;147;01/07/2024;59;FAUX
1764;147;01/10/2024;98;VRAI
1765;148;01/01/2022;55;VRAI
1766;148;01/04/2022;96;VRAI
1767;148;01/07/2022;99;VRAI
1768;148;01/10/2022;53;FAUX
1769;148;01/01/2023;97;FAUX
1770;148;01/04/2023;84;FAUX
1771;148;01/07/2023;83;FAUX
1772;148;01/10/2023;55;VRAI
1773;148;01/01/2024;95;FAUX
1774;148;01/04/2024;68;FAUX
1775;148;01/07/2024;74;VRAI
1776;148;01/10/2024;98;VRAI
1777;149;01/01/2022;66;VRAI
1778;149;01/04/2022;79;VRAI
1779;149;01/07/2022;80;VRAI
1780;149;01/10/2022;84;VRAI
1781;149;01/01/2023;50;FAUX
1782;149;01/04/2023;77;FAUX
1783;149;01/07/2023;75;FAUX
1784;149;01/10/2023;68;VRAI
1785;149;01/01/2024;55;VRAI
1786;149;01/04/2024;57;VRAI
1787;149;01/07/2024;92;VRAI
1788;149;01/10/2024;73;VRAI
1789;150;01/01/2022;96;VRAI
1790;150;01/04/2022;92;VRAI
1791;150;01/07/2022;78;VRAI
1792;150;01/10/2022;59;FAUX
1793;150;01/01/2023;61;VRAI
1794;150;01/04/2023;56;VRAI
1795;150;01/07/2023;59;VRAI
1796;150;01/10/2023;55;VRAI
1797;150;01/01/2024;99;VRAI
1798;150;01/04/2024;67;FAUX
1799;150;01/07/2024;75;VRAI
1800;150;01/10/2024;65;FAUX
1801;151;01/01/2022;73;VRAI
1802;151;01/04/2022;78;FAUX
1803;151;01/07/2022;73;FAUX
1804;151;01/10/2022;60;FAUX
1805;151;01/01/2023;55;VRAI
1806;151;01/04/2023;84;VRAI
1807;151;01/07/2023;67;VRAI
1808;151;01/10/2023;62;FAUX
1809;151;01/01/2024;86;FAUX
1810;151;01/04/2024;95;VRAI
1811;151;01/07/2024;50;VRAI
1812;151;01/10/2024;74;FAUX
1813;152;01/01/2022;88;FAUX
1814;152;01/04/2022;69;VRAI
1815;152;01/07/2022;65;VRAI
1816;152;01/10/2022;78;FAUX
1817;152;01/01/2023;61;VRAI
1818;152;01/04/2023;97;FAUX
1819;152;01/07/2023;75;FAUX
1820;152;01/10/2023;68;FAUX
1821;152;01/01/2024;96;FAUX
1822;152;01/04/2024;70;FAUX
1823;152;01/07/2024;83;VRAI
1824;152;01/10/2024;94;VRAI
1825;153;01/01/2022;64;VRAI
1826;153;01/04/2022;75;VRAI
1827;153;01/07/2022;74;FAUX
1828;153;01/10/2022;64;FAUX
1829;153;01/01/2023;55;FAUX
1830;153;01/04/2023;64;FAUX
1831;153;01/07/2023;70;VRAI
1832;153;01/10/2023;78;FAUX
1833;153;01/01/2024;81;FAUX
1834;153;01/04/2024;54;FAUX
1835;153;01/07/2024;53;FAUX
1836;153;01/10/2024;67;VRAI
1837;154;01/01/2022;66;FAUX
1838;154;01/04/2022;99;FAUX
1839;154;01/07/2022;73;FAUX
1840;154;01/10/2022;62;FAUX
1841;154;01/01/2023;64;VRAI
1842;154;01/04/2023;52;VRAI
1843;154;01/07/2023;86;VRAI
1844;154;01/10/2023;52;VRAI
1845;154;01/01/2024;84;FAUX
1846;154;01/04/2024;72;FAUX
1847;154;01/07/2024;77;FAUX
1848;154;01/10/2024;79;FAUX
1849;155;01/01/2022;85;VRAI
1850;155;01/04/2022;75;FAUX
1851;155;01/07/2022;89;VRAI
1852;155;01/10/2022;89;VRAI
1853;155;01/01/2023;57;FAUX
1854;155;01/04/2023;80;VRAI
1855;155;01/07/2023;61;FAUX
1856;155;01/10/2023;80;FAUX
1857;155;01/01/2024;68;VRAI
1858;155;01/04/2024;59;VRAI
1859;155;01/07/2024;61;FAUX
1860;155;01/10/2024;86;FAUX
1861;156;01/01/2022;90;VRAI
1862;156;01/04/2022;63;VRAI
1863;156;01/07/2022;56;VRAI
1864;156;01/10/2022;59;VRAI
1865;156;01/01/2023;58;FAUX
1866;156;01/04/2023;97;FAUX
1867;156;01/07/2023;68;FAUX
1868;156;01/10/2023;80;VRAI
1869;156;01/01/2024;58;VRAI
1870;156;01/04/2024;82;FAUX
1871;156;01/07/2024;94;FAUX
1872;156;01/10/2024;58;VRAI
1873;157;01/01/2022;65;VRAI
1874;157;01/04/2022;88;FAUX
1875;157;01/07/2022;99;VRAI
1876;157;01/10/2022;60;VRAI
1877;157;01/01/2023;61;VRAI
1878;157;01/04/2023;91;VRAI
1879;157;01/07/2023;61;VRAI
1880;157;01/10/2023;70;FAUX
1881;157;01/01/2024;69;FAUX
1882;157;01/04/2024;85;FAUX
1883;157;01/07/2024;73;VRAI
1884;157;01/10/2024;86;VRAI
1885;158;01/01/2022;61;FAUX
1886;158;01/04/2022;84;VRAI
1887;158;01/07/2022;89;FAUX
1888;158;01/10/2022;51;FAUX
1889;158;01/01/2023;90;VRAI
1890;158;01/04/2023;88;FAUX
1891;158;01/07/2023;58;FAUX
1892;158;01/10/2023;71;VRAI
1893;158;01/01/2024;54;FAUX
1894;158;01/04/2024;50;FAUX
1895;158;01/07/2024;71;FAUX
1896;158;01/10/2024;68;FAUX
1897;159;01/01/2022;80;VRAI
1898;159;01/04/2022;52;VRAI
1899;159;01/07/2022;91;VRAI
1900;159;01/10/2022;67;FAUX
1901;159;01/01/2023;62;FAUX
1902;159;01/04/2023;67;VRAI
1903;159;01/07/2023;72;VRAI
1904;159;01/10/2023;74;VRAI
1905;159;01/01/2024;93;VRAI
1906;159;01/04/2024;76;FAUX
1907;159;01/07/2024;88;VRAI
1908;159;01/10/2024;73;FAUX
1909;160;01/01/2022;58;FAUX
1910;160;01/04/2022;86;FAUX
1911;160;01/07/2022;68;VRAI
1912;160;01/10/2022;65;FAUX
1913;160;01/01/2023;93;VRAI
1914;160;01/04/2023;85;FAUX
1915;160;01/07/2023;88;VRAI
1916;160;01/10/2023;55;VRAI
1917;160;01/01/2024;63;VRAI
1918;160;01/04/2024;94;FAUX
1919;160;01/07/2024;99;VRAI
1920;160;01/10/2024;53;FAUX
1921;161;01/01/2022;73;VRAI
1922;161;01/04/2022;66;FAUX
1923;161;01/07/2022;70;VRAI
1924;161;01/10/2022;75;VRAI
1925;161;01/01/2023;97;FAUX
1926;161;01/04/2023;94;VRAI
1927;161;01/07/2023;65;VRAI
1928;161;01/10/2023;75;VRAI
1929;161;01/01/2024;82;VRAI
1930;161;01/04/2024;97;VRAI
1931;161;01/07/2024;55;FAUX
1932;161;01/10/2024;57;VRAI
1933;162;01/01/2022;83;FAUX
1934;162;01/04/2022;63;FAUX
1935;162;01/07/2022;92;FAUX
1936;162;01/10/2022;58;FAUX
1937;162;01/01/2023;66;FAUX
1938;162;01/04/2023;55;VRAI
1939;162;01/07/2023;92;VRAI
1940;162;01/10/2023;78;FAUX
1941;162;01/01/2024;74;VRAI
1942;162;01/04/2024;73;VRAI
1943;162;01/07/2024;65;FAUX
1944;162;01/10/2024;65;FAUX
1945;163;01/01/2022;86;VRAI
1946;163;01/04/2022;53;FAUX
1947;163;01/07/2022;77;FAUX
1948;163;01/10/2022;90;FAUX
1949;163;01/01/2023;66;FAUX
1950;163;01/04/2023;56;FAUX
1951;163;01/07/2023;50;VRAI
1952;163;01/10/2023;80;FAUX
1953;163;01/01/2024;64;FAUX
1954;163;01/04/2024;84;FAUX
1955;163;01/07/2024;79;FAUX
1956;163;01/10/2024;91;VRAI
1957;164;01/01/2022;76;FAUX
1958;164;01/04/2022;84;VRAI
1959;164;01/07/2022;57;VRAI
1960;164;01/10/2022;67;VRAI
1961;164;01/01/2023;94;FAUX
1962;164;01/04/2023;72;FAUX
1963;164;01/07/2023;98;FAUX
1964;164;01/10/2023;80;FAUX
1965;164;01/01/2024;71;FAUX
1966;164;01/04/2024;77;FAUX
1967;164;01/07/2024;62;VRAI
1968;164;01/10/2024;93;VRAI
1969;165;01/01/2022;95;VRAI
1970;165;01/04/2022;94;FAUX
1971;165;01/07/2022;73;VRAI
1972;165;01/10/2022;68;FAUX
1973;165;01/01/2023;58;FAUX
1974;165;01/04/2023;85;FAUX
1975;165;01/07/2023;89;VRAI
1976;165;01/10/2023;78;FAUX
1977;165;01/01/2024;97;VRAI
1978;165;01/04/2024;54;VRAI
1979;165;01/07/2024;91;VRAI
1980;165;01/10/2024;94;VRAI
1981;166;01/01/2022;75;FAUX
1982;166;01/04/2022;88;VRAI
1983;166;01/07/2022;55;VRAI
1984;166;01/10/2022;86;VRAI
1985;166;01/01/2023;67;VRAI
1986;166;01/04/2023;93;FAUX
1987;166;01/07/2023;50;FAUX
1988;166;01/10/2023;93;VRAI
1989;166;01/01/2024;84;VRAI
1990;166;01/04/2024;76;FAUX
1991;166;01/07/2024;75;FAUX
1992;166;01/10/2024;57;FAUX
1993;167;01/01/2022;92;FAUX
1994;167;01/04/2022;90;VRAI
1995;167;01/07/2022;81;VRAI
1996;167;01/10/2022;69;FAUX
1997;167;01/01/2023;81;FAUX
1998;167;01/04/2023;96;FAUX
1999;167;01/07/2023;85;FAUX
2000;167;01/10/2023;54;VRAI
2001;167;01/01/2024;81;FAUX
2002;167;01/04/2024;50;VRAI
2003;167;01/07/2024;60;VRAI
2004;167;01/10/2024;57;VRAI
2005;168;01/01/2022;89;FAUX
2006;168;01/04/2022;73;FAUX
2007;168;01/07/2022;63;VRAI
2008;168;01/10/2022;52;FAUX
2009;168;01/01/2023;76;FAUX
2010;168;01/04/2023;96;VRAI
2011;168;01/07/2023;76;VRAI
2012;168;01/10/2023;94;VRAI
2013;168;01/01/2024;77;VRAI
2014;168;01/04/2024;91;VRAI
2015;168;01/07/2024;93;FAUX
2016;168;01/10/2024;82;FAUX
2017;169;01/01/2022;63;FAUX
2018;169;01/04/2022;97;FAUX
2019;169;01/07/2022;50;FAUX
2020;169;01/10/2022;67;VRAI
2021;169;01/01/2023;64;FAUX
2022;169;01/04/2023;98;VRAI
2023;169;01/07/2023;62;VRAI
2024;169;01/10/2023;64;VRAI
2025;169;01/01/2024;84;FAUX
2026;169;01/04/2024;82;FAUX
2027;169;01/07/2024;57;VRAI
2028;169;01/10/2024;72;VRAI
2029;170;01/01/2022;80;FAUX
2030;170;01/04/2022;98;FAUX
2031;170;01/07/2022;63;VRAI
2032;170;01/10/2022;79;VRAI
2033;170;01/01/2023;88;VRAI
2034;170;01/04/2023;76;VRAI
2035;170;01/07/2023;65;VRAI
2036;170;01/10/2023;55;VRAI
2037;170;01/01/2024;82;FAUX
2038;170;01/04/2024;67;FAUX
2039;170;01/07/2024;61;FAUX
2040;170;01/10/2024;94;FAUX
2041;171;01/01/2022;89;VRAI
2042;171;01/04/2022;78;FAUX
2043;171;01/07/2022;75;FAUX
2044;171;01/10/2022;82;FAUX
2045;171;01/01/2023;88;VRAI
2046;171;01/04/2023;78;FAUX
2047;171;01/07/2023;94;VRAI
2048;171;01/10/2023;58;FAUX
2049;171;01/01/2024;64;FAUX
2050;171;01/04/2024;62;VRAI
2051;171;01/07/2024;93;VRAI
2052;171;01/10/2024;56;FAUX
2053;172;01/01/2022;86;VRAI
2054;172;01/04/2022;63;FAUX
2055;172;01/07/2022;61;FAUX
2056;172;01/10/2022;89;VRAI
2057;172;01/01/2023;89;VRAI
2058;172;01/04/2023;78;FAUX
2059;172;01/07/2023;76;VRAI
2060;172;01/10/2023;83;FAUX
2061;172;01/01/2024;73;VRAI
2062;172;01/04/2024;82;VRAI
2063;172;01/07/2024;50;VRAI
2064;172;01/10/2024;52;FAUX
2065;173;01/01/2022;64;VRAI
2066;173;01/04/2022;65;FAUX
2067;173;01/07/2022;78;VRAI
2068;173;01/10/2022;55;VRAI
2069;173;01/01/2023;66;VRAI
2070;173;01/04/2023;71;FAUX
2071;173;01/07/2023;66;VRAI
2072;173;01/10/2023;99;VRAI
2073;173;01/01/2024;56;FAUX
2074;173;01/04/2024;88;VRAI
2075;173;01/07/2024;93;FAUX
2076;173;01/10/2024;70;FAUX
2077;174;01/01/2022;84;FAUX
2078;174;01/04/2022;64;VRAI
2079;174;01/07/2022;62;VRAI
2080;174;01/10/2022;61;FAUX
2081;174;01/01/2023;70;VRAI
2082;174;01/04/2023;55;VRAI
2083;174;01/07/2023;75;FAUX
2084;174;01/10/2023;97;FAUX
2085;174;01/01/2024;58;VRAI
2086;174;01/04/2024;53;VRAI
2087;174;01/07/2024;80;VRAI
2088;174;01/10/2024;89;VRAI
2089;175;01/01/2022;88;VRAI
2090;175;01/04/2022;84;VRAI
2091;175;01/07/2022;92;VRAI
2092;175;01/10/2022;86;VRAI
2093;175;01/01/2023;91;VRAI
2094;175;01/04/2023;77;VRAI
2095;175;01/07/2023;63;FAUX
2096;175;01/10/2023;69;FAUX
2097;175;01/01/2024;61;VRAI
2098;175;01/04/2024;73;FAUX
2099;175;01/07/2024;54;FAUX
2100;175;01/10/2024;79;FAUX
2101;176;01/01/2022;92;FAUX
2102;176;01/04/2022;56;FAUX
2103;176;01/07/2022;87;FAUX
2104;176;01/10/2022;64;FAUX
2105;176;01/01/2023;72;FAUX
2106;176;01/04/2023;78;FAUX
2107;176;01/07/2023;97;VRAI
2108;176;01/10/2023;78;VRAI
2109;176;01/01/2024;92;FAUX
2110;176;01/04/2024;98;VRAI
2111;176;01/07/2024;64;FAUX
2112;176;01/10/2024;91;FAUX
2113;177;01/01/2022;65;VRAI
2114;177;01/04/2022;91;VRAI
2115;177;01/07/2022;53;VRAI
2116;177;01/10/2022;72;VRAI
2117;177;01/01/2023;90;VRAI
2118;177;01/04/2023;58;VRAI
2119;177;01/07/2023;92;VRAI
2120;177;01/10/2023;56;VRAI
2121;177;01/01/2024;91;FAUX
2122;177;01/04/2024;54;VRAI
2123;177;01/07/2024;60;VRAI
2124;177;01/10/2024;90;FAUX
2125;178;01/01/2022;65;VRAI
2126;178;01/04/2022;79;FAUX
2127;178;01/07/2022;51;FAUX
2128;178;01/10/2022;52;FAUX
2129;178;01/01/2023;70;FAUX
2130;178;01/04/2023;92;VRAI
2131;178;01/07/2023;67;FAUX
2132;178;01/10/2023;54;VRAI
2133;178;01/01/2024;69;FAUX
2134;178;01/04/2024;75;FAUX
2135;178;01/07/2024;68;VRAI
2136;178;01/10/2024;58;FAUX
2137;179;01/01/2022;80;VRAI
2138;179;01/04/2022;66;VRAI
2139;179;01/07/2022;72;FAUX
2140;179;01/10/2022;90;VRAI
2141;179;01/01/2023;54;VRAI
2142;179;01/04/2023;96;VRAI
2143;179;01/07/2023;68;FAUX
2144;179;01/10/2023;52;FAUX
2145;179;01/01/2024;53;FAUX
2146;179;01/04/2024;80;VRAI
2147;179;01/07/2024;94;VRAI
2148;179;01/10/2024;60;VRAI
2149;180;01/01/2022;50;VRAI
2150;180;01/04/2022;66;FAUX
2151;180;01/07/2022;50;VRAI
2152;180;01/10/2022;96;FAUX
2153;180;01/01/2023;80;FAUX
2154;180;01/04/2023;72;FAUX
2155;180;01/07/2023;59;FAUX
2156;180;01/10/2023;93;VRAI
2157;180;01/01/2024;71;VRAI
2158;180;01/04/2024;90;FAUX
2159;180;01/07/2024;59;FAUX
2160;180;01/10/2024;90;VRAI
2161;181;01/01/2022;72;VRAI
2162;181;01/04/2022;50;FAUX
2163;181;01/07/2022;68;FAUX
2164;181;01/10/2022;63;FAUX
2165;181;01/01/2023;87;FAUX
2166;181;01/04/2023;75;VRAI
2167;181;01/07/2023;78;VRAI
2168;181;01/10/2023;95;VRAI
2169;181;01/01/2024;50;FAUX
2170;181;01/04/2024;92;FAUX
2171;181;01/07/2024;52;VRAI
2172;181;01/10/2024;67;FAUX
2173;182;01/01/2022;83;FAUX
2174;182;01/04/2022;78;VRAI
2175;182;01/07/2022;75;VRAI
2176;182;01/10/2022;57;VRAI
2177;182;01/01/2023;96;FAUX
2178;182;01/04/2023;71;VRAI
2179;182;01/07/2023;82;FAUX
2180;182;01/10/2023;94;FAUX
2181;182;01/01/2024;84;VRAI
2182;182;01/04/2024;52;VRAI
2183;182;01/07/2024;59;VRAI
2184;182;01/10/2024;64;VRAI
2185;183;01/01/2022;96;FAUX
2186;183;01/04/2022;73;VRAI
2187;183;01/07/2022;81;VRAI
2188;183;01/10/2022;53;VRAI
2189;183;01/01/2023;58;VRAI
2190;183;01/04/2023;98;FAUX
2191;183;01/07/2023;86;FAUX
2192;183;01/10/2023;56;VRAI
2193;183;01/01/2024;61;VRAI
2194;183;01/04/2024;60;FAUX
2195;183;01/07/2024;93;FAUX
2196;183;01/10/2024;63;FAUX
2197;184;01/01/2022;83;VRAI
2198;184;01/04/2022;53;FAUX
2199;184;01/07/2022;75;FAUX
2200;184;01/10/2022;59;VRAI
2201;184;01/01/2023;51;VRAI
2202;184;01/04/2023;68;FAUX
2203;184;01/07/2023;68;VRAI
2204;184;01/10/2023;57;FAUX
2205;184;01/01/2024;59;VRAI
2206;184;01/04/2024;87;VRAI
2207;184;01/07/2024;64;VRAI
2208;184;01/10/2024;72;FAUX
2209;185;01/01/2022;95;VRAI
2210;185;01/04/2022;77;FAUX
2211;185;01/07/2022;59;VRAI
2212;185;01/10/2022;53;VRAI
2213;185;01/01/2023;51;VRAI
2214;185;01/04/2023;56;VRAI
2215;185;01/07/2023;65;VRAI
2216;185;01/10/2023;59;VRAI
2217;185;01/01/2024;77;VRAI
2218;185;01/04/2024;77;VRAI
2219;185;01/07/2024;86;VRAI
2220;185;01/10/2024;69;VRAI
2221;186;01/01/2022;62;VRAI
2222;186;01/04/2022;60;FAUX
2223;186;01/07/2022;64;VRAI
2224;186;01/10/2022;99;FAUX
2225;186;01/01/2023;68;FAUX
2226;186;01/04/2023;71;FAUX
2227;186;01/07/2023;86;VRAI
2228;186;01/10/2023;83;VRAI
2229;186;01/01/2024;93;FAUX
2230;186;01/04/2024;89;VRAI
2231;186;01/07/2024;61;FAUX
2232;186;01/10/2024;77;FAUX
2233;187;01/01/2022;71;VRAI
2234;187;01/04/2022;75;VRAI
2235;187;01/07/2022;56;FAUX
2236;187;01/10/2022;57;FAUX
2237;187;01/01/2023;61;VRAI
2238;187;01/04/2023;66;FAUX
2239;187;01/07/2023;90;FAUX
2240;187;01/10/2023;71;FAUX
2241;187;01/01/2024;87;VRAI
2242;187;01/04/2024;82;FAUX
2243;187;01/07/2024;93;VRAI
2244;187;01/10/2024;62;VRAI
2245;188;01/01/2022;64;FAUX
2246;188;01/04/2022;79;VRAI
2247;188;01/07/2022;89;VRAI
2248;188;01/10/2022;83;FAUX
2249;188;01/01/2023;83;FAUX
2250;188;01/04/2023;97;VRAI
2251;188;01/07/2023;84;FAUX
2252;188;01/10/2023;68;FAUX
2253;188;01/01/2024;88;VRAI
2254;188;01/04/2024;93;VRAI
2255;188;01/07/2024;77;VRAI
2256;188;01/10/2024;97;VRAI
2257;189;01/01/2022;85;VRAI
2258;189;01/04/2022;73;VRAI
2259;189;01/07/2022;51;VRAI
2260;189;01/10/2022;93;VRAI
2261;189;01/01/2023;79;FAUX
2262;189;01/04/2023;93;FAUX
2263;189;01/07/2023;98;FAUX
2264;189;01/10/2023;73;FAUX
2265;189;01/01/2024;60;VRAI
2266;189;01/04/2024;76;FAUX
2267;189;01/07/2024;59;FAUX
2268;189;01/10/2024;57;FAUX
2269;190;01/01/2022;69;FAUX
2270;190;01/04/2022;58;VRAI
2271;190;01/07/2022;63;FAUX
2272;190;01/10/2022;51;VRAI
2273;190;01/01/2023;92;FAUX
2274;190;01/04/2023;62;VRAI
2275;190;01/07/2023;96;FAUX
2276;190;01/10/2023;84;VRAI
2277;190;01/01/2024;95;FAUX
2278;190;01/04/2024;64;FAUX
2279;190;01/07/2024;61;FAUX
2280;190;01/10/2024;85;VRAI
2281;191;01/01/2022;54;VRAI
2282;191;01/04/2022;96;VRAI
2283;191;01/07/2022;51;FAUX
2284;191;01/10/2022;86;FAUX
2285;191;01/01/2023;66;FAUX
2286;191;01/04/2023;77;VRAI
2287;191;01/07/2023;59;VRAI
2288;191;01/10/2023;85;FAUX
2289;191;01/01/2024;74;FAUX
2290;191;01/04/2024;97;VRAI
2291;191;01/07/2024;96;FAUX
2292;191;01/10/2024;70;FAUX
2293;192;01/01/2022;77;VRAI
2294;192;01/04/2022;75;VRAI
2295;192;01/07/2022;71;VRAI
2296;192;01/10/2022;50;VRAI
2297;192;01/01/2023;62;VRAI
2298;192;01/04/2023;95;VRAI
2299;192;01/07/2023;66;VRAI
2300;192;01/10/2023;70;VRAI
2301;192;01/01/2024;88;VRAI
2302;192;01/04/2024;71;FAUX
2303;192;01/07/2024;55;VRAI
2304;192;01/10/2024;65;FAUX
2305;193;01/01/2022;54;VRAI
2306;193;01/04/2022;95;FAUX
2307;193;01/07/2022;63;FAUX
2308;193;01/10/2022;91;FAUX
2309;193;01/01/2023;75;VRAI
2310;193;01/04/2023;94;VRAI
2311;193;01/07/2023;68;VRAI
2312;193;01/10/2023;57;VRAI
2313;193;01/01/2024;91;VRAI
2314;193;01/04/2024;80;VRAI
2315;193;01/07/2024;84;FAUX
2316;193;01/10/2024;54;FAUX
2317;194;01/01/2022;66;FAUX
2318;194;01/04/2022;87;FAUX
2319;194;01/07/2022;81;FAUX
2320;194;01/10/2022;69;FAUX
2321;194;01/01/2023;51;FAUX
2322;194;01/04/2023;96;FAUX
2323;194;01/07/2023;50;FAUX
2324;194;01/10/2023;78;VRAI
2325;194;01/01/2024;68;FAUX
2326;194;01/04/2024;89;FAUX
2327;194;01/07/2024;93;VRAI
2328;194;01/10/2024;99;FAUX
2329;195;01/01/2022;95;FAUX
2330;195;01/04/2022;73;FAUX
2331;195;01/07/2022;63;VRAI
2332;195;01/10/2022;90;FAUX
2333;195;01/01/2023;83;FAUX
2334;195;01/04/2023;65;VRAI
2335;195;01/07/2023;56;FAUX
2336;195;01/10/2023;56;VRAI
2337;195;01/01/2024;63;FAUX
2338;195;01/04/2024;93;VRAI
2339;195;01/07/2024;82;FAUX
2340;195;01/10/2024;69;VRAI
2341;196;01/01/2022;96;FAUX
2342;196;01/04/2022;56;FAUX
2343;196;01/07/2022;97;VRAI
2344;196;01/10/2022;88;VRAI
2345;196;01/01/2023;73;FAUX
2346;196;01/04/2023;55;FAUX
2347;196;01/07/2023;73;FAUX
2348;196;01/10/2023;72;FAUX
2349;196;01/01/2024;87;FAUX
2350;196;01/04/2024;65;VRAI
2351;196;01/07/2024;81;VRAI
2352;196;01/10/2024;55;FAUX
2353;197;01/01/2022;82;VRAI
2354;197;01/04/2022;61;FAUX
2355;197;01/07/2022;76;FAUX
2356;197;01/10/2022;67;VRAI
2357;197;01/01/2023;94;VRAI
2358;197;01/04/2023;62;VRAI
2359;197;01/07/2023;89;FAUX
2360;197;01/10/2023;98;VRAI
2361;197;01/01/2024;62;FAUX
2362;197;01/04/2024;85;FAUX
2363;197;01/07/2024;74;FAUX
2364;197;01/10/2024;85;FAUX
2365;198;01/01/2022;54;VRAI
2366;198;01/04/2022;91;FAUX
2367;198;01/07/2022;81;VRAI
2368;198;01/10/2022;59;VRAI
2369;198;01/01/2023;98;FAUX
2370;198;01/04/2023;62;VRAI
2371;198;01/07/2023;66;VRAI
2372;198;01/10/2023;73;FAUX
2373;198;01/01/2024;63;FAUX
2374;198;01/04/2024;57;VRAI
2375;198;01/07/2024;86;VRAI
2376;198;01/10/2024;77;FAUX
2377;199;01/01/2022;90;FAUX
2378;199;01/04/2022;56;VRAI
2379;199;01/07/2022;75;FAUX
2380;199;01/10/2022;95;FAUX
2381;199;01/01/2023;95;VRAI
2382;199;01/04/2023;63;VRAI
2383;199;01/07/2023;57;VRAI
2384;199;01/10/2023;77;VRAI
2385;199;01/01/2024;78;VRAI
2386;199;01/04/2024;67;VRAI
2387;199;01/07/2024;62;FAUX
2388;199;01/10/2024;96;FAUX
2389;200;01/01/2022;54;VRAI
2390;200;01/04/2022;60;FAUX
2391;200;01/07/2022;60;VRAI
2392;200;01/10/2022;96;FAUX
2393;200;01/01/2023;96;VRAI
2394;200;01/04/2023;80;VRAI
2395;200;01/07/2023;63;VRAI
2396;200;01/10/2023;94;FAUX
2397;200;01/01/2024;74;VRAI
2398;200;01/04/2024;82;FAUX
2399;200;01/07/2024;64;FAUX
2400;200;01/10/2024;93;FAUX
2401;201;01/01/2022;87;FAUX
2402;201;01/04/2022;93;VRAI
2403;201;01/07/2022;64;FAUX
2404;201;01/10/2022;53;FAUX
2405;201;01/01/2023;83;VRAI
2406;201;01/04/2023;80;FAUX
2407;201;01/07/2023;81;FAUX
2408;201;01/10/2023;88;FAUX
2409;201;01/01/2024;58;VRAI
2410;201;01/04/2024;90;FAUX
2411;201;01/07/2024;63;VRAI
2412;201;01/10/2024;72;VRAI
2413;202;01/01/2022;61;VRAI
2414;202;01/04/2022;51;VRAI
2415;202;01/07/2022;53;FAUX
2416;202;01/10/2022;99;VRAI
2417;202;01/01/2023;97;VRAI
2418;202;01/04/2023;63;FAUX
2419;202;01/07/2023;78;FAUX
2420;202;01/10/2023;61;VRAI
2421;202;01/01/2024;87;FAUX
2422;202;01/04/2024;99;FAUX
2423;202;01/07/2024;89;FAUX
2424;202;01/10/2024;63;FAUX
2425;203;01/01/2022;91;FAUX
2426;203;01/04/2022;89;FAUX
2427;203;01/07/2022;80;VRAI
2428;203;01/10/2022;74;VRAI
2429;203;01/01/2023;81;FAUX
2430;203;01/04/2023;98;VRAI
2431;203;01/07/2023;68;FAUX
2432;203;01/10/2023;97;VRAI
2433;203;01/01/2024;80;VRAI
2434;203;01/04/2024;86;VRAI
2435;203;01/07/2024;65;VRAI
2436;203;01/10/2024;87;VRAI
2437;204;01/01/2022;98;FAUX
2438;204;01/04/2022;72;FAUX
2439;204;01/07/2022;55;VRAI
2440;204;01/10/2022;72;FAUX
2441;204;01/01/2023;92;FAUX
2442;204;01/04/2023;62;FAUX
2443;204;01/07/2023;88;FAUX
2444;204;01/10/2023;55;VRAI
2445;204;01/01/2024;87;FAUX
2446;204;01/04/2024;99;FAUX
2447;204;01/07/2024;89;FAUX
2448;204;01/10/2024;57;FAUX
2449;205;01/01/2022;82;FAUX
2450;205;01/04/2022;93;VRAI
2451;205;01/07/2022;85;FAUX
2452;205;01/10/2022;84;FAUX
2453;205;01/01/2023;71;VRAI
2454;205;01/04/2023;89;VRAI
2455;205;01/07/2023;71;VRAI
2456;205;01/10/2023;80;VRAI
2457;205;01/01/2024;77;FAUX
2458;205;01/04/2024;69;VRAI
2459;205;01/07/2024;65;FAUX
2460;205;01/10/2024;78;VRAI
2461;206;01/01/2022;73;FAUX
2462;206;01/04/2022;56;FAUX
2463;206;01/07/2022;86;VRAI
2464;206;01/10/2022;53;FAUX
2465;206;01/01/2023;91;FAUX
2466;206;01/04/2023;54;FAUX
2467;206;01/07/2023;99;FAUX
2468;206;01/10/2023;72;FAUX
2469;206;01/01/2024;64;VRAI
2470;206;01/04/2024;58;VRAI
2471;206;01/07/2024;74;VRAI
2472;206;01/10/2024;98;VRAI
2473;207;01/01/2022;58;VRAI
2474;207;01/04/2022;97;FAUX
2475;207;01/07/2022;71;VRAI
2476;207;01/10/2022;72;VRAI
2477;207;01/01/2023;53;VRAI
2478;207;01/04/2023;64;VRAI
2479;207;01/07/2023;79;VRAI
2480;207;01/10/2023;69;VRAI
2481;207;01/01/2024;90;FAUX
2482;207;01/04/2024;85;FAUX
2483;207;01/07/2024;71;VRAI
2484;207;01/10/2024;56;FAUX
2485;208;01/01/2022;77;VRAI
2486;208;01/04/2022;92;VRAI
2487;208;01/07/2022;74;FAUX
2488;208;01/10/2022;65;FAUX
2489;208;01/01/2023;60;VRAI
2490;208;01/04/2023;61;FAUX
2491;208;01/07/2023;80;FAUX
2492;208;01/10/2023;93;FAUX
2493;208;01/01/2024;99;VRAI
2494;208;01/04/2024;66;VRAI
2495;208;01/07/2024;50;VRAI
2496;208;01/10/2024;53;VRAI
2497;209;01/01/2022;77;FAUX
2498;209;01/04/2022;61;VRAI
2499;209;01/07/2022;70;VRAI
2500;209;01/10/2022;66;FAUX
2501;209;01/01/2023;62;FAUX
2502;209;01/04/2023;81;VRAI
2503;209;01/07/2023;99;VRAI
2504;209;01/10/2023;61;VRAI
2505;209;01/01/2024;98;VRAI
2506;209;01/04/2024;64;FAUX
2507;209;01/07/2024;55;VRAI
2508;209;01/10/2024;97;VRAI
2509;210;01/01/2022;69;VRAI
2510;210;01/04/2022;54;VRAI
2511;210;01/07/2022;82;FAUX
2512;210;01/10/2022;63;VRAI
2513;210;01/01/2023;68;VRAI
2514;210;01/04/2023;50;VRAI
2515;210;01/07/2023;95;VRAI
2516;210;01/10/2023;55;VRAI
2517;210;01/01/2024;55;VRAI
2518;210;01/04/2024;79;FAUX
2519;210;01/07/2024;84;VRAI
2520;210;01/10/2024;59;VRAI
2521;211;01/01/2022;68;VRAI
2522;211;01/04/2022;77;VRAI
2523;211;01/07/2022;53;FAUX
2524;211;01/10/2022;68;FAUX
2525;211;01/01/2023;76;VRAI
2526;211;01/04/2023;83;FAUX
2527;211;01/07/2023;87;FAUX
2528;211;01/10/2023;56;FAUX
2529;211;01/01/2024;56;FAUX
2530;211;01/04/2024;75;FAUX
2531;211;01/07/2024;68;VRAI
2532;211;01/10/2024;69;FAUX
2533;212;01/01/2022;94;FAUX
2534;212;01/04/2022;65;FAUX
2535;212;01/07/2022;66;FAUX
2536;212;01/10/2022;62;FAUX
2537;212;01/01/2023;59;VRAI
2538;212;01/04/2023;81;FAUX
2539;212;01/07/2023;57;VRAI
2540;212;01/10/2023;71;FAUX
2541;212;01/01/2024;51;FAUX
2542;212;01/04/2024;93;VRAI
2543;212;01/07/2024;52;FAUX
2544;212;01/10/2024;75;VRAI
2545;213;01/01/2022;79;FAUX
2546;213;01/04/2022;85;FAUX
2547;213;01/07/2022;83;FAUX
2548;213;01/10/2022;59;FAUX
2549;213;01/01/2023;92;FAUX
2550;213;01/04/2023;63;FAUX
2551;213;01/07/2023;64;VRAI
2552;213;01/10/2023;67;FAUX
2553;213;01/01/2024;87;VRAI
2554;213;01/04/2024;95;VRAI
2555;213;01/07/2024;84;VRAI
2556;213;01/10/2024;64;VRAI
2557;214;01/01/2022;73;FAUX
2558;214;01/04/2022;77;FAUX
2559;214;01/07/2022;65;FAUX
2560;214;01/10/2022;88;FAUX
2561;214;01/01/2023;51;FAUX
2562;214;01/04/2023;62;FAUX
2563;214;01/07/2023;96;VRAI
2564;214;01/10/2023;58;VRAI
2565;214;01/01/2024;83;VRAI
2566;214;01/04/2024;76;VRAI
2567;214;01/07/2024;86;VRAI
2568;214;01/10/2024;71;VRAI
2569;215;01/01/2022;73;VRAI
2570;215;01/04/2022;83;FAUX
2571;215;01/07/2022;61;VRAI
2572;215;01/10/2022;64;VRAI
2573;215;01/01/2023;82;VRAI
2574;215;01/04/2023;62;VRAI
2575;215;01/07/2023;87;FAUX
2576;215;01/10/2023;94;FAUX
2577;215;01/01/2024;84;VRAI
2578;215;01/04/2024;96;FAUX
2579;215;01/07/2024;94;VRAI
2580;215;01/10/2024;62;FAUX
2581;216;01/01/2022;54;FAUX
2582;216;01/04/2022;81;VRAI
2583;216;01/07/2022;70;FAUX
2584;216;01/10/2022;67;VRAI
2585;216;01/01/2023;59;FAUX
2586;216;01/04/2023;89;VRAI
2587;216;01/07/2023;70;VRAI
2588;216;01/10/2023;72;FAUX
2589;216;01/01/2024;53;FAUX
2590;216;01/04/2024;55;FAUX
2591;216;01/07/2024;80;VRAI
2592;216;01/10/2024;88;FAUX
2593;217;01/01/2022;72;FAUX
2594;217;01/04/2022;65;FAUX
2595;217;01/07/2022;73;VRAI
2596;217;01/10/2022;94;VRAI
2597;217;01/01/2023;55;VRAI
2598;217;01/04/2023;94;FAUX
2599;217;01/07/2023;99;VRAI
2600;217;01/10/2023;61;VRAI
2601;217;01/01/2024;96;VRAI
2602;217;01/04/2024;97;VRAI
2603;217;01/07/2024;76;FAUX
2604;217;01/10/2024;73;FAUX
2605;218;01/01/2022;93;VRAI
2606;218;01/04/2022;57;VRAI
2607;218;01/07/2022;93;VRAI
2608;218;01/10/2022;51;VRAI
2609;218;01/01/2023;79;FAUX
2610;218;01/04/2023;98;VRAI
2611;218;01/07/2023;94;FAUX
2612;218;01/10/2023;50;FAUX
2613;218;01/01/2024;62;VRAI
2614;218;01/04/2024;59;FAUX
2615;218;01/07/2024;75;FAUX
2616;218;01/10/2024;69;VRAI
2617;219;01/01/2022;66;FAUX
2618;219;01/04/2022;54;FAUX
2619;219;01/07/2022;72;FAUX
2620;219;01/10/2022;59;FAUX
2621;219;01/01/2023;77;VRAI
2622;219;01/04/2023;92;FAUX
2623;219;01/07/2023;99;FAUX
2624;219;01/10/2023;78;VRAI
2625;219;01/01/2024;67;FAUX
2626;219;01/04/2024;59;FAUX
2627;219;01/07/2024;91;VRAI
2628;219;01/10/2024;59;FAUX
2629;220;01/01/2022;70;FAUX
2630;220;01/04/2022;87;VRAI
2631;220;01/07/2022;89;VRAI
2632;220;01/10/2022;90;VRAI
2633;220;01/01/2023;51;FAUX
2634;220;01/04/2023;88;VRAI
2635;220;01/07/2023;91;FAUX
2636;220;01/10/2023;83;FAUX
2637;220;01/01/2024;69;VRAI
2638;220;01/04/2024;53;VRAI
2639;220;01/07/2024;93;VRAI
2640;220;01/10/2024;91;VRAI
2641;221;01/01/2022;54;VRAI
2642;221;01/04/2022;98;FAUX
2643;221;01/07/2022;86;FAUX
2644;221;01/10/2022;58;FAUX
2645;221;01/01/2023;67;FAUX
2646;221;01/04/2023;68;FAUX
2647;221;01/07/2023;89;VRAI
2648;221;01/10/2023;84;VRAI
2649;221;01/01/2024;91;VRAI
2650;221;01/04/2024;92;FAUX
2651;221;01/07/2024;50;VRAI
2652;221;01/10/2024;85;VRAI
2653;222;01/01/2022;95;VRAI
2654;222;01/04/2022;73;FAUX
2655;222;01/07/2022;92;VRAI
2656;222;01/10/2022;86;FAUX
2657;222;01/01/2023;52;VRAI
2658;222;01/04/2023;75;VRAI
2659;222;01/07/2023;97;FAUX
2660;222;01/10/2023;62;FAUX
2661;222;01/01/2024;52;VRAI
2662;222;01/04/2024;58;VRAI
2663;222;01/07/2024;90;FAUX
2664;222;01/10/2024;75;VRAI
2665;223;01/01/2022;83;VRAI
2666;223;01/04/2022;62;VRAI
2667;223;01/07/2022;90;VRAI
2668;223;01/10/2022;50;VRAI
2669;223;01/01/2023;96;FAUX
2670;223;01/04/2023;85;VRAI
2671;223;01/07/2023;59;FAUX
2672;223;01/10/2023;55;VRAI
2673;223;01/01/2024;61;FAUX
2674;223;01/04/2024;97;VRAI
2675;223;01/07/2024;95;VRAI
2676;223;01/10/2024;59;VRAI
2677;224;01/01/2022;64;VRAI
2678;224;01/04/2022;85;FAUX
2679;224;01/07/2022;97;FAUX
2680;224;01/10/2022;52;VRAI
2681;224;01/01/2023;95;FAUX
2682;224;01/04/2023;52;FAUX
2683;224;01/07/2023;71;VRAI
2684;224;01/10/2023;84;FAUX
2685;224;01/01/2024;54;FAUX
2686;224;01/04/2024;90;VRAI
2687;224;01/07/2024;62;FAUX
2688;224;01/10/2024;84;VRAI
2689;225;01/01/2022;81;VRAI
2690;225;01/04/2022;97;FAUX
2691;225;01/07/2022;73;VRAI
2692;225;01/10/2022;68;FAUX
2693;225;01/01/2023;89;FAUX
2694;225;01/04/2023;94;FAUX
2695;225;01/07/2023;91;VRAI
2696;225;01/10/2023;53;VRAI
2697;225;01/01/2024;62;FAUX
2698;225;01/04/2024;85;FAUX
2699;225;01/07/2024;92;VRAI
2700;225;01/10/2024;92;FAUX
2701;226;01/01/2022;60;FAUX
2702;226;01/04/2022;61;VRAI
2703;226;01/07/2022;90;VRAI
2704;226;01/10/2022;91;VRAI
2705;226;01/01/2023;52;FAUX
2706;226;01/04/2023;77;VRAI
2707;226;01/07/2023;97;VRAI
2708;226;01/10/2023;91;FAUX
2709;226;01/01/2024;92;FAUX
2710;226;01/04/2024;55;FAUX
2711;226;01/07/2024;60;FAUX
2712;226;01/10/2024;76;VRAI
2713;227;01/01/2022;93;FAUX
2714;227;01/04/2022;99;VRAI
2715;227;01/07/2022;71;VRAI
2716;227;01/10/2022;96;FAUX
2717;227;01/01/2023;77;VRAI
2718;227;01/04/2023;95;FAUX
2719;227;01/07/2023;80;FAUX
2720;227;01/10/2023;95;VRAI
2721;227;01/01/2024;70;FAUX
2722;227;01/04/2024;74;VRAI
2723;227;01/07/2024;89;FAUX
2724;227;01/10/2024;72;VRAI
2725;228;01/01/2022;96;FAUX
2726;228;01/04/2022;78;VRAI
2727;228;01/07/2022;79;VRAI
2728;228;01/10/2022;75;FAUX
2729;228;01/01/2023;87;VRAI
2730;228;01/04/2023;76;VRAI
2731;228;01/07/2023;89;FAUX
2732;228;01/10/2023;72;VRAI
2733;228;01/01/2024;64;VRAI
2734;228;01/04/2024;52;FAUX
2735;228;01/07/2024;64;FAUX
2736;228;01/10/2024;65;VRAI
2737;229;01/01/2022;68;VRAI
2738;229;01/04/2022;97;VRAI
2739;229;01/07/2022;54;FAUX
2740;229;01/10/2022;63;FAUX
2741;229;01/01/2023;75;FAUX
2742;229;01/04/2023;54;VRAI
2743;229;01/07/2023;65;VRAI
2744;229;01/10/2023;63;VRAI
2745;229;01/01/2024;90;FAUX
2746;229;01/04/2024;85;FAUX
2747;229;01/07/2024;66;VRAI
2748;229;01/10/2024;85;FAUX
2749;230;01/01/2022;65;VRAI
2750;230;01/04/2022;85;FAUX
2751;230;01/07/2022;86;FAUX
2752;230;01/10/2022;97;FAUX
2753;230;01/01/2023;90;FAUX
2754;230;01/04/2023;78;FAUX
2755;230;01/07/2023;53;FAUX
2756;230;01/10/2023;91;VRAI
2757;230;01/01/2024;85;FAUX
2758;230;01/04/2024;94;VRAI
2759;230;01/07/2024;95;VRAI
2760;230;01/10/2024;67;VRAI
2761;231;01/01/2022;70;FAUX
2762;231;01/04/2022;64;FAUX
2763;231;01/07/2022;54;VRAI
2764;231;01/10/2022;55;FAUX
2765;231;01/01/2023;52;FAUX
2766;231;01/04/2023;61;FAUX
2767;231;01/07/2023;82;FAUX
2768;231;01/10/2023;82;VRAI
2769;231;01/01/2024;70;VRAI
2770;231;01/04/2024;76;FAUX
2771;231;01/07/2024;86;FAUX
2772;231;01/10/2024;81;FAUX
2773;232;01/01/2022;75;FAUX
2774;232;01/04/2022;61;FAUX
2775;232;01/07/2022;66;VRAI
2776;232;01/10/2022;92;FAUX
2777;232;01/01/2023;86;FAUX
2778;232;01/04/2023;81;VRAI
2779;232;01/07/2023;50;VRAI
2780;232;01/10/2023;91;FAUX
2781;232;01/01/2024;73;VRAI
2782;232;01/04/2024;92;FAUX
2783;232;01/07/2024;66;FAUX
2784;232;01/10/2024;94;VRAI
2785;233;01/01/2022;67;VRAI
2786;233;01/04/2022;71;FAUX
2787;233;01/07/2022;51;VRAI
2788;233;01/10/2022;67;VRAI
2789;233;01/01/2023;76;FAUX
2790;233;01/04/2023;66;FAUX
2791;233;01/07/2023;55;VRAI
2792;233;01/10/2023;56;FAUX
2793;233;01/01/2024;63;FAUX
2794;233;01/04/2024;89;VRAI
2795;233;01/07/2024;96;VRAI
2796;233;01/10/2024;97;VRAI
2797;234;01/01/2022;92;VRAI
2798;234;01/04/2022;78;FAUX
2799;234;01/07/2022;86;VRAI
2800;234;01/10/2022;78;FAUX
2801;234;01/01/2023;55;FAUX
2802;234;01/04/2023;55;FAUX
2803;234;01/07/2023;92;FAUX
2804;234;01/10/2023;78;VRAI
2805;234;01/01/2024;74;VRAI
2806;234;01/04/2024;52;FAUX
2807;234;01/07/2024;97;VRAI
2808;234;01/10/2024;76;FAUX
2809;235;01/01/2022;81;VRAI
2810;235;01/04/2022;65;VRAI
2811;235;01/07/2022;97;VRAI
2812;235;01/10/2022;75;FAUX
2813;235;01/01/2023;50;FAUX
2814;235;01/04/2023;77;VRAI
2815;235;01/07/2023;58;FAUX
2816;235;01/10/2023;93;FAUX
2817;235;01/01/2024;57;FAUX
2818;235;01/04/2024;98;FAUX
2819;235;01/07/2024;76;VRAI
2820;235;01/10/2024;68;VRAI
2821;236;01/01/2022;87;VRAI
2822;236;01/04/2022;73;FAUX
2823;236;01/07/2022;68;FAUX
2824;236;01/10/2022;96;FAUX
2825;236;01/01/2023;63;VRAI
2826;236;01/04/2023;81;FAUX
2827;236;01/07/2023;81;FAUX
2828;236;01/10/2023;97;VRAI
2829;236;01/01/2024;89;FAUX
2830;236;01/04/2024;96;FAUX
2831;236;01/07/2024;62;FAUX
2832;236;01/10/2024;57;VRAI
2833;237;01/01/2022;75;FAUX
2834;237;01/04/2022;92;VRAI
2835;237;01/07/2022;95;VRAI
2836;237;01/10/2022;67;VRAI
2837;237;01/01/2023;85;VRAI
2838;237;01/04/2023;98;VRAI
2839;237;01/07/2023;76;VRAI
2840;237;01/10/2023;88;VRAI
2841;237;01/01/2024;56;FAUX
2842;237;01/04/2024;56;FAUX
2843;237;01/07/2024;56;FAUX
2844;237;01/10/2024;65;VRAI
2845;238;01/01/2022;94;FAUX
2846;238;01/04/2022;99;VRAI
2847;238;01/07/2022;70;VRAI
2848;238;01/10/2022;86;VRAI
2849;238;01/01/2023;72;VRAI
2850;238;01/04/2023;76;FAUX
2851;238;01/07/2023;71;VRAI
2852;238;01/10/2023;76;FAUX
2853;238;01/01/2024;98;FAUX
2854;238;01/04/2024;73;VRAI
2855;238;01/07/2024;97;VRAI
2856;238;01/10/2024;91;VRAI
2857;239;01/01/2022;76;VRAI
2858;239;01/04/2022;77;VRAI
2859;239;01/07/2022;66;VRAI
2860;239;01/10/2022;59;VRAI
2861;239;01/01/2023;71;FAUX
2862;239;01/04/2023;98;VRAI
2863;239;01/07/2023;85;VRAI
2864;239;01/10/2023;72;FAUX
2865;239;01/01/2024;61;VRAI
2866;239;01/04/2024;69;VRAI
2867;239;01/07/2024;98;FAUX
2868;239;01/10/2024;56;VRAI
2869;240;01/01/2022;97;VRAI
2870;240;01/04/2022;62;VRAI
2871;240;01/07/2022;51;FAUX
2872;240;01/10/2022;79;FAUX
2873;240;01/01/2023;55;VRAI
2874;240;01/04/2023;56;VRAI
2875;240;01/07/2023;56;FAUX
2876;240;01/10/2023;81;VRAI
2877;240;01/01/2024;62;FAUX
2878;240;01/04/2024;74;VRAI
2879;240;01/07/2024;70;FAUX
2880;240;01/10/2024;97;FAUX
2881;241;01/01/2022;69;FAUX
2882;241;01/04/2022;54;FAUX
2883;241;01/07/2022;88;VRAI
2884;241;01/10/2022;60;FAUX
2885;241;01/01/2023;66;FAUX
2886;241;01/04/2023;94;FAUX
2887;241;01/07/2023;86;FAUX
2888;241;01/10/2023;97;FAUX
2889;241;01/01/2024;97;FAUX
2890;241;01/04/2024;95;FAUX
2891;241;01/07/2024;83;VRAI
2892;241;01/10/2024;63;FAUX
2893;242;01/01/2022;72;FAUX
2894;242;01/04/2022;69;VRAI
2895;242;01/07/2022;96;FAUX
2896;242;01/10/2022;90;FAUX
2897;242;01/01/2023;75;FAUX
2898;242;01/04/2023;63;FAUX
2899;242;01/07/2023;85;FAUX
2900;242;01/10/2023;89;FAUX
2901;242;01/01/2024;71;FAUX
2902;242;01/04/2024;76;FAUX
2903;242;01/07/2024;59;VRAI
2904;242;01/10/2024;80;VRAI
2905;243;01/01/2022;76;VRAI
2906;243;01/04/2022;82;VRAI
2907;243;01/07/2022;99;FAUX
2908;243;01/10/2022;75;VRAI
2909;243;01/01/2023;85;VRAI
2910;243;01/04/2023;53;FAUX
2911;243;01/07/2023;75;FAUX
2912;243;01/10/2023;98;VRAI
2913;243;01/01/2024;79;VRAI
2914;243;01/04/2024;94;FAUX
2915;243;01/07/2024;54;VRAI
2916;243;01/10/2024;94;VRAI
2917;244;01/01/2022;65;FAUX
2918;244;01/04/2022;86;FAUX
2919;244;01/07/2022;97;FAUX
2920;244;01/10/2022;82;VRAI
2921;244;01/01/2023;87;VRAI
2922;244;01/04/2023;65;VRAI
2923;244;01/07/2023;65;VRAI
2924;244;01/10/2023;50;VRAI
2925;244;01/01/2024;67;VRAI
2926;244;01/04/2024;96;VRAI
2927;244;01/07/2024;73;FAUX
2928;244;01/10/2024;59;VRAI
2929;245;01/01/2022;62;FAUX
2930;245;01/04/2022;84;FAUX
2931;245;01/07/2022;72;VRAI
2932;245;01/10/2022;66;FAUX
2933;245;01/01/2023;56;FAUX
2934;245;01/04/2023;65;VRAI
2935;245;01/07/2023;89;FAUX
2936;245;01/10/2023;69;FAUX
2937;245;01/01/2024;96;VRAI
2938;245;01/04/2024;94;FAUX
2939;245;01/07/2024;77;VRAI
2940;245;01/10/2024;54;VRAI
2941;246;01/01/2022;88;FAUX
2942;246;01/04/2022;51;VRAI
2943;246;01/07/2022;88;FAUX
2944;246;01/10/2022;70;FAUX
2945;246;01/01/2023;86;VRAI
2946;246;01/04/2023;67;FAUX
2947;246;01/07/2023;97;FAUX
2948;246;01/10/2023;61;VRAI
2949;246;01/01/2024;86;FAUX
2950;246;01/04/2024;87;VRAI
2951;246;01/07/2024;56;FAUX
2952;246;01/10/2024;99;VRAI
2953;247;01/01/2022;87;VRAI
2954;247;01/04/2022;86;FAUX
2955;247;01/07/2022;80;VRAI
2956;247;01/10/2022;62;FAUX
2957;247;01/01/2023;67;VRAI
2958;247;01/04/2023;66;VRAI
2959;247;01/07/2023;60;FAUX
2960;247;01/10/2023;59;VRAI
2961;247;01/01/2024;97;FAUX
2962;247;01/04/2024;66;FAUX
2963;247;01/07/2024;91;VRAI
2964;247;01/10/2024;93;VRAI
2965;248;01/01/2022;88;FAUX
2966;248;01/04/2022;76;FAUX
2967;248;01/07/2022;75;FAUX
2968;248;01/10/2022;62;FAUX
2969;248;01/01/2023;93;FAUX
2970;248;01/04/2023;51;VRAI
2971;248;01/07/2023;83;VRAI
2972;248;01/10/2023;94;VRAI
2973;248;01/01/2024;84;VRAI
2974;248;01/04/2024;97;VRAI
2975;248;01/07/2024;60;VRAI
2976;248;01/10/2024;63;VRAI
2977;249;01/01/2022;58;VRAI
2978;249;01/04/2022;97;VRAI
2979;249;01/07/2022;78;VRAI
2980;249;01/10/2022;85;FAUX
2981;249;01/01/2023;56;VRAI
2982;249;01/04/2023;77;FAUX
2983;249;01/07/2023;67;FAUX
2984;249;01/10/2023;54;VRAI
2985;249;01/01/2024;71;FAUX
2986;249;01/04/2024;91;FAUX
2987;249;01/07/2024;89;VRAI
2988;249;01/10/2024;96;VRAI
2989;250;01/01/2022;52;VRAI
2990;250;01/04/2022;67;FAUX
2991;250;01/07/2022;79;FAUX
2992;250;01/10/2022;51;VRAI
2993;250;01/01/2023;78;VRAI
2994;250;01/04/2023;91;FAUX
2995;250;01/07/2023;79;FAUX
2996;250;01/10/2023;54;FAUX
2997;250;01/01/2024;70;FAUX
2998;250;01/04/2024;64;FAUX
2999;250;01/07/2024;57;VRAI
3000;250;01/10/2024;80;FAUX
3001;251;01/01/2022;70;FAUX
3002;251;01/04/2022;76;FAUX
3003;251;01/07/2022;75;VRAI
3004;251;01/10/2022;75;FAUX
3005;251;01/01/2023;85;FAUX
3006;251;01/04/2023;50;VRAI
3007;251;01/07/2023;64;FAUX
3008;251;01/10/2023;50;VRAI
3009;251;01/01/2024;51;VRAI
3010;251;01/04/2024;80;FAUX
3011;251;01/07/2024;65;FAUX
3012;251;01/10/2024;71;FAUX
3013;252;01/01/2022;67;VRAI
3014;252;01/04/2022;66;FAUX
3015;252;01/07/2022;59;VRAI
3016;252;01/10/2022;70;FAUX
3017;252;01/01/2023;55;VRAI
3018;252;01/04/2023;90;VRAI
3019;252;01/07/2023;70;VRAI
3020;252;01/10/2023;67;FAUX
3021;252;01/01/2024;73;VRAI
3022;252;01/04/2024;53;FAUX
3023;252;01/07/2024;73;FAUX
3024;252;01/10/2024;94;FAUX
3025;253;01/01/2022;51;FAUX
3026;253;01/04/2022;55;FAUX
3027;253;01/07/2022;67;VRAI
3028;253;01/10/2022;87;VRAI
3029;253;01/01/2023;72;FAUX
3030;253;01/04/2023;79;FAUX
3031;253;01/07/2023;70;FAUX
3032;253;01/10/2023;59;FAUX
3033;253;01/01/2024;92;VRAI
3034;253;01/04/2024;61;VRAI
3035;253;01/07/2024;53;VRAI
3036;253;01/10/2024;73;VRAI
3037;254;01/01/2022;83;VRAI
3038;254;01/04/2022;90;VRAI
3039;254;01/07/2022;64;FAUX
3040;254;01/10/2022;53;VRAI
3041;254;01/01/2023;88;FAUX
3042;254;01/04/2023;57;VRAI
3043;254;01/07/2023;94;FAUX
3044;254;01/10/2023;77;VRAI
3045;254;01/01/2024;92;VRAI
3046;254;01/04/2024;50;FAUX
3047;254;01/07/2024;66;VRAI
3048;254;01/10/2024;87;FAUX
3049;255;01/01/2022;73;VRAI
3050;255;01/04/2022;70;FAUX
3051;255;01/07/2022;96;VRAI
3052;255;01/10/2022;97;VRAI
3053;255;01/01/2023;62;VRAI
3054;255;01/04/2023;52;FAUX
3055;255;01/07/2023;84;VRAI
3056;255;01/10/2023;63;FAUX
3057;255;01/01/2024;71;VRAI
3058;255;01/04/2024;53;VRAI
3059;255;01/07/2024;89;VRAI
3060;255;01/10/2024;86;FAUX
3061;256;01/01/2022;64;FAUX
3062;256;01/04/2022;60;VRAI
3063;256;01/07/2022;72;FAUX
3064;256;01/10/2022;52;VRAI
3065;256;01/01/2023;52;FAUX
3066;256;01/04/2023;62;FAUX
3067;256;01/07/2023;68;FAUX
3068;256;01/10/2023;99;VRAI
3069;256;01/01/2024;73;FAUX
3070;256;01/04/2024;66;FAUX
3071;256;01/07/2024;59;FAUX
3072;256;01/10/2024;93;VRAI
3073;257;01/01/2022;55;FAUX
3074;257;01/04/2022;70;VRAI
3075;257;01/07/2022;84;VRAI
3076;257;01/10/2022;78;VRAI
3077;257;01/01/2023;78;VRAI
3078;257;01/04/2023;86;VRAI
3079;257;01/07/2023;82;FAUX
3080;257;01/10/2023;61;FAUX
3081;257;01/01/2024;97;FAUX
3082;257;01/04/2024;64;VRAI
3083;257;01/07/2024;73;FAUX
3084;257;01/10/2024;96;FAUX
3085;258;01/01/2022;88;FAUX
3086;258;01/04/2022;52;FAUX
3087;258;01/07/2022;55;VRAI
3088;258;01/10/2022;58;FAUX
3089;258;01/01/2023;85;VRAI
3090;258;01/04/2023;52;VRAI
3091;258;01/07/2023;73;FAUX
3092;258;01/10/2023;98;FAUX
3093;258;01/01/2024;91;VRAI
3094;258;01/04/2024;93;VRAI
3095;258;01/07/2024;82;FAUX
3096;258;01/10/2024;71;VRAI
3097;259;01/01/2022;68;VRAI
3098;259;01/04/2022;55;VRAI
3099;259;01/07/2022;68;VRAI
3100;259;01/10/2022;75;FAUX
3101;259;01/01/2023;70;FAUX
3102;259;01/04/2023;51;VRAI
3103;259;01/07/2023;93;FAUX
3104;259;01/10/2023;76;VRAI
3105;259;01/01/2024;69;FAUX
3106;259;01/04/2024;80;VRAI
3107;259;01/07/2024;62;VRAI
3108;259;01/10/2024;53;VRAI
3109;260;01/01/2022;63;FAUX
3110;260;01/04/2022;62;VRAI
3111;260;01/07/2022;75;FAUX
3112;260;01/10/2022;67;FAUX
3113;260;01/01/2023;63;VRAI
3114;260;01/04/2023;52;VRAI
3115;260;01/07/2023;75;FAUX
3116;260;01/10/2023;98;VRAI
3117;260;01/01/2024;63;VRAI
3118;260;01/04/2024;62;VRAI
3119;260;01/07/2024;99;FAUX
3120;260;01/10/2024;70;FAUX
3121;261;01/01/2022;52;VRAI
3122;261;01/04/2022;89;FAUX
3123;261;01/07/2022;85;VRAI
3124;261;01/10/2022;92;VRAI
3125;261;01/01/2023;89;VRAI
3126;261;01/04/2023;82;VRAI
3127;261;01/07/2023;60;VRAI
3128;261;01/10/2023;63;FAUX
3129;261;01/01/2024;65;FAUX
3130;261;01/04/2024;61;VRAI
3131;261;01/07/2024;95;FAUX
3132;261;01/10/2024;73;VRAI
3133;262;01/01/2022;95;FAUX
3134;262;01/04/2022;71;VRAI
3135;262;01/07/2022;66;FAUX
3136;262;01/10/2022;89;FAUX
3137;262;01/01/2023;62;FAUX
3138;262;01/04/2023;86;FAUX
3139;262;01/07/2023;70;VRAI
3140;262;01/10/2023;85;VRAI
3141;262;01/01/2024;85;VRAI
3142;262;01/04/2024;60;FAUX
3143;262;01/07/2024;63;VRAI
3144;262;01/10/2024;78;FAUX
3145;263;01/01/2022;99;FAUX
3146;263;01/04/2022;54;FAUX
3147;263;01/07/2022;95;VRAI
3148;263;01/10/2022;73;FAUX
3149;263;01/01/2023;75;FAUX
3150;263;01/04/2023;65;FAUX
3151;263;01/07/2023;85;FAUX
3152;263;01/10/2023;60;VRAI
3153;263;01/01/2024;93;FAUX
3154;263;01/04/2024;86;FAUX
3155;263;01/07/2024;68;FAUX
3156;263;01/10/2024;65;VRAI
3157;264;01/01/2022;92;VRAI
3158;264;01/04/2022;58;VRAI
3159;264;01/07/2022;52;FAUX
3160;264;01/10/2022;57;FAUX
3161;264;01/01/2023;53;FAUX
3162;264;01/04/2023;93;VRAI
3163;264;01/07/2023;74;VRAI
3164;264;01/10/2023;65;VRAI
3165;264;01/01/2024;91;FAUX
3166;264;01/04/2024;63;VRAI
3167;264;01/07/2024;62;VRAI
3168;264;01/10/2024;56;FAUX
3169;265;01/01/2022;86;FAUX
3170;265;01/04/2022;53;FAUX
3171;265;01/07/2022;84;FAUX
3172;265;01/10/2022;93;VRAI
3173;265;01/01/2023;53;FAUX
3174;265;01/04/2023;61;VRAI
3175;265;01/07/2023;59;FAUX
3176;265;01/10/2023;50;VRAI
3177;265;01/01/2024;65;VRAI
3178;265;01/04/2024;58;VRAI
3179;265;01/07/2024;58;FAUX
3180;265;01/10/2024;90;VRAI
3181;266;01/01/2022;51;VRAI
3182;266;01/04/2022;60;FAUX
3183;266;01/07/2022;81;FAUX
3184;266;01/10/2022;69;VRAI
3185;266;01/01/2023;84;FAUX
3186;266;01/04/2023;99;VRAI
3187;266;01/07/2023;92;FAUX
3188;266;01/10/2023;68;VRAI
3189;266;01/01/2024;80;FAUX
3190;266;01/04/2024;89;FAUX
3191;266;01/07/2024;88;FAUX
3192;266;01/10/2024;85;VRAI
3193;267;01/01/2022;86;FAUX
3194;267;01/04/2022;58;FAUX
3195;267;01/07/2022;69;VRAI
3196;267;01/10/2022;77;FAUX
3197;267;01/01/2023;69;VRAI
3198;267;01/04/2023;85;VRAI
3199;267;01/07/2023;76;FAUX
3200;267;01/10/2023;81;VRAI
3201;267;01/01/2024;66;VRAI
3202;267;01/04/2024;58;FAUX
3203;267;01/07/2024;94;FAUX
3204;267;01/10/2024;51;FAUX
3205;268;01/01/2022;94;VRAI
3206;268;01/04/2022;79;FAUX
3207;268;01/07/2022;87;FAUX
3208;268;01/10/2022;50;FAUX
3209;268;01/01/2023;54;VRAI
3210;268;01/04/2023;84;FAUX
3211;268;01/07/2023;50;FAUX
3212;268;01/10/2023;58;FAUX
3213;268;01/01/2024;73;FAUX
3214;268;01/04/2024;99;FAUX
3215;268;01/07/2024;74;FAUX
3216;268;01/10/2024;74;FAUX
3217;269;01/01/2022;84;VRAI
3218;269;01/04/2022;56;FAUX
3219;269;01/07/2022;62;FAUX
3220;269;01/10/2022;99;VRAI
3221;269;01/01/2023;85;FAUX
3222;269;01/04/2023;63;FAUX
3223;269;01/07/2023;57;FAUX
3224;269;01/10/2023;76;FAUX
3225;269;01/01/2024;91;VRAI
3226;269;01/04/2024;72;VRAI
3227;269;01/07/2024;61;VRAI
3228;269;01/10/2024;52;FAUX
3229;270;01/01/2022;53;FAUX
3230;270;01/04/2022;85;VRAI
3231;270;01/07/2022;81;VRAI
3232;270;01/10/2022;59;VRAI
3233;270;01/01/2023;65;VRAI
3234;270;01/04/2023;68;VRAI
3235;270;01/07/2023;67;FAUX
3236;270;01/10/2023;93;VRAI
3237;270;01/01/2024;65;VRAI
3238;270;01/04/2024;97;FAUX
3239;270;01/07/2024;64;VRAI
3240;270;01/10/2024;77;VRAI
3241;271;01/01/2022;54;FAUX
3242;271;01/04/2022;71;VRAI
3243;271;01/07/2022;85;FAUX
3244;271;01/10/2022;62;VRAI
3245;271;01/01/2023;65;VRAI
3246;271;01/04/2023;90;FAUX
3247;271;01/07/2023;81;FAUX
3248;271;01/10/2023;64;FAUX
3249;271;01/01/2024;95;FAUX
3250;271;01/04/2024;91;VRAI
3251;271;01/07/2024;61;FAUX
3252;271;01/10/2024;50;VRAI
3253;272;01/01/2022;66;VRAI
3254;272;01/04/2022;99;FAUX
3255;272;01/07/2022;56;VRAI
3256;272;01/10/2022;71;FAUX
3257;272;01/01/2023;61;VRAI
3258;272;01/04/2023;95;VRAI
3259;272;01/07/2023;64;FAUX
3260;272;01/10/2023;70;FAUX
3261;272;01/01/2024;51;FAUX
3262;272;01/04/2024;94;VRAI
3263;272;01/07/2024;55;VRAI
3264;272;01/10/2024;86;VRAI
3265;273;01/01/2022;82;FAUX
3266;273;01/04/2022;90;FAUX
3267;273;01/07/2022;75;FAUX
3268;273;01/10/2022;88;VRAI
3269;273;01/01/2023;86;FAUX
3270;273;01/04/2023;86;FAUX
3271;273;01/07/2023;88;VRAI
3272;273;01/10/2023;62;FAUX
3273;273;01/01/2024;92;FAUX
3274;273;01/04/2024;67;VRAI
3275;273;01/07/2024;68;FAUX
3276;273;01/10/2024;81;FAUX
3277;274;01/01/2022;51;FAUX
3278;274;01/04/2022;62;VRAI
3279;274;01/07/2022;74;FAUX
3280;274;01/10/2022;60;VRAI
3281;274;01/01/2023;73;FAUX
3282;274;01/04/2023;79;VRAI
3283;274;01/07/2023;89;FAUX
3284;274;01/10/2023;87;VRAI
3285;274;01/01/2024;71;VRAI
3286;274;01/04/2024;97;FAUX
3287;274;01/07/2024;65;VRAI
3288;274;01/10/2024;75;VRAI
3289;275;01/01/2022;88;VRAI
3290;275;01/04/2022;97;VRAI
3291;275;01/07/2022;97;VRAI
3292;275;01/10/2022;61;FAUX
3293;275;01/01/2023;67;VRAI
3294;275;01/04/2023;77;FAUX
3295;275;01/07/2023;65;FAUX
3296;275;01/10/2023;65;VRAI
3297;275;01/01/2024;78;VRAI
3298;275;01/04/2024;75;FAUX
3299;275;01/07/2024;90;VRAI
3300;275;01/10/2024;85;VRAI
3301;276;01/01/2022;96;FAUX
3302;276;01/04/2022;61;VRAI
3303;276;01/07/2022;81;FAUX
3304;276;01/10/2022;52;FAUX
3305;276;01/01/2023;65;FAUX
3306;276;01/04/2023;69;FAUX
3307;276;01/07/2023;72;VRAI
3308;276;01/10/2023;65;FAUX
3309;276;01/01/2024;57;VRAI
3310;276;01/04/2024;79;VRAI
3311;276;01/07/2024;83;FAUX
3312;276;01/10/2024;71;FAUX
3313;277;01/01/2022;66;FAUX
3314;277;01/04/2022;64;FAUX
3315;277;01/07/2022;97;FAUX
3316;277;01/10/2022;62;VRAI
3317;277;01/01/2023;98;FAUX
3318;277;01/04/2023;82;VRAI
3319;277;01/07/2023;76;VRAI
3320;277;01/10/2023;65;FAUX
3321;277;01/01/2024;83;VRAI
3322;277;01/04/2024;50;VRAI
3323;277;01/07/2024;97;VRAI
3324;277;01/10/2024;85;FAUX
3325;278;01/01/2022;82;VRAI
3326;278;01/04/2022;88;FAUX
3327;278;01/07/2022;67;VRAI
3328;278;01/10/2022;72;VRAI
3329;278;01/01/2023;75;FAUX
3330;278;01/04/2023;74;VRAI
3331;278;01/07/2023;65;VRAI
3332;278;01/10/2023;97;VRAI
3333;278;01/01/2024;63;VRAI
3334;278;01/04/2024;61;VRAI
3335;278;01/07/2024;81;FAUX
3336;278;01/10/2024;73;FAUX
3337;279;01/01/2022;62;FAUX
3338;279;01/04/2022;69;VRAI
3339;279;01/07/2022;53;FAUX
3340;279;01/10/2022;83;FAUX
3341;279;01/01/2023;99;FAUX
3342;279;01/04/2023;96;FAUX
3343;279;01/07/2023;75;VRAI
3344;279;01/10/2023;96;FAUX
3345;279;01/01/2024;69;FAUX
3346;279;01/04/2024;77;FAUX
3347;279;01/07/2024;69;VRAI
3348;279;01/10/2024;59;VRAI
3349;280;01/01/2022;72;VRAI
3350;280;01/04/2022;90;FAUX
3351;280;01/07/2022;68;VRAI
3352;280;01/10/2022;67;VRAI
3353;280;01/01/2023;76;FAUX
3354;280;01/04/2023;59;FAUX
3355;280;01/07/2023;73;FAUX
3356;280;01/10/2023;77;FAUX
3357;280;01/01/2024;94;FAUX
3358;280;01/04/2024;88;FAUX
3359;280;01/07/2024;95;VRAI
3360;280;01/10/2024;99;VRAI
3361;281;01/01/2022;59;VRAI
3362;281;01/04/2022;51;VRAI
3363;281;01/07/2022;88;VRAI
3364;281;01/10/2022;86;VRAI
3365;281;01/01/2023;69;FAUX
3366;281;01/04/2023;84;FAUX
3367;281;01/07/2023;71;VRAI
3368;281;01/10/2023;72;VRAI
3369;281;01/01/2024;53;FAUX
3370;281;01/04/2024;69;VRAI
3371;281;01/07/2024;77;FAUX
3372;281;01/10/2024;88;VRAI
3373;282;01/01/2022;68;FAUX
3374;282;01/04/2022;97;VRAI
3375;282;01/07/2022;81;VRAI
3376;282;01/10/2022;95;VRAI
3377;282;01/01/2023;95;VRAI
3378;282;01/04/2023;84;FAUX
3379;282;01/07/2023;66;FAUX
3380;282;01/10/2023;96;VRAI
3381;282;01/01/2024;55;FAUX
3382;282;01/04/2024;66;VRAI
3383;282;01/07/2024;63;FAUX
3384;282;01/10/2024;99;VRAI
3385;283;01/01/2022;86;VRAI
3386;283;01/04/2022;89;VRAI
3387;283;01/07/2022;81;FAUX
3388;283;01/10/2022;99;VRAI
3389;283;01/01/2023;97;FAUX
3390;283;01/04/2023;76;VRAI
3391;283;01/07/2023;68;VRAI
3392;283;01/10/2023;95;VRAI
3393;283;01/01/2024;87;VRAI
3394;283;01/04/2024;68;FAUX
3395;283;01/07/2024;53;FAUX
3396;283;01/10/2024;60;FAUX
3397;284;01/01/2022;53;VRAI
3398;284;01/04/2022;57;FAUX
3399;284;01/07/2022;83;VRAI
3400;284;01/10/2022;80;VRAI
3401;284;01/01/2023;87;VRAI
3402;284;01/04/2023;70;FAUX
3403;284;01/07/2023;79;FAUX
3404;284;01/10/2023;75;VRAI
3405;284;01/01/2024;57;VRAI
3406;284;01/04/2024;57;FAUX
3407;284;01/07/2024;57;VRAI
3408;284;01/10/2024;83;VRAI
3409;285;01/01/2022;65;VRAI
3410;285;01/04/2022;62;VRAI
3411;285;01/07/2022;61;VRAI
3412;285;01/10/2022;71;FAUX
3413;285;01/01/2023;98;VRAI
3414;285;01/04/2023;51;VRAI
3415;285;01/07/2023;82;FAUX
3416;285;01/10/2023;77;VRAI
3417;285;01/01/2024;92;VRAI
3418;285;01/04/2024;82;FAUX
3419;285;01/07/2024;79;VRAI
3420;285;01/10/2024;57;FAUX
3421;286;01/01/2022;66;FAUX
3422;286;01/04/2022;50;VRAI
3423;286;01/07/2022;95;FAUX
3424;286;01/10/2022;80;FAUX
3425;286;01/01/2023;92;VRAI
3426;286;01/04/2023;95;FAUX
3427;286;01/07/2023;84;VRAI
3428;286;01/10/2023;77;VRAI
3429;286;01/01/2024;53;VRAI
3430;286;01/04/2024;65;VRAI
3431;286;01/07/2024;69;VRAI
3432;286;01/10/2024;54;VRAI
3433;287;01/01/2022;86;FAUX
3434;287;01/04/2022;73;FAUX
3435;287;01/07/2022;83;FAUX
3436;287;01/10/2022;94;FAUX
3437;287;01/01/2023;97;FAUX
3438;287;01/04/2023;83;VRAI
3439;287;01/07/2023;66;VRAI
3440;287;01/10/2023;74;FAUX
3441;287;01/01/2024;99;FAUX
3442;287;01/04/2024;76;VRAI
3443;287;01/07/2024;94;VRAI
3444;287;01/10/2024;65;FAUX
3445;288;01/01/2022;69;VRAI
3446;288;01/04/2022;69;FAUX
3447;288;01/07/2022;84;VRAI
3448;288;01/10/2022;68;VRAI
3449;288;01/01/2023;86;FAUX
3450;288;01/04/2023;55;FAUX
3451;288;01/07/2023;53;FAUX
3452;288;01/10/2023;88;FAUX
3453;288;01/01/2024;83;VRAI
3454;288;01/04/2024;56;VRAI
3455;288;01/07/2024;96;VRAI
3456;288;01/10/2024;51;FAUX
3457;289;01/01/2022;65;VRAI
3458;289;01/04/2022;64;FAUX
3459;289;01/07/2022;64;VRAI
3460;289;01/10/2022;63;FAUX
3461;289;01/01/2023;63;FAUX
3462;289;01/04/2023;63;VRAI
3463;289;01/07/2023;67;FAUX
3464;289;01/10/2023;66;FAUX
3465;289;01/01/2024;89;VRAI
3466;289;01/04/2024;81;FAUX
3467;289;01/07/2024;93;VRAI
3468;289;01/10/2024;76;FAUX
3469;290;01/01/2022;82;VRAI
3470;290;01/04/2022;59;VRAI
3471;290;01/07/2022;66;VRAI
3472;290;01/10/2022;98;FAUX
3473;290;01/01/2023;66;FAUX
3474;290;01/04/2023;72;FAUX
3475;290;01/07/2023;57;VRAI
3476;290;01/10/2023;72;VRAI
3477;290;01/01/2024;69;FAUX
3478;290;01/04/2024;96;FAUX
3479;290;01/07/2024;72;VRAI
3480;290;01/10/2024;84;VRAI
3481;291;01/01/2022;83;VRAI
3482;291;01/04/2022;95;VRAI
3483;291;01/07/2022;94;VRAI
3484;291;01/10/2022;79;VRAI
3485;291;01/01/2023;64;VRAI
3486;291;01/04/2023;63;FAUX
3487;291;01/07/2023;88;VRAI
3488;291;01/10/2023;67;FAUX
3489;291;01/01/2024;55;VRAI
3490;291;01/04/2024;81;VRAI
3491;291;01/07/2024;89;FAUX
3492;291;01/10/2024;76;FAUX
3493;292;01/01/2022;82;FAUX
3494;292;01/04/2022;88;FAUX
3495;292;01/07/2022;92;VRAI
3496;292;01/10/2022;96;VRAI
3497;292;01/01/2023;51;FAUX
3498;292;01/04/2023;87;VRAI
3499;292;01/07/2023;77;FAUX
3500;292;01/10/2023;56;FAUX
3501;292;01/01/2024;90;VRAI
3502;292;01/04/2024;85;VRAI
3503;292;01/07/2024;85;FAUX
3504;292;01/10/2024;53;VRAI
3505;293;01/01/2022;79;FAUX
3506;293;01/04/2022;69;FAUX
3507;293;01/07/2022;80;FAUX
3508;293;01/10/2022;56;FAUX
3509;293;01/01/2023;62;FAUX
3510;293;01/04/2023;57;VRAI
3511;293;01/07/2023;54;FAUX
3512;293;01/10/2023;62;VRAI
3513;293;01/01/2024;69;FAUX
3514;293;01/04/2024;81;FAUX
3515;293;01/07/2024;99;VRAI
3516;293;01/10/2024;74;FAUX
3517;294;01/01/2022;53;VRAI
3518;294;01/04/2022;67;VRAI
3519;294;01/07/2022;64;VRAI
3520;294;01/10/2022;87;FAUX
3521;294;01/01/2023;73;FAUX
3522;294;01/04/2023;77;VRAI
3523;294;01/07/2023;65;FAUX
3524;294;01/10/2023;65;VRAI
3525;294;01/01/2024;66;VRAI
3526;294;01/04/2024;84;FAUX
3527;294;01/07/2024;78;VRAI
3528;294;01/10/2024;67;FAUX
3529;295;01/01/2022;68;FAUX
3530;295;01/04/2022;71;VRAI
3531;295;01/07/2022;98;FAUX
3532;295;01/10/2022;64;VRAI
3533;295;01/01/2023;51;FAUX
3534;295;01/04/2023;57;FAUX
3535;295;01/07/2023;74;FAUX
3536;295;01/10/2023;58;VRAI
3537;295;01/01/2024;62;FAUX
3538;295;01/04/2024;79;VRAI
3539;295;01/07/2024;64;FAUX
3540;295;01/10/2024;56;FAUX
3541;296;01/01/2022;60;FAUX
3542;296;01/04/2022;87;FAUX
3543;296;01/07/2022;51;VRAI
3544;296;01/10/2022;97;VRAI
3545;296;01/01/2023;59;FAUX
3546;296;01/04/2023;66;VRAI
3547;296;01/07/2023;89;VRAI
3548;296;01/10/2023;53;VRAI
3549;296;01/01/2024;96;FAUX
3550;296;01/04/2024;80;VRAI
3551;296;01/07/2024;90;VRAI
3552;296;01/10/2024;67;VRAI
3553;297;01/01/2022;97;VRAI
3554;297;01/04/2022;85;FAUX
3555;297;01/07/2022;57;FAUX
3556;297;01/10/2022;97;VRAI
3557;297;01/01/2023;92;FAUX
3558;297;01/04/2023;70;VRAI
3559;297;01/07/2023;68;VRAI
3560;297;01/10/2023;99;VRAI
3561;297;01/01/2024;92;VRAI
3562;297;01/04/2024;89;FAUX
3563;297;01/07/2024;91;FAUX
3564;297;01/10/2024;54;FAUX
3565;298;01/01/2022;90;FAUX
3566;298;01/04/2022;60;FAUX
3567;298;01/07/2022;88;VRAI
3568;298;01/10/2022;73;VRAI
3569;298;01/01/2023;70;FAUX
3570;298;01/04/2023;72;VRAI
3571;298;01/07/2023;87;VRAI
3572;298;01/10/2023;57;VRAI
3573;298;01/01/2024;51;FAUX
3574;298;01/04/2024;62;FAUX
3575;298;01/07/2024;72;VRAI
3576;298;01/10/2024;87;VRAI
3577;299;01/01/2022;86;FAUX
3578;299;01/04/2022;82;VRAI
3579;299;01/07/2022;99;VRAI
3580;299;01/10/2022;72;FAUX
3581;299;01/01/2023;52;VRAI
3582;299;01/04/2023;78;VRAI
3583;299;01/07/2023;57;FAUX
3584;299;01/10/2023;78;FAUX
3585;299;01/01/2024;90;VRAI
3586;299;01/04/2024;99;VRAI
3587;299;01/07/2024;50;FAUX
3588;299;01/10/2024;69;FAUX
3589;300;01/01/2022;70;VRAI
3590;300;01/04/2022;57;VRAI
3591;300;01/07/2022;96;VRAI
3592;300;01/10/2022;84;FAUX
3593;300;01/01/2023;94;FAUX
3594;300;01/04/2023;68;VRAI
3595;300;01/07/2023;67;FAUX
3596;300;01/10/2023;50;VRAI
3597;300;01/01/2024;76;VRAI
3598;300;01/04/2024;93;FAUX
3599;300;01/07/2024;78;VRAI
3600;300;01/10/2024;93;VRAI
3601;301;01/01/2022;85;VRAI
3602;301;01/04/2022;55;VRAI
3603;301;01/07/2022;80;VRAI
3604;301;01/10/2022;69;FAUX
3605;301;01/01/2023;86;VRAI
3606;301;01/04/2023;62;VRAI
3607;301;01/07/2023;51;FAUX
3608;301;01/10/2023;70;VRAI
3609;301;01/01/2024;73;VRAI
3610;301;01/04/2024;93;FAUX
3611;301;01/07/2024;83;FAUX
3612;301;01/10/2024;58;FAUX
3613;302;01/01/2022;79;FAUX
3614;302;01/04/2022;95;VRAI
3615;302;01/07/2022;92;VRAI
3616;302;01/10/2022;85;VRAI
3617;302;01/01/2023;56;FAUX
3618;302;01/04/2023;82;VRAI
3619;302;01/07/2023;50;VRAI
3620;302;01/10/2023;55;FAUX
3621;302;01/01/2024;84;FAUX
3622;302;01/04/2024;86;VRAI
3623;302;01/07/2024;75;FAUX
3624;302;01/10/2024;61;FAUX
3625;303;01/01/2022;79;FAUX
3626;303;01/04/2022;76;FAUX
3627;303;01/07/2022;68;VRAI
3628;303;01/10/2022;54;VRAI
3629;303;01/01/2023;76;FAUX
3630;303;01/04/2023;75;VRAI
3631;303;01/07/2023;98;FAUX
3632;303;01/10/2023;70;VRAI
3633;303;01/01/2024;77;FAUX
3634;303;01/04/2024;64;VRAI
3635;303;01/07/2024;66;FAUX
3636;303;01/10/2024;69;VRAI
3637;304;01/01/2022;62;VRAI
3638;304;01/04/2022;74;FAUX
3639;304;01/07/2022;54;FAUX
3640;304;01/10/2022;72;FAUX
3641;304;01/01/2023;79;FAUX
3642;304;01/04/2023;72;VRAI
3643;304;01/07/2023;80;FAUX
3644;304;01/10/2023;60;VRAI
3645;304;01/01/2024;61;FAUX
3646;304;01/04/2024;51;VRAI
3647;304;01/07/2024;84;VRAI
3648;304;01/10/2024;85;VRAI
3649;305;01/01/2022;77;FAUX
3650;305;01/04/2022;71;FAUX
3651;305;01/07/2022;56;VRAI
3652;305;01/10/2022;81;VRAI
3653;305;01/01/2023;73;VRAI
3654;305;01/04/2023;52;FAUX
3655;305;01/07/2023;55;FAUX
3656;305;01/10/2023;51;VRAI
3657;305;01/01/2024;63;VRAI
3658;305;01/04/2024;67;VRAI
3659;305;01/07/2024;93;VRAI
3660;305;01/10/2024;62;FAUX
3661;306;01/01/2022;93;FAUX
3662;306;01/04/2022;67;VRAI
3663;306;01/07/2022;98;VRAI
3664;306;01/10/2022;97;VRAI
3665;306;01/01/2023;89;VRAI
3666;306;01/04/2023;73;FAUX
3667;306;01/07/2023;57;FAUX
3668;306;01/10/2023;82;VRAI
3669;306;01/01/2024;62;FAUX
3670;306;01/04/2024;98;FAUX
3671;306;01/07/2024;63;FAUX
3672;306;01/10/2024;98;FAUX
3673;307;01/01/2022;88;FAUX
3674;307;01/04/2022;75;VRAI
3675;307;01/07/2022;81;VRAI
3676;307;01/10/2022;64;FAUX
3677;307;01/01/2023;70;FAUX
3678;307;01/04/2023;79;FAUX
3679;307;01/07/2023;62;FAUX
3680;307;01/10/2023;79;FAUX
3681;307;01/01/2024;68;VRAI
3682;307;01/04/2024;93;VRAI
3683;307;01/07/2024;74;FAUX
3684;307;01/10/2024;63;FAUX
3685;308;01/01/2022;61;FAUX
3686;308;01/04/2022;72;FAUX
3687;308;01/07/2022;79;FAUX
3688;308;01/10/2022;79;VRAI
3689;308;01/01/2023;79;VRAI
3690;308;01/04/2023;85;FAUX
3691;308;01/07/2023;98;FAUX
3692;308;01/10/2023;65;FAUX
3693;308;01/01/2024;63;FAUX
3694;308;01/04/2024;57;FAUX
3695;308;01/07/2024;80;FAUX
3696;308;01/10/2024;97;FAUX
3697;309;01/01/2022;50;VRAI
3698;309;01/04/2022;69;VRAI
3699;309;01/07/2022;63;FAUX
3700;309;01/10/2022;74;FAUX
3701;309;01/01/2023;74;VRAI
3702;309;01/04/2023;54;FAUX
3703;309;01/07/2023;75;FAUX
3704;309;01/10/2023;87;FAUX
3705;309;01/01/2024;53;VRAI
3706;309;01/04/2024;79;FAUX
3707;309;01/07/2024;68;VRAI
3708;309;01/10/2024;84;FAUX
3709;310;01/01/2022;82;VRAI
3710;310;01/04/2022;63;FAUX
3711;310;01/07/2022;59;VRAI
3712;310;01/10/2022;77;FAUX
3713;310;01/01/2023;85;FAUX
3714;310;01/04/2023;65;FAUX
3715;310;01/07/2023;70;FAUX
3716;310;01/10/2023;82;FAUX
3717;310;01/01/2024;90;VRAI
3718;310;01/04/2024;64;FAUX
3719;310;01/07/2024;52;VRAI
3720;310;01/10/2024;96;VRAI
3721;311;01/01/2022;63;FAUX
3722;311;01/04/2022;78;FAUX
3723;311;01/07/2022;75;VRAI
3724;311;01/10/2022;61;FAUX
3725;311;01/01/2023;66;VRAI
3726;311;01/04/2023;59;FAUX
3727;311;01/07/2023;71;VRAI
3728;311;01/10/2023;92;VRAI
3729;311;01/01/2024;64;VRAI
3730;311;01/04/2024;97;FAUX
3731;311;01/07/2024;70;VRAI
3732;311;01/10/2024;70;FAUX
3733;312;01/01/2022;93;FAUX
3734;312;01/04/2022;54;VRAI
3735;312;01/07/2022;58;VRAI
3736;312;01/10/2022;67;VRAI
3737;312;01/01/2023;57;FAUX
3738;312;01/04/2023;83;FAUX
3739;312;01/07/2023;90;VRAI
3740;312;01/10/2023;73;FAUX
3741;312;01/01/2024;73;FAUX
3742;312;01/04/2024;81;FAUX
3743;312;01/07/2024;82;FAUX
3744;312;01/10/2024;93;VRAI
3745;313;01/01/2022;98;FAUX
3746;313;01/04/2022;60;VRAI
3747;313;01/07/2022;67;VRAI
3748;313;01/10/2022;71;VRAI
3749;313;01/01/2023;67;FAUX
3750;313;01/04/2023;96;VRAI
3751;313;01/07/2023;96;VRAI
3752;313;01/10/2023;69;VRAI
3753;313;01/01/2024;94;VRAI
3754;313;01/04/2024;53;FAUX
3755;313;01/07/2024;85;FAUX
3756;313;01/10/2024;94;FAUX
3757;314;01/01/2022;77;FAUX
3758;314;01/04/2022;72;VRAI
3759;314;01/07/2022;85;VRAI
3760;314;01/10/2022;55;VRAI
3761;314;01/01/2023;88;FAUX
3762;314;01/04/2023;84;FAUX
3763;314;01/07/2023;59;FAUX
3764;314;01/10/2023;90;FAUX
3765;314;01/01/2024;87;VRAI
3766;314;01/04/2024;92;VRAI
3767;314;01/07/2024;99;FAUX
3768;314;01/10/2024;54;FAUX
3769;315;01/01/2022;85;VRAI
3770;315;01/04/2022;94;FAUX
3771;315;01/07/2022;74;FAUX
3772;315;01/10/2022;60;VRAI
3773;315;01/01/2023;83;FAUX
3774;315;01/04/2023;63;FAUX
3775;315;01/07/2023;73;VRAI
3776;315;01/10/2023;88;FAUX
3777;315;01/01/2024;92;FAUX
3778;315;01/04/2024;88;VRAI
3779;315;01/07/2024;65;FAUX
3780;315;01/10/2024;87;VRAI
3781;316;01/01/2022;81;FAUX
3782;316;01/04/2022;83;FAUX
3783;316;01/07/2022;57;FAUX
3784;316;01/10/2022;76;VRAI
3785;316;01/01/2023;76;VRAI
3786;316;01/04/2023;95;VRAI
3787;316;01/07/2023;64;VRAI
3788;316;01/10/2023;71;FAUX
3789;316;01/01/2024;61;VRAI
3790;316;01/04/2024;94;VRAI
3791;316;01/07/2024;74;FAUX
3792;316;01/10/2024;79;FAUX
3793;317;01/01/2022;83;FAUX
3794;317;01/04/2022;62;FAUX
3795;317;01/07/2022;78;FAUX
3796;317;01/10/2022;90;VRAI
3797;317;01/01/2023;58;VRAI
3798;317;01/04/2023;62;VRAI
3799;317;01/07/2023;63;VRAI
3800;317;01/10/2023;58;FAUX
3801;317;01/01/2024;88;FAUX
3802;317;01/04/2024;52;VRAI
3803;317;01/07/2024;96;FAUX
3804;317;01/10/2024;82;FAUX
3805;318;01/01/2022;56;VRAI
3806;318;01/04/2022;83;FAUX
3807;318;01/07/2022;99;FAUX
3808;318;01/10/2022;96;FAUX
3809;318;01/01/2023;68;FAUX
3810;318;01/04/2023;75;VRAI
3811;318;01/07/2023;77;VRAI
3812;318;01/10/2023;76;FAUX
3813;318;01/01/2024;68;VRAI
3814;318;01/04/2024;56;VRAI
3815;318;01/07/2024;92;VRAI
3816;318;01/10/2024;79;VRAI
3817;319;01/01/2022;92;FAUX
3818;319;01/04/2022;57;FAUX
3819;319;01/07/2022;61;FAUX
3820;319;01/10/2022;62;FAUX
3821;319;01/01/2023;67;FAUX
3822;319;01/04/2023;98;FAUX
3823;319;01/07/2023;65;VRAI
3824;319;01/10/2023;52;FAUX
3825;319;01/01/2024;76;VRAI
3826;319;01/04/2024;83;VRAI
3827;319;01/07/2024;71;FAUX
3828;319;01/10/2024;72;VRAI
3829;320;01/01/2022;98;FAUX
3830;320;01/04/2022;90;VRAI
3831;320;01/07/2022;96;FAUX
3832;320;01/10/2022;58;FAUX
3833;320;01/01/2023;70;VRAI
3834;320;01/04/2023;95;VRAI
3835;320;01/07/2023;65;VRAI
3836;320;01/10/2023;74;FAUX
3837;320;01/01/2024;98;VRAI
3838;320;01/04/2024;94;VRAI
3839;320;01/07/2024;64;VRAI
3840;320;01/10/2024;82;VRAI
3841;321;01/01/2022;54;FAUX
3842;321;01/04/2022;58;FAUX
3843;321;01/07/2022;55;FAUX
3844;321;01/10/2022;94;FAUX
3845;321;01/01/2023;77;FAUX
3846;321;01/04/2023;64;FAUX
3847;321;01/07/2023;76;FAUX
3848;321;01/10/2023;53;VRAI
3849;321;01/01/2024;70;FAUX
3850;321;01/04/2024;79;FAUX
3851;321;01/07/2024;84;VRAI
3852;321;01/10/2024;61;VRAI
3853;322;01/01/2022;79;VRAI
3854;322;01/04/2022;87;VRAI
3855;322;01/07/2022;87;FAUX
3856;322;01/10/2022;64;FAUX
3857;322;01/01/2023;78;FAUX
3858;322;01/04/2023;87;FAUX
3859;322;01/07/2023;70;VRAI
3860;322;01/10/2023;90;VRAI
3861;322;01/01/2024;67;VRAI
3862;322;01/04/2024;86;FAUX
3863;322;01/07/2024;87;FAUX
3864;322;01/10/2024;60;FAUX
3865;323;01/01/2022;98;FAUX
3866;323;01/04/2022;58;VRAI
3867;323;01/07/2022;52;VRAI
3868;323;01/10/2022;70;VRAI
3869;323;01/01/2023;58;FAUX
3870;323;01/04/2023;68;VRAI
3871;323;01/07/2023;95;FAUX
3872;323;01/10/2023;68;FAUX
3873;323;01/01/2024;72;VRAI
3874;323;01/04/2024;76;VRAI
3875;323;01/07/2024;85;FAUX
3876;323;01/10/2024;76;FAUX
3877;324;01/01/2022;83;VRAI
3878;324;01/04/2022;77;VRAI
3879;324;01/07/2022;81;FAUX
3880;324;01/10/2022;69;FAUX
3881;324;01/01/2023;84;VRAI
3882;324;01/04/2023;80;FAUX
3883;324;01/07/2023;71;VRAI
3884;324;01/10/2023;90;VRAI
3885;324;01/01/2024;58;VRAI
3886;324;01/04/2024;64;VRAI
3887;324;01/07/2024;71;FAUX
3888;324;01/10/2024;81;FAUX
3889;325;01/01/2022;75;FAUX
3890;325;01/04/2022;87;FAUX
3891;325;01/07/2022;57;FAUX
3892;325;01/10/2022;70;FAUX
3893;325;01/01/2023;95;VRAI
3894;325;01/04/2023;77;FAUX
3895;325;01/07/2023;93;FAUX
3896;325;01/10/2023;55;FAUX
3897;325;01/01/2024;80;VRAI
3898;325;01/04/2024;93;VRAI
3899;325;01/07/2024;57;VRAI
3900;325;01/10/2024;51;VRAI
3901;326;01/01/2022;94;VRAI
3902;326;01/04/2022;91;FAUX
3903;326;01/07/2022;66;VRAI
3904;326;01/10/2022;87;VRAI
3905;326;01/01/2023;96;VRAI
3906;326;01/04/2023;79;FAUX
3907;326;01/07/2023;53;VRAI
3908;326;01/10/2023;86;VRAI
3909;326;01/01/2024;58;FAUX
3910;326;01/04/2024;62;VRAI
3911;326;01/07/2024;71;FAUX
3912;326;01/10/2024;79;FAUX
3913;327;01/01/2022;85;FAUX
3914;327;01/04/2022;85;FAUX
3915;327;01/07/2022;94;FAUX
3916;327;01/10/2022;99;VRAI
3917;327;01/01/2023;50;VRAI
3918;327;01/04/2023;99;VRAI
3919;327;01/07/2023;81;FAUX
3920;327;01/10/2023;92;VRAI
3921;327;01/01/2024;80;FAUX
3922;327;01/04/2024;96;FAUX
3923;327;01/07/2024;97;VRAI
3924;327;01/10/2024;78;VRAI
3925;328;01/01/2022;68;VRAI
3926;328;01/04/2022;58;VRAI
3927;328;01/07/2022;86;VRAI
3928;328;01/10/2022;77;FAUX
3929;328;01/01/2023;73;FAUX
3930;328;01/04/2023;85;FAUX
3931;328;01/07/2023;67;VRAI
3932;328;01/10/2023;84;FAUX
3933;328;01/01/2024;63;VRAI
3934;328;01/04/2024;75;FAUX
3935;328;01/07/2024;73;FAUX
3936;328;01/10/2024;69;VRAI
3937;329;01/01/2022;56;FAUX
3938;329;01/04/2022;66;FAUX
3939;329;01/07/2022;71;FAUX
3940;329;01/10/2022;61;FAUX
3941;329;01/01/2023;95;VRAI
3942;329;01/04/2023;64;VRAI
3943;329;01/07/2023;65;VRAI
3944;329;01/10/2023;51;FAUX
3945;329;01/01/2024;77;VRAI
3946;329;01/04/2024;90;FAUX
3947;329;01/07/2024;76;VRAI
3948;329;01/10/2024;90;FAUX
3949;330;01/01/2022;96;VRAI
3950;330;01/04/2022;50;FAUX
3951;330;01/07/2022;78;VRAI
3952;330;01/10/2022;57;VRAI
3953;330;01/01/2023;65;FAUX
3954;330;01/04/2023;77;FAUX
3955;330;01/07/2023;67;FAUX
3956;330;01/10/2023;90;FAUX
3957;330;01/01/2024;68;VRAI
3958;330;01/04/2024;99;VRAI
3959;330;01/07/2024;54;VRAI
3960;330;01/10/2024;83;VRAI
3961;331;01/01/2022;59;VRAI
3962;331;01/04/2022;56;FAUX
3963;331;01/07/2022;86;VRAI
3964;331;01/10/2022;64;FAUX
3965;331;01/01/2023;73;FAUX
3966;331;01/04/2023;75;FAUX
3967;331;01/07/2023;75;FAUX
3968;331;01/10/2023;59;VRAI
3969;331;01/01/2024;63;FAUX
3970;331;01/04/2024;97;VRAI
3971;331;01/07/2024;76;VRAI
3972;331;01/10/2024;56;FAUX
3973;332;01/01/2022;59;FAUX
3974;332;01/04/2022;58;FAUX
3975;332;01/07/2022;72;VRAI
3976;332;01/10/2022;97;VRAI
3977;332;01/01/2023;76;FAUX
3978;332;01/04/2023;78;VRAI
3979;332;01/07/2023;69;VRAI
3980;332;01/10/2023;92;FAUX
3981;332;01/01/2024;56;FAUX
3982;332;01/04/2024;68;VRAI
3983;332;01/07/2024;69;FAUX
3984;332;01/10/2024;88;FAUX
3985;333;01/01/2022;56;FAUX
3986;333;01/04/2022;74;VRAI
3987;333;01/07/2022;62;VRAI
3988;333;01/10/2022;89;FAUX
3989;333;01/01/2023;98;VRAI
3990;333;01/04/2023;97;FAUX
3991;333;01/07/2023;83;FAUX
3992;333;01/10/2023;57;VRAI
3993;333;01/01/2024;94;FAUX
3994;333;01/04/2024;73;FAUX
3995;333;01/07/2024;91;FAUX
3996;333;01/10/2024;51;VRAI
3997;334;01/01/2022;63;FAUX
3998;334;01/04/2022;88;VRAI
3999;334;01/07/2022;61;FAUX
4000;334;01/10/2022;77;VRAI
4001;334;01/01/2023;77;FAUX
4002;334;01/04/2023;74;FAUX
4003;334;01/07/2023;75;FAUX
4004;334;01/10/2023;99;VRAI
4005;334;01/01/2024;50;VRAI
4006;334;01/04/2024;56;FAUX
4007;334;01/07/2024;97;FAUX
4008;334;01/10/2024;54;VRAI
4009;335;01/01/2022;88;FAUX
4010;335;01/04/2022;83;VRAI
4011;335;01/07/2022;98;FAUX
4012;335;01/10/2022;89;FAUX
4013;335;01/01/2023;96;VRAI
4014;335;01/04/2023;76;VRAI
4015;335;01/07/2023;87;FAUX
4016;335;01/10/2023;99;VRAI
4017;335;01/01/2024;75;FAUX
4018;335;01/04/2024;63;FAUX
4019;335;01/07/2024;63;VRAI
4020;335;01/10/2024;85;FAUX
4021;336;01/01/2022;96;VRAI
4022;336;01/04/2022;81;FAUX
4023;336;01/07/2022;63;FAUX
4024;336;01/10/2022;50;FAUX
4025;336;01/01/2023;69;FAUX
4026;336;01/04/2023;59;VRAI
4027;336;01/07/2023;73;FAUX
4028;336;01/10/2023;77;VRAI
4029;336;01/01/2024;89;VRAI
4030;336;01/04/2024;82;FAUX
4031;336;01/07/2024;56;VRAI
4032;336;01/10/2024;65;VRAI
4033;337;01/01/2022;83;FAUX
4034;337;01/04/2022;72;VRAI
4035;337;01/07/2022;99;VRAI
4036;337;01/10/2022;62;FAUX
4037;337;01/01/2023;73;VRAI
4038;337;01/04/2023;66;VRAI
4039;337;01/07/2023;62;FAUX
4040;337;01/10/2023;76;FAUX
4041;337;01/01/2024;82;FAUX
4042;337;01/04/2024;81;FAUX
4043;337;01/07/2024;78;FAUX
4044;337;01/10/2024;68;FAUX
4045;338;01/01/2022;93;FAUX
4046;338;01/04/2022;88;FAUX
4047;338;01/07/2022;90;VRAI
4048;338;01/10/2022;71;FAUX
4049;338;01/01/2023;59;FAUX
4050;338;01/04/2023;78;FAUX
4051;338;01/07/2023;50;VRAI
4052;338;01/10/2023;79;FAUX
4053;338;01/01/2024;95;VRAI
4054;338;01/04/2024;70;VRAI
4055;338;01/07/2024;95;FAUX
4056;338;01/10/2024;70;VRAI
4057;339;01/01/2022;90;FAUX
4058;339;01/04/2022;94;VRAI
4059;339;01/07/2022;68;FAUX
4060;339;01/10/2022;56;VRAI
4061;339;01/01/2023;50;VRAI
4062;339;01/04/2023;55;FAUX
4063;339;01/07/2023;51;VRAI
4064;339;01/10/2023;81;VRAI
4065;339;01/01/2024;97;FAUX
4066;339;01/04/2024;54;VRAI
4067;339;01/07/2024;80;FAUX
4068;339;01/10/2024;84;FAUX
4069;340;01/01/2022;97;FAUX
4070;340;01/04/2022;64;VRAI
4071;340;01/07/2022;65;FAUX
4072;340;01/10/2022;62;FAUX
4073;340;01/01/2023;91;FAUX
4074;340;01/04/2023;80;FAUX
4075;340;01/07/2023;78;VRAI
4076;340;01/10/2023;58;VRAI
4077;340;01/01/2024;60;VRAI
4078;340;01/04/2024;71;FAUX
4079;340;01/07/2024;95;VRAI
4080;340;01/10/2024;69;VRAI
4081;341;01/01/2022;70;FAUX
4082;341;01/04/2022;71;VRAI
4083;341;01/07/2022;58;VRAI
4084;341;01/10/2022;54;FAUX
4085;341;01/01/2023;60;VRAI
4086;341;01/04/2023;91;VRAI
4087;341;01/07/2023;88;FAUX
4088;341;01/10/2023;95;VRAI
4089;341;01/01/2024;98;FAUX
4090;341;01/04/2024;75;VRAI
4091;341;01/07/2024;55;FAUX
4092;341;01/10/2024;97;VRAI
4093;342;01/01/2022;59;VRAI
4094;342;01/04/2022;88;VRAI
4095;342;01/07/2022;83;VRAI
4096;342;01/10/2022;61;VRAI
4097;342;01/01/2023;93;FAUX
4098;342;01/04/2023;87;VRAI
4099;342;01/07/2023;51;FAUX
4100;342;01/10/2023;54;VRAI
4101;342;01/01/2024;74;VRAI
4102;342;01/04/2024;84;FAUX
4103;342;01/07/2024;86;FAUX
4104;342;01/10/2024;60;FAUX
4105;343;01/01/2022;84;VRAI
4106;343;01/04/2022;94;VRAI
4107;343;01/07/2022;57;FAUX
4108;343;01/10/2022;69;FAUX
4109;343;01/01/2023;83;FAUX
4110;343;01/04/2023;67;VRAI
4111;343;01/07/2023;53;FAUX
4112;343;01/10/2023;58;FAUX
4113;343;01/01/2024;75;FAUX
4114;343;01/04/2024;74;FAUX
4115;343;01/07/2024;90;VRAI
4116;343;01/10/2024;94;VRAI
4117;344;01/01/2022;87;VRAI
4118;344;01/04/2022;68;FAUX
4119;344;01/07/2022;70;VRAI
4120;344;01/10/2022;52;VRAI
4121;344;01/01/2023;99;FAUX
4122;344;01/04/2023;65;FAUX
4123;344;01/07/2023;58;VRAI
4124;344;01/10/2023;56;FAUX
4125;344;01/01/2024;55;VRAI
4126;344;01/04/2024;64;FAUX
4127;344;01/07/2024;57;FAUX
4128;344;01/10/2024;89;VRAI
4129;345;01/01/2022;81;FAUX
4130;345;01/04/2022;98;VRAI
4131;345;01/07/2022;54;FAUX
4132;345;01/10/2022;71;FAUX
4133;345;01/01/2023;65;VRAI
4134;345;01/04/2023;56;FAUX
4135;345;01/07/2023;99;FAUX
4136;345;01/10/2023;96;FAUX
4137;345;01/01/2024;80;FAUX
4138;345;01/04/2024;90;FAUX
4139;345;01/07/2024;54;VRAI
4140;345;01/10/2024;89;VRAI
4141;346;01/01/2022;78;VRAI
4142;346;01/04/2022;54;VRAI
4143;346;01/07/2022;81;FAUX
4144;346;01/10/2022;64;VRAI
4145;346;01/01/2023;71;FAUX
4146;346;01/04/2023;66;FAUX
4147;346;01/07/2023;74;FAUX
4148;346;01/10/2023;66;FAUX
4149;346;01/01/2024;77;VRAI
4150;346;01/04/2024;67;VRAI
4151;346;01/07/2024;67;VRAI
4152;346;01/10/2024;81;FAUX
4153;347;01/01/2022;65;FAUX
4154;347;01/04/2022;67;FAUX
4155;347;01/07/2022;66;VRAI
4156;347;01/10/2022;61;FAUX
4157;347;01/01/2023;59;VRAI
4158;347;01/04/2023;70;VRAI
4159;347;01/07/2023;68;VRAI
4160;347;01/10/2023;93;VRAI
4161;347;01/01/2024;55;FAUX
4162;347;01/04/2024;53;VRAI
4163;347;01/07/2024;67;VRAI
4164;347;01/10/2024;84;FAUX
4165;348;01/01/2022;87;FAUX
4166;348;01/04/2022;69;FAUX
4167;348;01/07/2022;84;FAUX
4168;348;01/10/2022;68;FAUX
4169;348;01/01/2023;53;VRAI
4170;348;01/04/2023;51;VRAI
4171;348;01/07/2023;94;FAUX
4172;348;01/10/2023;83;FAUX
4173;348;01/01/2024;73;FAUX
4174;348;01/04/2024;93;VRAI
4175;348;01/07/2024;90;VRAI
4176;348;01/10/2024;59;FAUX
4177;349;01/01/2022;67;VRAI
4178;349;01/04/2022;56;VRAI
4179;349;01/07/2022;68;FAUX
4180;349;01/10/2022;64;VRAI
4181;349;01/01/2023;91;VRAI
4182;349;01/04/2023;53;FAUX
4183;349;01/07/2023;53;VRAI
4184;349;01/10/2023;90;FAUX
4185;349;01/01/2024;72;FAUX
4186;349;01/04/2024;86;VRAI
4187;349;01/07/2024;60;VRAI
4188;349;01/10/2024;60;VRAI
4189;350;01/01/2022;63;FAUX
4190;350;01/04/2022;57;VRAI
4191;350;01/07/2022;67;VRAI
4192;350;01/10/2022;93;FAUX
4193;350;01/01/2023;67;FAUX
4194;350;01/04/2023;56;FAUX
4195;350;01/07/2023;99;FAUX
4196;350;01/10/2023;63;VRAI
4197;350;01/01/2024;65;FAUX
4198;350;01/04/2024;79;FAUX
4199;350;01/07/2024;67;VRAI
4200;350;01/10/2024;93;FAUX
4201;351;01/01/2022;62;FAUX
4202;351;01/04/2022;98;FAUX
4203;351;01/07/2022;84;VRAI
4204;351;01/10/2022;91;VRAI
4205;351;01/01/2023;87;VRAI
4206;351;01/04/2023;85;VRAI
4207;351;01/07/2023;69;VRAI
4208;351;01/10/2023;52;FAUX
4209;351;01/01/2024;89;VRAI
4210;351;01/04/2024;81;VRAI
4211;351;01/07/2024;56;FAUX
4212;351;01/10/2024;70;FAUX
4213;352;01/01/2022;77;FAUX
4214;352;01/04/2022;91;FAUX
4215;352;01/07/2022;81;VRAI
4216;352;01/10/2022;91;VRAI
4217;352;01/01/2023;95;VRAI
4218;352;01/04/2023;60;VRAI
4219;352;01/07/2023;99;VRAI
4220;352;01/10/2023;98;FAUX
4221;352;01/01/2024;52;VRAI
4222;352;01/04/2024;99;VRAI
4223;352;01/07/2024;84;FAUX
4224;352;01/10/2024;64;VRAI
4225;353;01/01/2022;60;VRAI
4226;353;01/04/2022;77;FAUX
4227;353;01/07/2022;77;FAUX
4228;353;01/10/2022;74;FAUX
4229;353;01/01/2023;77;VRAI
4230;353;01/04/2023;60;VRAI
4231;353;01/07/2023;77;VRAI
4232;353;01/10/2023;54;FAUX
4233;353;01/01/2024;91;FAUX
4234;353;01/04/2024;83;FAUX
4235;353;01/07/2024;51;FAUX
4236;353;01/10/2024;62;VRAI
4237;354;01/01/2022;54;FAUX
4238;354;01/04/2022;51;VRAI
4239;354;01/07/2022;60;FAUX
4240;354;01/10/2022;79;FAUX
4241;354;01/01/2023;81;FAUX
4242;354;01/04/2023;99;FAUX
4243;354;01/07/2023;87;VRAI
4244;354;01/10/2023;77;FAUX
4245;354;01/01/2024;71;VRAI
4246;354;01/04/2024;66;FAUX
4247;354;01/07/2024;92;VRAI
4248;354;01/10/2024;66;FAUX
4249;355;01/01/2022;85;FAUX
4250;355;01/04/2022;95;VRAI
4251;355;01/07/2022;85;FAUX
4252;355;01/10/2022;63;FAUX
4253;355;01/01/2023;85;FAUX
4254;355;01/04/2023;58;VRAI
4255;355;01/07/2023;61;VRAI
4256;355;01/10/2023;79;VRAI
4257;355;01/01/2024;89;FAUX
4258;355;01/04/2024;53;VRAI
4259;355;01/07/2024;76;FAUX
4260;355;01/10/2024;74;VRAI
4261;356;01/01/2022;55;VRAI
4262;356;01/04/2022;76;FAUX
4263;356;01/07/2022;58;VRAI
4264;356;01/10/2022;85;VRAI
4265;356;01/01/2023;90;VRAI
4266;356;01/04/2023;81;FAUX
4267;356;01/07/2023;96;VRAI
4268;356;01/10/2023;64;VRAI
4269;356;01/01/2024;68;VRAI
4270;356;01/04/2024;55;VRAI
4271;356;01/07/2024;68;VRAI
4272;356;01/10/2024;77;VRAI
4273;357;01/01/2022;91;VRAI
4274;357;01/04/2022;80;VRAI
4275;357;01/07/2022;64;FAUX
4276;357;01/10/2022;92;VRAI
4277;357;01/01/2023;52;FAUX
4278;357;01/04/2023;52;FAUX
4279;357;01/07/2023;74;VRAI
4280;357;01/10/2023;69;FAUX
4281;357;01/01/2024;78;FAUX
4282;357;01/04/2024;99;VRAI
4283;357;01/07/2024;64;VRAI
4284;357;01/10/2024;59;VRAI
4285;358;01/01/2022;78;FAUX
4286;358;01/04/2022;59;VRAI
4287;358;01/07/2022;96;VRAI
4288;358;01/10/2022;99;VRAI
4289;358;01/01/2023;80;FAUX
4290;358;01/04/2023;98;FAUX
4291;358;01/07/2023;52;VRAI
4292;358;01/10/2023;51;FAUX
4293;358;01/01/2024;50;VRAI
4294;358;01/04/2024;82;FAUX
4295;358;01/07/2024;56;VRAI
4296;358;01/10/2024;93;VRAI
4297;359;01/01/2022;50;VRAI
4298;359;01/04/2022;68;VRAI
4299;359;01/07/2022;75;FAUX
4300;359;01/10/2022;61;FAUX
4301;359;01/01/2023;62;FAUX
4302;359;01/04/2023;63;FAUX
4303;359;01/07/2023;79;FAUX
4304;359;01/10/2023;93;FAUX
4305;359;01/01/2024;93;VRAI
4306;359;01/04/2024;87;VRAI
4307;359;01/07/2024;91;FAUX
4308;359;01/10/2024;90;FAUX
4309;360;01/01/2022;88;VRAI
4310;360;01/04/2022;93;VRAI
4311;360;01/07/2022;50;FAUX
4312;360;01/10/2022;64;FAUX
4313;360;01/01/2023;57;VRAI
4314;360;01/04/2023;67;VRAI
4315;360;01/07/2023;78;FAUX
4316;360;01/10/2023;82;VRAI
4317;360;01/01/2024;67;FAUX
4318;360;01/04/2024;59;FAUX
4319;360;01/07/2024;85;VRAI
4320;360;01/10/2024;72;FAUX
4321;361;01/01/2022;54;FAUX
4322;361;01/04/2022;73;VRAI
4323;361;01/07/2022;80;VRAI
4324;361;01/10/2022;66;FAUX
4325;361;01/01/2023;87;VRAI
4326;361;01/04/2023;71;VRAI
4327;361;01/07/2023;86;VRAI
4328;361;01/10/2023;99;FAUX
4329;361;01/01/2024;74;VRAI
4330;361;01/04/2024;70;VRAI
4331;361;01/07/2024;87;FAUX
4332;361;01/10/2024;76;VRAI
4333;362;01/01/2022;81;VRAI
4334;362;01/04/2022;53;FAUX
4335;362;01/07/2022;68;FAUX
4336;362;01/10/2022;75;FAUX
4337;362;01/01/2023;63;VRAI
4338;362;01/04/2023;69;FAUX
4339;362;01/07/2023;85;VRAI
4340;362;01/10/2023;58;VRAI
4341;362;01/01/2024;79;VRAI
4342;362;01/04/2024;76;VRAI
4343;362;01/07/2024;93;VRAI
4344;362;01/10/2024;62;VRAI
4345;363;01/01/2022;95;FAUX
4346;363;01/04/2022;58;VRAI
4347;363;01/07/2022;72;FAUX
4348;363;01/10/2022;85;VRAI
4349;363;01/01/2023;89;VRAI
4350;363;01/04/2023;83;VRAI
4351;363;01/07/2023;77;VRAI
4352;363;01/10/2023;89;VRAI
4353;363;01/01/2024;94;VRAI
4354;363;01/04/2024;90;FAUX
4355;363;01/07/2024;63;FAUX
4356;363;01/10/2024;64;VRAI
4357;364;01/01/2022;64;VRAI
4358;364;01/04/2022;73;FAUX
4359;364;01/07/2022;95;FAUX
4360;364;01/10/2022;54;FAUX
4361;364;01/01/2023;53;FAUX
4362;364;01/04/2023;65;FAUX
4363;364;01/07/2023;73;FAUX
4364;364;01/10/2023;80;FAUX
4365;364;01/01/2024;84;VRAI
4366;364;01/04/2024;78;VRAI
4367;364;01/07/2024;60;VRAI
4368;364;01/10/2024;77;FAUX
4369;365;01/01/2022;99;VRAI
4370;365;01/04/2022;97;FAUX
4371;365;01/07/2022;59;VRAI
4372;365;01/10/2022;85;VRAI
4373;365;01/01/2023;54;FAUX
4374;365;01/04/2023;93;VRAI
4375;365;01/07/2023;73;FAUX
4376;365;01/10/2023;81;FAUX
4377;365;01/01/2024;81;VRAI
4378;365;01/04/2024;86;FAUX
4379;365;01/07/2024;85;VRAI
4380;365;01/10/2024;96;FAUX
4381;366;01/01/2022;70;FAUX
4382;366;01/04/2022;70;VRAI
4383;366;01/07/2022;55;VRAI
4384;366;01/10/2022;50;FAUX
4385;366;01/01/2023;63;FAUX
4386;366;01/04/2023;50;FAUX
4387;366;01/07/2023;83;FAUX
4388;366;01/10/2023;60;VRAI
4389;366;01/01/2024;91;FAUX
4390;366;01/04/2024;55;FAUX
4391;366;01/07/2024;69;VRAI
4392;366;01/10/2024;51;FAUX
4393;367;01/01/2022;80;FAUX
4394;367;01/04/2022;81;FAUX
4395;367;01/07/2022;72;FAUX
4396;367;01/10/2022;55;VRAI
4397;367;01/01/2023;77;VRAI
4398;367;01/04/2023;79;FAUX
4399;367;01/07/2023;63;VRAI
4400;367;01/10/2023;81;VRAI
4401;367;01/01/2024;83;VRAI
4402;367;01/04/2024;93;VRAI
4403;367;01/07/2024;71;VRAI
4404;367;01/10/2024;56;VRAI
4405;368;01/01/2022;70;FAUX
4406;368;01/04/2022;69;VRAI
4407;368;01/07/2022;93;VRAI
4408;368;01/10/2022;99;VRAI
4409;368;01/01/2023;97;FAUX
4410;368;01/04/2023;64;VRAI
4411;368;01/07/2023;60;VRAI
4412;368;01/10/2023;78;FAUX
4413;368;01/01/2024;94;FAUX
4414;368;01/04/2024;98;FAUX
4415;368;01/07/2024;97;VRAI
4416;368;01/10/2024;64;FAUX
4417;369;01/01/2022;93;VRAI
4418;369;01/04/2022;81;FAUX
4419;369;01/07/2022;89;FAUX
4420;369;01/10/2022;71;FAUX
4421;369;01/01/2023;66;VRAI
4422;369;01/04/2023;97;VRAI
4423;369;01/07/2023;64;VRAI
4424;369;01/10/2023;73;VRAI
4425;369;01/01/2024;61;FAUX
4426;369;01/04/2024;95;FAUX
4427;369;01/07/2024;91;FAUX
4428;369;01/10/2024;80;VRAI
4429;370;01/01/2022;65;VRAI
4430;370;01/04/2022;58;VRAI
4431;370;01/07/2022;63;VRAI
4432;370;01/10/2022;80;VRAI
4433;370;01/01/2023;85;VRAI
4434;370;01/04/2023;88;FAUX
4435;370;01/07/2023;75;FAUX
4436;370;01/10/2023;73;FAUX
4437;370;01/01/2024;68;VRAI
4438;370;01/04/2024;97;FAUX
4439;370;01/07/2024;71;VRAI
4440;370;01/10/2024;58;FAUX
4441;371;01/01/2022;93;VRAI
4442;371;01/04/2022;97;FAUX
4443;371;01/07/2022;86;FAUX
4444;371;01/10/2022;50;FAUX
4445;371;01/01/2023;55;VRAI
4446;371;01/04/2023;85;VRAI
4447;371;01/07/2023;60;VRAI
4448;371;01/10/2023;99;FAUX
4449;371;01/01/2024;96;FAUX
4450;371;01/04/2024;69;FAUX
4451;371;01/07/2024;62;VRAI
4452;371;01/10/2024;79;VRAI
4453;372;01/01/2022;71;FAUX
4454;372;01/04/2022;95;VRAI
4455;372;01/07/2022;80;FAUX
4456;372;01/10/2022;76;FAUX
4457;372;01/01/2023;74;VRAI
4458;372;01/04/2023;77;FAUX
4459;372;01/07/2023;61;FAUX
4460;372;01/10/2023;67;FAUX
4461;372;01/01/2024;72;VRAI
4462;372;01/04/2024;76;VRAI
4463;372;01/07/2024;66;FAUX
4464;372;01/10/2024;70;FAUX
4465;373;01/01/2022;89;FAUX
4466;373;01/04/2022;80;VRAI
4467;373;01/07/2022;66;VRAI
4468;373;01/10/2022;99;FAUX
4469;373;01/01/2023;75;VRAI
4470;373;01/04/2023;55;FAUX
4471;373;01/07/2023;57;VRAI
4472;373;01/10/2023;94;FAUX
4473;373;01/01/2024;68;FAUX
4474;373;01/04/2024;78;VRAI
4475;373;01/07/2024;96;FAUX
4476;373;01/10/2024;59;VRAI
4477;374;01/01/2022;98;VRAI
4478;374;01/04/2022;88;VRAI
4479;374;01/07/2022;94;VRAI
4480;374;01/10/2022;96;VRAI
4481;374;01/01/2023;80;FAUX
4482;374;01/04/2023;60;FAUX
4483;374;01/07/2023;67;FAUX
4484;374;01/10/2023;84;FAUX
4485;374;01/01/2024;52;FAUX
4486;374;01/04/2024;54;VRAI
4487;374;01/07/2024;77;FAUX
4488;374;01/10/2024;68;FAUX
4489;375;01/01/2022;76;VRAI
4490;375;01/04/2022;87;VRAI
4491;375;01/07/2022;70;VRAI
4492;375;01/10/2022;95;FAUX
4493;375;01/01/2023;87;VRAI
4494;375;01/04/2023;60;VRAI
4495;375;01/07/2023;90;VRAI
4496;375;01/10/2023;66;FAUX
4497;375;01/01/2024;88;VRAI
4498;375;01/04/2024;79;VRAI
4499;375;01/07/2024;50;VRAI
4500;375;01/10/2024;81;VRAI
4501;376;01/01/2022;57;VRAI
4502;376;01/04/2022;79;VRAI
4503;376;01/07/2022;57;VRAI
4504;376;01/10/2022;68;FAUX
4505;376;01/01/2023;79;VRAI
4506;376;01/04/2023;85;VRAI
4507;376;01/07/2023;93;VRAI
4508;376;01/10/2023;62;FAUX
4509;376;01/01/2024;86;FAUX
4510;376;01/04/2024;97;FAUX
4511;376;01/07/2024;88;VRAI
4512;376;01/10/2024;62;FAUX
4513;377;01/01/2022;65;FAUX
4514;377;01/04/2022;56;FAUX
4515;377;01/07/2022;76;VRAI
4516;377;01/10/2022;84;VRAI
4517;377;01/01/2023;77;VRAI
4518;377;01/04/2023;56;FAUX
4519;377;01/07/2023;99;FAUX
4520;377;01/10/2023;99;VRAI
4521;377;01/01/2024;95;FAUX
4522;377;01/04/2024;81;FAUX
4523;377;01/07/2024;89;FAUX
4524;377;01/10/2024;75;FAUX
4525;378;01/01/2022;88;FAUX
4526;378;01/04/2022;67;FAUX
4527;378;01/07/2022;64;FAUX
4528;378;01/10/2022;71;VRAI
4529;378;01/01/2023;71;VRAI
4530;378;01/04/2023;70;FAUX
4531;378;01/07/2023;89;VRAI
4532;378;01/10/2023;92;FAUX
4533;378;01/01/2024;72;VRAI
4534;378;01/04/2024;90;VRAI
4535;378;01/07/2024;98;VRAI
4536;378;01/10/2024;90;FAUX
4537;379;01/01/2022;50;FAUX
4538;379;01/04/2022;53;FAUX
4539;379;01/07/2022;81;FAUX
4540;379;01/10/2022;51;FAUX
4541;379;01/01/2023;99;VRAI
4542;379;01/04/2023;63;FAUX
4543;379;01/07/2023;74;FAUX
4544;379;01/10/2023;98;FAUX
4545;379;01/01/2024;77;VRAI
4546;379;01/04/2024;95;VRAI
4547;379;01/07/2024;72;FAUX
4548;379;01/10/2024;57;VRAI
4549;380;01/01/2022;86;FAUX
4550;380;01/04/2022;89;FAUX
4551;380;01/07/2022;76;FAUX
4552;380;01/10/2022;90;FAUX
4553;380;01/01/2023;84;VRAI
4554;380;01/04/2023;64;VRAI
4555;380;01/07/2023;76;VRAI
4556;380;01/10/2023;89;FAUX
4557;380;01/01/2024;98;FAUX
4558;380;01/04/2024;80;VRAI
4559;380;01/07/2024;86;VRAI
4560;380;01/10/2024;90;FAUX
4561;381;01/01/2022;83;VRAI
4562;381;01/04/2022;52;VRAI
4563;381;01/07/2022;63;FAUX
4564;381;01/10/2022;95;FAUX
4565;381;01/01/2023;84;VRAI
4566;381;01/04/2023;97;VRAI
4567;381;01/07/2023;53;VRAI
4568;381;01/10/2023;82;VRAI
4569;381;01/01/2024;77;FAUX
4570;381;01/04/2024;75;FAUX
4571;381;01/07/2024;83;VRAI
4572;381;01/10/2024;67;VRAI
4573;382;01/01/2022;76;FAUX
4574;382;01/04/2022;59;FAUX
4575;382;01/07/2022;61;FAUX
4576;382;01/10/2022;65;FAUX
4577;382;01/01/2023;60;FAUX
4578;382;01/04/2023;50;VRAI
4579;382;01/07/2023;52;FAUX
4580;382;01/10/2023;79;VRAI
4581;382;01/01/2024;86;VRAI
4582;382;01/04/2024;91;VRAI
4583;382;01/07/2024;53;FAUX
4584;382;01/10/2024;64;VRAI
4585;383;01/01/2022;76;FAUX
4586;383;01/04/2022;72;VRAI
4587;383;01/07/2022;76;VRAI
4588;383;01/10/2022;88;VRAI
4589;383;01/01/2023;57;FAUX
4590;383;01/04/2023;91;FAUX
4591;383;01/07/2023;53;VRAI
4592;383;01/10/2023;92;FAUX
4593;383;01/01/2024;52;VRAI
4594;383;01/04/2024;84;VRAI
4595;383;01/07/2024;87;VRAI
4596;383;01/10/2024;63;FAUX
4597;384;01/01/2022;50;VRAI
4598;384;01/04/2022;98;FAUX
4599;384;01/07/2022;57;FAUX
4600;384;01/10/2022;65;FAUX
4601;384;01/01/2023;59;FAUX
4602;384;01/04/2023;86;FAUX
4603;384;01/07/2023;77;FAUX
4604;384;01/10/2023;69;VRAI
4605;384;01/01/2024;63;FAUX
4606;384;01/04/2024;84;VRAI
4607;384;01/07/2024;61;FAUX
4608;384;01/10/2024;67;FAUX
4609;385;01/01/2022;51;FAUX
4610;385;01/04/2022;66;FAUX
4611;385;01/07/2022;67;FAUX
4612;385;01/10/2022;68;FAUX
4613;385;01/01/2023;50;FAUX
4614;385;01/04/2023;85;VRAI
4615;385;01/07/2023;85;FAUX
4616;385;01/10/2023;80;VRAI
4617;385;01/01/2024;51;VRAI
4618;385;01/04/2024;61;FAUX
4619;385;01/07/2024;80;VRAI
4620;385;01/10/2024;71;VRAI
4621;386;01/01/2022;72;VRAI
4622;386;01/04/2022;75;VRAI
4623;386;01/07/2022;72;FAUX
4624;386;01/10/2022;94;FAUX
4625;386;01/01/2023;88;FAUX
4626;386;01/04/2023;57;FAUX
4627;386;01/07/2023;90;FAUX
4628;386;01/10/2023;76;FAUX
4629;386;01/01/2024;64;VRAI
4630;386;01/04/2024;54;VRAI
4631;386;01/07/2024;58;VRAI
4632;386;01/10/2024;90;FAUX
4633;387;01/01/2022;59;FAUX
4634;387;01/04/2022;75;FAUX
4635;387;01/07/2022;87;FAUX
4636;387;01/10/2022;63;VRAI
4637;387;01/01/2023;50;VRAI
4638;387;01/04/2023;94;FAUX
4639;387;01/07/2023;76;VRAI
4640;387;01/10/2023;58;VRAI
4641;387;01/01/2024;84;FAUX
4642;387;01/04/2024;61;VRAI
4643;387;01/07/2024;52;VRAI
4644;387;01/10/2024;70;FAUX
4645;388;01/01/2022;82;FAUX
4646;388;01/04/2022;55;FAUX
4647;388;01/07/2022;78;VRAI
4648;388;01/10/2022;89;VRAI
4649;388;01/01/2023;53;VRAI
4650;388;01/04/2023;53;VRAI
4651;388;01/07/2023;86;FAUX
4652;388;01/10/2023;69;VRAI
4653;388;01/01/2024;72;VRAI
4654;388;01/04/2024;67;VRAI
4655;388;01/07/2024;74;VRAI
4656;388;01/10/2024;64;VRAI
4657;389;01/01/2022;83;FAUX
4658;389;01/04/2022;69;FAUX
4659;389;01/07/2022;86;FAUX
4660;389;01/10/2022;76;FAUX
4661;389;01/01/2023;54;FAUX
4662;389;01/04/2023;88;VRAI
4663;389;01/07/2023;66;FAUX
4664;389;01/10/2023;73;FAUX
4665;389;01/01/2024;52;VRAI
4666;389;01/04/2024;56;VRAI
4667;389;01/07/2024;52;VRAI
4668;389;01/10/2024;78;FAUX
4669;390;01/01/2022;78;FAUX
4670;390;01/04/2022;81;VRAI
4671;390;01/07/2022;88;VRAI
4672;390;01/10/2022;86;FAUX
4673;390;01/01/2023;89;FAUX
4674;390;01/04/2023;53;FAUX
4675;390;01/07/2023;69;FAUX
4676;390;01/10/2023;63;FAUX
4677;390;01/01/2024;83;VRAI
4678;390;01/04/2024;80;VRAI
4679;390;01/07/2024;88;FAUX
4680;390;01/10/2024;74;FAUX
4681;391;01/01/2022;58;FAUX
4682;391;01/04/2022;80;VRAI
4683;391;01/07/2022;72;VRAI
4684;391;01/10/2022;59;FAUX
4685;391;01/01/2023;55;FAUX
4686;391;01/04/2023;60;FAUX
4687;391;01/07/2023;52;FAUX
4688;391;01/10/2023;90;VRAI
4689;391;01/01/2024;62;FAUX
4690;391;01/04/2024;94;VRAI
4691;391;01/07/2024;56;FAUX
4692;391;01/10/2024;87;VRAI
4693;392;01/01/2022;66;VRAI
4694;392;01/04/2022;85;FAUX
4695;392;01/07/2022;64;FAUX
4696;392;01/10/2022;60;FAUX
4697;392;01/01/2023;80;FAUX
4698;392;01/04/2023;84;FAUX
4699;392;01/07/2023;76;FAUX
4700;392;01/10/2023;79;VRAI
4701;392;01/01/2024;69;VRAI
4702;392;01/04/2024;78;VRAI
4703;392;01/07/2024;99;VRAI
4704;392;01/10/2024;97;VRAI
4705;393;01/01/2022;59;VRAI
4706;393;01/04/2022;61;FAUX
4707;393;01/07/2022;82;FAUX
4708;393;01/10/2022;63;FAUX
4709;393;01/01/2023;70;VRAI
4710;393;01/04/2023;98;VRAI
4711;393;01/07/2023;64;FAUX
4712;393;01/10/2023;96;FAUX
4713;393;01/01/2024;71;FAUX
4714;393;01/04/2024;95;FAUX
4715;393;01/07/2024;82;FAUX
4716;393;01/10/2024;90;VRAI
4717;394;01/01/2022;88;VRAI
4718;394;01/04/2022;92;VRAI
4719;394;01/07/2022;51;FAUX
4720;394;01/10/2022;87;VRAI
4721;394;01/01/2023;78;FAUX
4722;394;01/04/2023;95;FAUX
4723;394;01/07/2023;52;VRAI
4724;394;01/10/2023;56;FAUX
4725;394;01/01/2024;78;VRAI
4726;394;01/04/2024;86;VRAI
4727;394;01/07/2024;85;VRAI
4728;394;01/10/2024;94;FAUX
4729;395;01/01/2022;97;VRAI
4730;395;01/04/2022;83;FAUX
4731;395;01/07/2022;50;FAUX
4732;395;01/10/2022;89;VRAI
4733;395;01/01/2023;64;FAUX
4734;395;01/04/2023;98;VRAI
4735;395;01/07/2023;93;FAUX
4736;395;01/10/2023;69;FAUX
4737;395;01/01/2024;57;VRAI
4738;395;01/04/2024;83;VRAI
4739;395;01/07/2024;81;VRAI
4740;395;01/10/2024;91;FAUX
4741;396;01/01/2022;93;FAUX
4742;396;01/04/2022;88;FAUX
4743;396;01/07/2022;73;FAUX
4744;396;01/10/2022;75;VRAI
4745;396;01/01/2023;85;VRAI
4746;396;01/04/2023;59;FAUX
4747;396;01/07/2023;96;FAUX
4748;396;01/10/2023;50;FAUX
4749;396;01/01/2024;99;VRAI
4750;396;01/04/2024;65;VRAI
4751;396;01/07/2024;68;FAUX
4752;396;01/10/2024;55;FAUX
4753;397;01/01/2022;98;VRAI
4754;397;01/04/2022;88;VRAI
4755;397;01/07/2022;94;FAUX
4756;397;01/10/2022;63;FAUX
4757;397;01/01/2023;58;VRAI
4758;397;01/04/2023;86;FAUX
4759;397;01/07/2023;69;FAUX
4760;397;01/10/2023;81;VRAI
4761;397;01/01/2024;70;VRAI
4762;397;01/04/2024;90;VRAI
4763;397;01/07/2024;78;FAUX
4764;397;01/10/2024;80;FAUX
4765;398;01/01/2022;55;FAUX
4766;398;01/04/2022;92;VRAI
4767;398;01/07/2022;91;VRAI
4768;398;01/10/2022;50;FAUX
4769;398;01/01/2023;64;VRAI
4770;398;01/04/2023;70;FAUX
4771;398;01/07/2023;80;VRAI
4772;398;01/10/2023;66;FAUX
4773;398;01/01/2024;68;VRAI
4774;398;01/04/2024;52;FAUX
4775;398;01/07/2024;84;FAUX
4776;398;01/10/2024;78;FAUX
4777;399;01/01/2022;63;VRAI
4778;399;01/04/2022;77;FAUX
4779;399;01/07/2022;79;FAUX
4780;399;01/10/2022;56;VRAI
4781;399;01/01/2023;80;VRAI
4782;399;01/04/2023;84;FAUX
4783;399;01/07/2023;96;VRAI
4784;399;01/10/2023;63;VRAI
4785;399;01/01/2024;85;VRAI
4786;399;01/04/2024;73;FAUX
4787;399;01/07/2024;78;VRAI
4788;399;01/10/2024;94;FAUX
4789;400;01/01/2022;57;VRAI
4790;400;01/04/2022;98;VRAI
4791;400;01/07/2022;53;VRAI
4792;400;01/10/2022;67;FAUX
4793;400;01/01/2023;98;FAUX
4794;400;01/04/2023;64;FAUX
4795;400;01/07/2023;65;VRAI
4796;400;01/10/2023;89;VRAI
4797;400;01/01/2024;92;VRAI
4798;400;01/04/2024;83;VRAI
4799;400;01/07/2024;62;FAUX
4800;400;01/10/2024;76;VRAI
4801;401;01/01/2022;54;VRAI
4802;401;01/04/2022;71;VRAI
4803;401;01/07/2022;52;FAUX
4804;401;01/10/2022;70;VRAI
4805;401;01/01/2023;55;FAUX
4806;401;01/04/2023;81;FAUX
4807;401;01/07/2023;86;FAUX
4808;401;01/10/2023;74;FAUX
4809;401;01/01/2024;84;FAUX
4810;401;01/04/2024;73;VRAI
4811;401;01/07/2024;79;VRAI
4812;401;01/10/2024;99;FAUX
4813;402;01/01/2022;80;VRAI
4814;402;01/04/2022;89;VRAI
4815;402;01/07/2022;74;FAUX
4816;402;01/10/2022;73;VRAI
4817;402;01/01/2023;88;FAUX
4818;402;01/04/2023;62;FAUX
4819;402;01/07/2023;72;FAUX
4820;402;01/10/2023;81;VRAI
4821;402;01/01/2024;85;FAUX
4822;402;01/04/2024;65;FAUX
4823;402;01/07/2024;67;FAUX
4824;402;01/10/2024;91;FAUX
4825;403;01/01/2022;60;FAUX
4826;403;01/04/2022;50;FAUX
4827;403;01/07/2022;61;VRAI
4828;403;01/10/2022;87;FAUX
4829;403;01/01/2023;94;FAUX
4830;403;01/04/2023;66;VRAI
4831;403;01/07/2023;81;FAUX
4832;403;01/10/2023;89;FAUX
4833;403;01/01/2024;92;FAUX
4834;403;01/04/2024;73;FAUX
4835;403;01/07/2024;96;VRAI
4836;403;01/10/2024;88;FAUX
4837;404;01/01/2022;85;VRAI
4838;404;01/04/2022;99;VRAI
4839;404;01/07/2022;59;VRAI
4840;404;01/10/2022;95;VRAI
4841;404;01/01/2023;64;FAUX
4842;404;01/04/2023;51;VRAI
4843;404;01/07/2023;53;VRAI
4844;404;01/10/2023;99;VRAI
4845;404;01/01/2024;80;VRAI
4846;404;01/04/2024;59;VRAI
4847;404;01/07/2024;90;VRAI
4848;404;01/10/2024;93;VRAI
4849;405;01/01/2022;70;FAUX
4850;405;01/04/2022;90;FAUX
4851;405;01/07/2022;94;FAUX
4852;405;01/10/2022;75;FAUX
4853;405;01/01/2023;85;FAUX
4854;405;01/04/2023;66;VRAI
4855;405;01/07/2023;52;VRAI
4856;405;01/10/2023;63;VRAI
4857;405;01/01/2024;62;VRAI
4858;405;01/04/2024;76;VRAI
4859;405;01/07/2024;66;FAUX
4860;405;01/10/2024;99;FAUX
4861;406;01/01/2022;63;FAUX
4862;406;01/04/2022;66;VRAI
4863;406;01/07/2022;83;FAUX
4864;406;01/10/2022;74;VRAI
4865;406;01/01/2023;51;FAUX
4866;406;01/04/2023;75;VRAI
4867;406;01/07/2023;58;FAUX
4868;406;01/10/2023;69;VRAI
4869;406;01/01/2024;78;VRAI
4870;406;01/04/2024;74;FAUX
4871;406;01/07/2024;93;VRAI
4872;406;01/10/2024;58;VRAI
4873;407;01/01/2022;93;FAUX
4874;407;01/04/2022;86;FAUX
4875;407;01/07/2022;86;FAUX
4876;407;01/10/2022;73;FAUX
4877;407;01/01/2023;69;VRAI
4878;407;01/04/2023;72;VRAI
4879;407;01/07/2023;78;VRAI
4880;407;01/10/2023;68;FAUX
4881;407;01/01/2024;72;VRAI
4882;407;01/04/2024;76;FAUX
4883;407;01/07/2024;70;FAUX
4884;407;01/10/2024;84;VRAI
4885;408;01/01/2022;56;FAUX
4886;408;01/04/2022;59;VRAI
4887;408;01/07/2022;72;VRAI
4888;408;01/10/2022;79;FAUX
4889;408;01/01/2023;62;FAUX
4890;408;01/04/2023;53;FAUX
4891;408;01/07/2023;72;VRAI
4892;408;01/10/2023;83;FAUX
4893;408;01/01/2024;85;VRAI
4894;408;01/04/2024;66;FAUX
4895;408;01/07/2024;63;FAUX
4896;408;01/10/2024;97;VRAI
4897;409;01/01/2022;62;VRAI
4898;409;01/04/2022;51;FAUX
4899;409;01/07/2022;78;VRAI
4900;409;01/10/2022;53;FAUX
4901;409;01/01/2023;75;FAUX
4902;409;01/04/2023;77;VRAI
4903;409;01/07/2023;69;FAUX
4904;409;01/10/2023;67;VRAI
4905;409;01/01/2024;76;VRAI
4906;409;01/04/2024;76;FAUX
4907;409;01/07/2024;50;FAUX
4908;409;01/10/2024;60;FAUX
4909;410;01/01/2022;88;FAUX
4910;410;01/04/2022;70;VRAI
4911;410;01/07/2022;67;VRAI
4912;410;01/10/2022;68;FAUX
4913;410;01/01/2023;62;FAUX
4914;410;01/04/2023;78;VRAI
4915;410;01/07/2023;62;FAUX
4916;410;01/10/2023;76;FAUX
4917;410;01/01/2024;68;VRAI
4918;410;01/04/2024;50;FAUX
4919;410;01/07/2024;68;FAUX
4920;410;01/10/2024;50;FAUX
4921;411;01/01/2022;66;VRAI
4922;411;01/04/2022;71;VRAI
4923;411;01/07/2022;99;VRAI
4924;411;01/10/2022;97;VRAI
4925;411;01/01/2023;81;VRAI
4926;411;01/04/2023;53;FAUX
4927;411;01/07/2023;94;FAUX
4928;411;01/10/2023;53;VRAI
4929;411;01/01/2024;50;VRAI
4930;411;01/04/2024;56;VRAI
4931;411;01/07/2024;50;FAUX
4932;411;01/10/2024;67;FAUX
4933;412;01/01/2022;96;FAUX
4934;412;01/04/2022;51;VRAI
4935;412;01/07/2022;53;VRAI
4936;412;01/10/2022;72;FAUX
4937;412;01/01/2023;92;VRAI
4938;412;01/04/2023;92;VRAI
4939;412;01/07/2023;57;VRAI
4940;412;01/10/2023;74;FAUX
4941;412;01/01/2024;84;VRAI
4942;412;01/04/2024;67;FAUX
4943;412;01/07/2024;76;VRAI
4944;412;01/10/2024;66;VRAI
4945;413;01/01/2022;54;FAUX
4946;413;01/04/2022;64;FAUX
4947;413;01/07/2022;95;FAUX
4948;413;01/10/2022;97;VRAI
4949;413;01/01/2023;57;VRAI
4950;413;01/04/2023;59;FAUX
4951;413;01/07/2023;54;FAUX
4952;413;01/10/2023;97;VRAI
4953;413;01/01/2024;75;FAUX
4954;413;01/04/2024;93;VRAI
4955;413;01/07/2024;62;VRAI
4956;413;01/10/2024;98;FAUX
4957;414;01/01/2022;77;FAUX
4958;414;01/04/2022;86;FAUX
4959;414;01/07/2022;93;VRAI
4960;414;01/10/2022;69;FAUX
4961;414;01/01/2023;97;FAUX
4962;414;01/04/2023;79;FAUX
4963;414;01/07/2023;58;VRAI
4964;414;01/10/2023;98;VRAI
4965;414;01/01/2024;85;FAUX
4966;414;01/04/2024;68;VRAI
4967;414;01/07/2024;52;VRAI
4968;414;01/10/2024;93;FAUX
4969;415;01/01/2022;96;VRAI
4970;415;01/04/2022;91;FAUX
4971;415;01/07/2022;75;VRAI
4972;415;01/10/2022;53;VRAI
4973;415;01/01/2023;66;FAUX
4974;415;01/04/2023;79;FAUX
4975;415;01/07/2023;72;FAUX
4976;415;01/10/2023;73;VRAI
4977;415;01/01/2024;53;FAUX
4978;415;01/04/2024;78;VRAI
4979;415;01/07/2024;76;VRAI
4980;415;01/10/2024;85;VRAI
4981;416;01/01/2022;55;VRAI
4982;416;01/04/2022;72;VRAI
4983;416;01/07/2022;95;VRAI
4984;416;01/10/2022;93;FAUX
4985;416;01/01/2023;57;VRAI
4986;416;01/04/2023;51;VRAI
4987;416;01/07/2023;89;VRAI
4988;416;01/10/2023;70;VRAI
4989;416;01/01/2024;97;FAUX
4990;416;01/04/2024;97;FAUX
4991;416;01/07/2024;87;VRAI
4992;416;01/10/2024;85;FAUX
4993;417;01/01/2022;72;VRAI
4994;417;01/04/2022;70;VRAI
4995;417;01/07/2022;86;VRAI
4996;417;01/10/2022;75;FAUX
4997;417;01/01/2023;56;FAUX
4998;417;01/04/2023;88;FAUX
4999;417;01/07/2023;88;VRAI
5000;417;01/10/2023;79;FAUX
5001;417;01/01/2024;91;FAUX
5002;417;01/04/2024;95;FAUX
5003;417;01/07/2024;88;FAUX
5004;417;01/10/2024;75;VRAI
5005;418;01/01/2022;56;VRAI
5006;418;01/04/2022;50;FAUX
5007;418;01/07/2022;67;VRAI
5008;418;01/10/2022;74;FAUX
5009;418;01/01/2023;57;FAUX
5010;418;01/04/2023;81;VRAI
5011;418;01/07/2023;87;VRAI
5012;418;01/10/2023;64;VRAI
5013;418;01/01/2024;97;VRAI
5014;418;01/04/2024;89;VRAI
5015;418;01/07/2024;69;VRAI
5016;418;01/10/2024;84;FAUX
5017;419;01/01/2022;79;VRAI
5018;419;01/04/2022;57;VRAI
5019;419;01/07/2022;97;VRAI
5020;419;01/10/2022;81;VRAI
5021;419;01/01/2023;64;FAUX
5022;419;01/04/2023;62;FAUX
5023;419;01/07/2023;89;FAUX
5024;419;01/10/2023;77;VRAI
5025;419;01/01/2024;55;FAUX
5026;419;01/04/2024;74;VRAI
5027;419;01/07/2024;50;VRAI
5028;419;01/10/2024;51;FAUX
5029;420;01/01/2022;81;VRAI
5030;420;01/04/2022;82;FAUX
5031;420;01/07/2022;73;VRAI
5032;420;01/10/2022;53;FAUX
5033;420;01/01/2023;72;VRAI
5034;420;01/04/2023;83;VRAI
5035;420;01/07/2023;79;FAUX
5036;420;01/10/2023;69;FAUX
5037;420;01/01/2024;52;VRAI
5038;420;01/04/2024;86;FAUX
5039;420;01/07/2024;89;FAUX
5040;420;01/10/2024;74;VRAI
5041;421;01/01/2022;93;VRAI
5042;421;01/04/2022;50;VRAI
5043;421;01/07/2022;64;FAUX
5044;421;01/10/2022;66;FAUX
5045;421;01/01/2023;66;FAUX
5046;421;01/04/2023;90;FAUX
5047;421;01/07/2023;53;VRAI
5048;421;01/10/2023;53;VRAI
5049;421;01/01/2024;95;VRAI
5050;421;01/04/2024;58;VRAI
5051;421;01/07/2024;82;VRAI
5052;421;01/10/2024;69;FAUX
5053;422;01/01/2022;50;FAUX
5054;422;01/04/2022;91;FAUX
5055;422;01/07/2022;76;VRAI
5056;422;01/10/2022;73;VRAI
5057;422;01/01/2023;84;FAUX
5058;422;01/04/2023;74;VRAI
5059;422;01/07/2023;58;VRAI
5060;422;01/10/2023;70;FAUX
5061;422;01/01/2024;62;VRAI
5062;422;01/04/2024;53;FAUX
5063;422;01/07/2024;92;FAUX
5064;422;01/10/2024;56;FAUX
5065;423;01/01/2022;60;FAUX
5066;423;01/04/2022;92;FAUX
5067;423;01/07/2022;86;VRAI
5068;423;01/10/2022;93;FAUX
5069;423;01/01/2023;88;VRAI
5070;423;01/04/2023;68;FAUX
5071;423;01/07/2023;71;VRAI
5072;423;01/10/2023;86;FAUX
5073;423;01/01/2024;79;FAUX
5074;423;01/04/2024;61;VRAI
5075;423;01/07/2024;70;VRAI
5076;423;01/10/2024;86;FAUX
5077;424;01/01/2022;67;FAUX
5078;424;01/04/2022;76;VRAI
5079;424;01/07/2022;97;VRAI
5080;424;01/10/2022;61;VRAI
5081;424;01/01/2023;83;FAUX
5082;424;01/04/2023;87;VRAI
5083;424;01/07/2023;74;FAUX
5084;424;01/10/2023;53;FAUX
5085;424;01/01/2024;79;VRAI
5086;424;01/04/2024;91;VRAI
5087;424;01/07/2024;98;FAUX
5088;424;01/10/2024;96;FAUX
5089;425;01/01/2022;73;FAUX
5090;425;01/04/2022;84;VRAI
5091;425;01/07/2022;66;FAUX
5092;425;01/10/2022;73;VRAI
5093;425;01/01/2023;62;FAUX
5094;425;01/04/2023;76;FAUX
5095;425;01/07/2023;54;FAUX
5096;425;01/10/2023;75;FAUX
5097;425;01/01/2024;94;VRAI
5098;425;01/04/2024;59;FAUX
5099;425;01/07/2024;75;FAUX
5100;425;01/10/2024;61;FAUX
5101;426;01/01/2022;76;VRAI
5102;426;01/04/2022;69;VRAI
5103;426;01/07/2022;90;FAUX
5104;426;01/10/2022;62;FAUX
5105;426;01/01/2023;93;FAUX
5106;426;01/04/2023;71;FAUX
5107;426;01/07/2023;97;VRAI
5108;426;01/10/2023;92;FAUX
5109;426;01/01/2024;95;VRAI
5110;426;01/04/2024;83;VRAI
5111;426;01/07/2024;53;FAUX
5112;426;01/10/2024;54;FAUX
5113;427;01/01/2022;78;FAUX
5114;427;01/04/2022;80;FAUX
5115;427;01/07/2022;61;VRAI
5116;427;01/10/2022;54;VRAI
5117;427;01/01/2023;76;VRAI
5118;427;01/04/2023;82;FAUX
5119;427;01/07/2023;70;FAUX
5120;427;01/10/2023;93;VRAI
5121;427;01/01/2024;93;FAUX
5122;427;01/04/2024;73;VRAI
5123;427;01/07/2024;59;VRAI
5124;427;01/10/2024;98;FAUX
5125;428;01/01/2022;51;VRAI
5126;428;01/04/2022;74;FAUX
5127;428;01/07/2022;60;VRAI
5128;428;01/10/2022;93;FAUX
5129;428;01/01/2023;55;VRAI
5130;428;01/04/2023;54;FAUX
5131;428;01/07/2023;78;VRAI
5132;428;01/10/2023;58;FAUX
5133;428;01/01/2024;57;VRAI
5134;428;01/04/2024;69;VRAI
5135;428;01/07/2024;57;FAUX
5136;428;01/10/2024;70;VRAI
5137;429;01/01/2022;77;VRAI
5138;429;01/04/2022;55;VRAI
5139;429;01/07/2022;54;VRAI
5140;429;01/10/2022;56;FAUX
5141;429;01/01/2023;53;VRAI
5142;429;01/04/2023;54;VRAI
5143;429;01/07/2023;64;FAUX
5144;429;01/10/2023;83;VRAI
5145;429;01/01/2024;97;VRAI
5146;429;01/04/2024;89;FAUX
5147;429;01/07/2024;88;FAUX
5148;429;01/10/2024;79;FAUX
5149;430;01/01/2022;74;FAUX
5150;430;01/04/2022;69;VRAI
5151;430;01/07/2022;52;VRAI
5152;430;01/10/2022;50;VRAI
5153;430;01/01/2023;75;VRAI
5154;430;01/04/2023;89;VRAI
5155;430;01/07/2023;90;VRAI
5156;430;01/10/2023;91;FAUX
5157;430;01/01/2024;54;VRAI
5158;430;01/04/2024;62;VRAI
5159;430;01/07/2024;50;FAUX
5160;430;01/10/2024;64;FAUX
5161;431;01/01/2022;67;FAUX
5162;431;01/04/2022;58;VRAI
5163;431;01/07/2022;92;VRAI
5164;431;01/10/2022;72;VRAI
5165;431;01/01/2023;94;FAUX
5166;431;01/04/2023;51;FAUX
5167;431;01/07/2023;87;FAUX
5168;431;01/10/2023;67;FAUX
5169;431;01/01/2024;78;FAUX
5170;431;01/04/2024;60;FAUX
5171;431;01/07/2024;52;FAUX
5172;431;01/10/2024;51;FAUX
5173;432;01/01/2022;80;VRAI
5174;432;01/04/2022;71;VRAI
5175;432;01/07/2022;99;VRAI
5176;432;01/10/2022;82;FAUX
5177;432;01/01/2023;73;VRAI
5178;432;01/04/2023;93;VRAI
5179;432;01/07/2023;86;VRAI
5180;432;01/10/2023;87;FAUX
5181;432;01/01/2024;76;FAUX
5182;432;01/04/2024;61;VRAI
5183;432;01/07/2024;79;FAUX
5184;432;01/10/2024;72;FAUX
5185;433;01/01/2022;56;FAUX
5186;433;01/04/2022;81;VRAI
5187;433;01/07/2022;88;FAUX
5188;433;01/10/2022;92;VRAI
5189;433;01/01/2023;63;VRAI
5190;433;01/04/2023;95;FAUX
5191;433;01/07/2023;92;FAUX
5192;433;01/10/2023;66;FAUX
5193;433;01/01/2024;52;VRAI
5194;433;01/04/2024;59;VRAI
5195;433;01/07/2024;96;FAUX
5196;433;01/10/2024;67;VRAI
5197;434;01/01/2022;88;FAUX
5198;434;01/04/2022;59;FAUX
5199;434;01/07/2022;58;FAUX
5200;434;01/10/2022;95;VRAI
5201;434;01/01/2023;82;FAUX
5202;434;01/04/2023;75;VRAI
5203;434;01/07/2023;87;FAUX
5204;434;01/10/2023;75;FAUX
5205;434;01/01/2024;54;VRAI
5206;434;01/04/2024;51;VRAI
5207;434;01/07/2024;58;VRAI
5208;434;01/10/2024;98;FAUX
5209;435;01/01/2022;92;FAUX
5210;435;01/04/2022;52;FAUX
5211;435;01/07/2022;87;VRAI
5212;435;01/10/2022;82;FAUX
5213;435;01/01/2023;67;VRAI
5214;435;01/04/2023;71;VRAI
5215;435;01/07/2023;88;VRAI
5216;435;01/10/2023;58;VRAI
5217;435;01/01/2024;72;FAUX
5218;435;01/04/2024;73;FAUX
5219;435;01/07/2024;99;FAUX
5220;435;01/10/2024;58;VRAI
5221;436;01/01/2022;89;FAUX
5222;436;01/04/2022;91;VRAI
5223;436;01/07/2022;56;VRAI
5224;436;01/10/2022;99;FAUX
5225;436;01/01/2023;51;VRAI
5226;436;01/04/2023;77;VRAI
5227;436;01/07/2023;82;VRAI
5228;436;01/10/2023;59;VRAI
5229;436;01/01/2024;95;VRAI
5230;436;01/04/2024;58;FAUX
5231;436;01/07/2024;55;VRAI
5232;436;01/10/2024;91;VRAI
5233;437;01/01/2022;84;FAUX
5234;437;01/04/2022;68;VRAI
5235;437;01/07/2022;74;VRAI
5236;437;01/10/2022;59;VRAI
5237;437;01/01/2023;85;FAUX
5238;437;01/04/2023;80;FAUX
5239;437;01/07/2023;70;FAUX
5240;437;01/10/2023;67;VRAI
5241;437;01/01/2024;63;FAUX
5242;437;01/04/2024;51;VRAI
5243;437;01/07/2024;64;FAUX
5244;437;01/10/2024;83;FAUX
5245;438;01/01/2022;50;VRAI
5246;438;01/04/2022;70;FAUX
5247;438;01/07/2022;50;FAUX
5248;438;01/10/2022;69;FAUX
5249;438;01/01/2023;96;FAUX
5250;438;01/04/2023;88;FAUX
5251;438;01/07/2023;56;FAUX
5252;438;01/10/2023;99;VRAI
5253;438;01/01/2024;59;FAUX
5254;438;01/04/2024;57;VRAI
5255;438;01/07/2024;59;FAUX
5256;438;01/10/2024;95;VRAI
5257;439;01/01/2022;60;FAUX
5258;439;01/04/2022;70;FAUX
5259;439;01/07/2022;82;VRAI
5260;439;01/10/2022;88;FAUX
5261;439;01/01/2023;67;VRAI
5262;439;01/04/2023;92;VRAI
5263;439;01/07/2023;68;VRAI
5264;439;01/10/2023;73;FAUX
5265;439;01/01/2024;83;FAUX
5266;439;01/04/2024;53;VRAI
5267;439;01/07/2024;59;FAUX
5268;439;01/10/2024;57;VRAI
5269;440;01/01/2022;87;VRAI
5270;440;01/04/2022;77;FAUX
5271;440;01/07/2022;94;VRAI
5272;440;01/10/2022;83;VRAI
5273;440;01/01/2023;58;VRAI
5274;440;01/04/2023;91;FAUX
5275;440;01/07/2023;61;FAUX
5276;440;01/10/2023;70;VRAI
5277;440;01/01/2024;50;VRAI
5278;440;01/04/2024;54;VRAI
5279;440;01/07/2024;98;FAUX
5280;440;01/10/2024;66;VRAI
5281;441;01/01/2022;81;FAUX
5282;441;01/04/2022;98;FAUX
5283;441;01/07/2022;70;VRAI
5284;441;01/10/2022;56;VRAI
5285;441;01/01/2023;88;FAUX
5286;441;01/04/2023;76;FAUX
5287;441;01/07/2023;58;FAUX
5288;441;01/10/2023;64;FAUX
5289;441;01/01/2024;56;VRAI
5290;441;01/04/2024;67;FAUX
5291;441;01/07/2024;99;FAUX
5292;441;01/10/2024;99;VRAI
5293;442;01/01/2022;56;VRAI
5294;442;01/04/2022;63;FAUX
5295;442;01/07/2022;95;VRAI
5296;442;01/10/2022;85;VRAI
5297;442;01/01/2023;65;FAUX
5298;442;01/04/2023;54;FAUX
5299;442;01/07/2023;74;FAUX
5300;442;01/10/2023;87;FAUX
5301;442;01/01/2024;87;VRAI
5302;442;01/04/2024;97;VRAI
5303;442;01/07/2024;75;VRAI
5304;442;01/10/2024;62;FAUX
5305;443;01/01/2022;75;VRAI
5306;443;01/04/2022;50;FAUX
5307;443;01/07/2022;53;VRAI
5308;443;01/10/2022;71;VRAI
5309;443;01/01/2023;86;VRAI
5310;443;01/04/2023;52;VRAI
5311;443;01/07/2023;50;VRAI
5312;443;01/10/2023;72;VRAI
5313;443;01/01/2024;90;VRAI
5314;443;01/04/2024;54;VRAI
5315;443;01/07/2024;55;VRAI
5316;443;01/10/2024;71;VRAI
5317;444;01/01/2022;62;FAUX
5318;444;01/04/2022;53;FAUX
5319;444;01/07/2022;57;FAUX
5320;444;01/10/2022;86;VRAI
5321;444;01/01/2023;86;FAUX
5322;444;01/04/2023;94;FAUX
5323;444;01/07/2023;92;FAUX
5324;444;01/10/2023;89;VRAI
5325;444;01/01/2024;94;VRAI
5326;444;01/04/2024;54;FAUX
5327;444;01/07/2024;89;VRAI
5328;444;01/10/2024;72;VRAI
5329;445;01/01/2022;58;FAUX
5330;445;01/04/2022;81;VRAI
5331;445;01/07/2022;98;VRAI
5332;445;01/10/2022;56;FAUX
5333;445;01/01/2023;52;VRAI
5334;445;01/04/2023;58;FAUX
5335;445;01/07/2023;95;FAUX
5336;445;01/10/2023;96;FAUX
5337;445;01/01/2024;50;FAUX
5338;445;01/04/2024;87;FAUX
5339;445;01/07/2024;64;VRAI
5340;445;01/10/2024;55;FAUX
5341;446;01/01/2022;50;FAUX
5342;446;01/04/2022;52;VRAI
5343;446;01/07/2022;97;FAUX
5344;446;01/10/2022;98;FAUX
5345;446;01/01/2023;66;VRAI
5346;446;01/04/2023;90;FAUX
5347;446;01/07/2023;78;VRAI
5348;446;01/10/2023;85;VRAI
5349;446;01/01/2024;74;VRAI
5350;446;01/04/2024;60;FAUX
5351;446;01/07/2024;53;FAUX
5352;446;01/10/2024;95;FAUX
5353;447;01/01/2022;66;FAUX
5354;447;01/04/2022;57;FAUX
5355;447;01/07/2022;59;VRAI
5356;447;01/10/2022;85;FAUX
5357;447;01/01/2023;63;FAUX
5358;447;01/04/2023;74;VRAI
5359;447;01/07/2023;53;VRAI
5360;447;01/10/2023;55;VRAI
5361;447;01/01/2024;88;VRAI
5362;447;01/04/2024;89;VRAI
5363;447;01/07/2024;52;VRAI
5364;447;01/10/2024;50;VRAI
5365;448;01/01/2022;70;VRAI
5366;448;01/04/2022;79;FAUX
5367;448;01/07/2022;82;FAUX
5368;448;01/10/2022;71;FAUX
5369;448;01/01/2023;95;FAUX
5370;448;01/04/2023;72;VRAI
5371;448;01/07/2023;93;VRAI
5372;448;01/10/2023;61;VRAI
5373;448;01/01/2024;64;FAUX
5374;448;01/04/2024;84;VRAI
5375;448;01/07/2024;78;FAUX
5376;448;01/10/2024;50;VRAI
5377;449;01/01/2022;59;FAUX
5378;449;01/04/2022;96;FAUX
5379;449;01/07/2022;98;FAUX
5380;449;01/10/2022;71;FAUX
5381;449;01/01/2023;75;FAUX
5382;449;01/04/2023;58;VRAI
5383;449;01/07/2023;80;FAUX
5384;449;01/10/2023;92;FAUX
5385;449;01/01/2024;63;VRAI
5386;449;01/04/2024;56;FAUX
5387;449;01/07/2024;58;VRAI
5388;449;01/10/2024;72;FAUX
5389;450;01/01/2022;51;VRAI
5390;450;01/04/2022;84;FAUX
5391;450;01/07/2022;77;VRAI
5392;450;01/10/2022;93;FAUX
5393;450;01/01/2023;59;FAUX
5394;450;01/04/2023;79;FAUX
5395;450;01/07/2023;95;VRAI
5396;450;01/10/2023;98;VRAI
5397;450;01/01/2024;59;FAUX
5398;450;01/04/2024;81;FAUX
5399;450;01/07/2024;91;VRAI
5400;450;01/10/2024;75;VRAI
5401;451;01/01/2022;66;VRAI
5402;451;01/04/2022;67;VRAI
5403;451;01/07/2022;68;FAUX
5404;451;01/10/2022;73;VRAI
5405;451;01/01/2023;73;VRAI
5406;451;01/04/2023;97;FAUX
5407;451;01/07/2023;64;VRAI
5408;451;01/10/2023;87;VRAI
5409;451;01/01/2024;93;FAUX
5410;451;01/04/2024;76;FAUX
5411;451;01/07/2024;90;FAUX
5412;451;01/10/2024;53;VRAI
5413;452;01/01/2022;57;FAUX
5414;452;01/04/2022;91;VRAI
5415;452;01/07/2022;71;FAUX
5416;452;01/10/2022;79;FAUX
5417;452;01/01/2023;86;FAUX
5418;452;01/04/2023;64;VRAI
5419;452;01/07/2023;52;VRAI
5420;452;01/10/2023;59;VRAI
5421;452;01/01/2024;72;VRAI
5422;452;01/04/2024;67;VRAI
5423;452;01/07/2024;57;VRAI
5424;452;01/10/2024;70;FAUX
5425;453;01/01/2022;71;FAUX
5426;453;01/04/2022;72;FAUX
5427;453;01/07/2022;57;FAUX
5428;453;01/10/2022;79;VRAI
5429;453;01/01/2023;72;FAUX
5430;453;01/04/2023;78;VRAI
5431;453;01/07/2023;82;FAUX
5432;453;01/10/2023;96;FAUX
5433;453;01/01/2024;93;VRAI
5434;453;01/04/2024;56;VRAI
5435;453;01/07/2024;77;VRAI
5436;453;01/10/2024;88;FAUX
5437;454;01/01/2022;88;VRAI
5438;454;01/04/2022;80;VRAI
5439;454;01/07/2022;73;VRAI
5440;454;01/10/2022;72;VRAI
5441;454;01/01/2023;50;VRAI
5442;454;01/04/2023;99;FAUX
5443;454;01/07/2023;82;FAUX
5444;454;01/10/2023;77;VRAI
5445;454;01/01/2024;90;FAUX
5446;454;01/04/2024;58;FAUX
5447;454;01/07/2024;60;VRAI
5448;454;01/10/2024;68;FAUX
5449;455;01/01/2022;91;FAUX
5450;455;01/04/2022;56;VRAI
5451;455;01/07/2022;51;VRAI
5452;455;01/10/2022;87;FAUX
5453;455;01/01/2023;59;VRAI
5454;455;01/04/2023;57;FAUX
5455;455;01/07/2023;79;VRAI
5456;455;01/10/2023;90;FAUX
5457;455;01/01/2024;69;VRAI
5458;455;01/04/2024;58;FAUX
5459;455;01/07/2024;64;FAUX
5460;455;01/10/2024;73;VRAI
5461;456;01/01/2022;90;VRAI
5462;456;01/04/2022;94;VRAI
5463;456;01/07/2022;89;VRAI
5464;456;01/10/2022;70;VRAI
5465;456;01/01/2023;84;VRAI
5466;456;01/04/2023;53;VRAI
5467;456;01/07/2023;97;FAUX
5468;456;01/10/2023;80;FAUX
5469;456;01/01/2024;84;FAUX
5470;456;01/04/2024;82;VRAI
5471;456;01/07/2024;65;VRAI
5472;456;01/10/2024;88;FAUX
5473;457;01/01/2022;91;VRAI
5474;457;01/04/2022;64;FAUX
5475;457;01/07/2022;51;FAUX
5476;457;01/10/2022;98;FAUX
5477;457;01/01/2023;50;VRAI
5478;457;01/04/2023;77;FAUX
5479;457;01/07/2023;69;FAUX
5480;457;01/10/2023;57;VRAI
5481;457;01/01/2024;75;VRAI
5482;457;01/04/2024;92;VRAI
5483;457;01/07/2024;74;FAUX
5484;457;01/10/2024;61;VRAI
5485;458;01/01/2022;56;FAUX
5486;458;01/04/2022;61;VRAI
5487;458;01/07/2022;89;VRAI
5488;458;01/10/2022;54;VRAI
5489;458;01/01/2023;63;FAUX
5490;458;01/04/2023;97;VRAI
5491;458;01/07/2023;66;VRAI
5492;458;01/10/2023;50;VRAI
5493;458;01/01/2024;99;FAUX
5494;458;01/04/2024;85;VRAI
5495;458;01/07/2024;68;VRAI
5496;458;01/10/2024;91;VRAI
5497;459;01/01/2022;68;VRAI
5498;459;01/04/2022;88;VRAI
5499;459;01/07/2022;61;VRAI
5500;459;01/10/2022;96;FAUX
5501;459;01/01/2023;85;FAUX
5502;459;01/04/2023;61;FAUX
5503;459;01/07/2023;98;VRAI
5504;459;01/10/2023;97;VRAI
5505;459;01/01/2024;83;FAUX
5506;459;01/04/2024;82;VRAI
5507;459;01/07/2024;67;VRAI
5508;459;01/10/2024;78;VRAI
5509;460;01/01/2022;54;VRAI
5510;460;01/04/2022;73;VRAI
5511;460;01/07/2022;87;VRAI
5512;460;01/10/2022;59;VRAI
5513;460;01/01/2023;82;VRAI
5514;460;01/04/2023;60;FAUX
5515;460;01/07/2023;73;VRAI
5516;460;01/10/2023;99;VRAI
5517;460;01/01/2024;69;VRAI
5518;460;01/04/2024;59;VRAI
5519;460;01/07/2024;96;FAUX
5520;460;01/10/2024;97;VRAI
5521;461;01/01/2022;64;FAUX
5522;461;01/04/2022;89;FAUX
5523;461;01/07/2022;99;FAUX
5524;461;01/10/2022;55;VRAI
5525;461;01/01/2023;51;FAUX
5526;461;01/04/2023;53;VRAI
5527;461;01/07/2023;62;VRAI
5528;461;01/10/2023;80;FAUX
5529;461;01/01/2024;90;FAUX
5530;461;01/04/2024;77;VRAI
5531;461;01/07/2024;96;FAUX
5532;461;01/10/2024;86;VRAI
5533;462;01/01/2022;99;FAUX
5534;462;01/04/2022;51;FAUX
5535;462;01/07/2022;64;FAUX
5536;462;01/10/2022;71;FAUX
5537;462;01/01/2023;99;FAUX
5538;462;01/04/2023;69;FAUX
5539;462;01/07/2023;82;VRAI
5540;462;01/10/2023;99;FAUX
5541;462;01/01/2024;52;VRAI
5542;462;01/04/2024;96;VRAI
5543;462;01/07/2024;54;VRAI
5544;462;01/10/2024;80;FAUX
5545;463;01/01/2022;84;FAUX
5546;463;01/04/2022;56;FAUX
5547;463;01/07/2022;75;FAUX
5548;463;01/10/2022;50;VRAI
5549;463;01/01/2023;56;FAUX
5550;463;01/04/2023;61;FAUX
5551;463;01/07/2023;72;VRAI
5552;463;01/10/2023;79;VRAI
5553;463;01/01/2024;78;VRAI
5554;463;01/04/2024;67;VRAI
5555;463;01/07/2024;68;FAUX
5556;463;01/10/2024;53;VRAI
5557;464;01/01/2022;90;VRAI
5558;464;01/04/2022;64;FAUX
5559;464;01/07/2022;57;VRAI
5560;464;01/10/2022;64;FAUX
5561;464;01/01/2023;88;FAUX
5562;464;01/04/2023;67;FAUX
5563;464;01/07/2023;51;FAUX
5564;464;01/10/2023;69;FAUX
5565;464;01/01/2024;52;FAUX
5566;464;01/04/2024;79;VRAI
5567;464;01/07/2024;51;VRAI
5568;464;01/10/2024;75;VRAI
5569;465;01/01/2022;54;FAUX
5570;465;01/04/2022;69;FAUX
5571;465;01/07/2022;83;FAUX
5572;465;01/10/2022;69;FAUX
5573;465;01/01/2023;74;FAUX
5574;465;01/04/2023;74;VRAI
5575;465;01/07/2023;63;FAUX
5576;465;01/10/2023;96;FAUX
5577;465;01/01/2024;92;VRAI
5578;465;01/04/2024;88;FAUX
5579;465;01/07/2024;97;VRAI
5580;465;01/10/2024;51;FAUX
5581;466;01/01/2022;65;VRAI
5582;466;01/04/2022;79;VRAI
5583;466;01/07/2022;92;VRAI
5584;466;01/10/2022;87;VRAI
5585;466;01/01/2023;91;FAUX
5586;466;01/04/2023;79;VRAI
5587;466;01/07/2023;88;VRAI
5588;466;01/10/2023;63;VRAI
5589;466;01/01/2024;65;FAUX
5590;466;01/04/2024;70;VRAI
5591;466;01/07/2024;53;VRAI
5592;466;01/10/2024;96;FAUX
5593;467;01/01/2022;68;VRAI
5594;467;01/04/2022;54;FAUX
5595;467;01/07/2022;80;VRAI
5596;467;01/10/2022;67;FAUX
5597;467;01/01/2023;80;VRAI
5598;467;01/04/2023;79;VRAI
5599;467;01/07/2023;96;FAUX
5600;467;01/10/2023;90;FAUX
5601;467;01/01/2024;54;VRAI
5602;467;01/04/2024;94;FAUX
5603;467;01/07/2024;76;FAUX
5604;467;01/10/2024;79;VRAI
5605;468;01/01/2022;85;VRAI
5606;468;01/04/2022;94;VRAI
5607;468;01/07/2022;89;VRAI
5608;468;01/10/2022;94;VRAI
5609;468;01/01/2023;69;FAUX
5610;468;01/04/2023;94;VRAI
5611;468;01/07/2023;54;FAUX
5612;468;01/10/2023;81;FAUX
5613;468;01/01/2024;79;FAUX
5614;468;01/04/2024;86;VRAI
5615;468;01/07/2024;78;VRAI
5616;468;01/10/2024;74;VRAI
5617;469;01/01/2022;73;VRAI
5618;469;01/04/2022;69;VRAI
5619;469;01/07/2022;57;FAUX
5620;469;01/10/2022;58;VRAI
5621;469;01/01/2023;69;VRAI
5622;469;01/04/2023;75;FAUX
5623;469;01/07/2023;91;VRAI
5624;469;01/10/2023;86;VRAI
5625;469;01/01/2024;60;VRAI
5626;469;01/04/2024;79;VRAI
5627;469;01/07/2024;83;FAUX
5628;469;01/10/2024;72;VRAI
5629;470;01/01/2022;50;VRAI
5630;470;01/04/2022;52;FAUX
5631;470;01/07/2022;63;FAUX
5632;470;01/10/2022;79;FAUX
5633;470;01/01/2023;54;VRAI
5634;470;01/04/2023;64;FAUX
5635;470;01/07/2023;63;FAUX
5636;470;01/10/2023;98;FAUX
5637;470;01/01/2024;57;VRAI
5638;470;01/04/2024;81;VRAI
5639;470;01/07/2024;78;VRAI
5640;470;01/10/2024;60;VRAI
5641;471;01/01/2022;62;VRAI
5642;471;01/04/2022;68;FAUX
5643;471;01/07/2022;86;FAUX
5644;471;01/10/2022;58;VRAI
5645;471;01/01/2023;77;FAUX
5646;471;01/04/2023;52;VRAI
5647;471;01/07/2023;81;VRAI
5648;471;01/10/2023;57;FAUX
5649;471;01/01/2024;52;FAUX
5650;471;01/04/2024;62;VRAI
5651;471;01/07/2024;78;FAUX
5652;471;01/10/2024;91;VRAI
5653;472;01/01/2022;75;FAUX
5654;472;01/04/2022;67;VRAI
5655;472;01/07/2022;56;FAUX
5656;472;01/10/2022;87;FAUX
5657;472;01/01/2023;65;VRAI
5658;472;01/04/2023;82;FAUX
5659;472;01/07/2023;52;FAUX
5660;472;01/10/2023;53;FAUX
5661;472;01/01/2024;53;FAUX
5662;472;01/04/2024;58;FAUX
5663;472;01/07/2024;66;VRAI
5664;472;01/10/2024;82;FAUX
5665;473;01/01/2022;63;FAUX
5666;473;01/04/2022;76;VRAI
5667;473;01/07/2022;52;FAUX
5668;473;01/10/2022;79;FAUX
5669;473;01/01/2023;71;VRAI
5670;473;01/04/2023;59;VRAI
5671;473;01/07/2023;78;FAUX
5672;473;01/10/2023;50;FAUX
5673;473;01/01/2024;70;VRAI
5674;473;01/04/2024;73;VRAI
5675;473;01/07/2024;93;FAUX
5676;473;01/10/2024;75;VRAI
5677;474;01/01/2022;69;FAUX
5678;474;01/04/2022;84;FAUX
5679;474;01/07/2022;91;FAUX
5680;474;01/10/2022;58;FAUX
5681;474;01/01/2023;50;VRAI
5682;474;01/04/2023;58;VRAI
5683;474;01/07/2023;87;VRAI
5684;474;01/10/2023;57;FAUX
5685;474;01/01/2024;92;FAUX
5686;474;01/04/2024;62;FAUX
5687;474;01/07/2024;85;VRAI
5688;474;01/10/2024;93;VRAI
5689;475;01/01/2022;79;FAUX
5690;475;01/04/2022;80;VRAI
5691;475;01/07/2022;78;FAUX
5692;475;01/10/2022;88;VRAI
5693;475;01/01/2023;90;VRAI
5694;475;01/04/2023;91;FAUX
5695;475;01/07/2023;51;FAUX
5696;475;01/10/2023;57;FAUX
5697;475;01/01/2024;63;VRAI
5698;475;01/04/2024;62;VRAI
5699;475;01/07/2024;70;FAUX
5700;475;01/10/2024;99;FAUX
5701;476;01/01/2022;94;FAUX
5702;476;01/04/2022;89;FAUX
5703;476;01/07/2022;81;FAUX
5704;476;01/10/2022;82;FAUX
5705;476;01/01/2023;80;FAUX
5706;476;01/04/2023;84;FAUX
5707;476;01/07/2023;74;VRAI
5708;476;01/10/2023;80;FAUX
5709;476;01/01/2024;96;FAUX
5710;476;01/04/2024;83;VRAI
5711;476;01/07/2024;52;FAUX
5712;476;01/10/2024;88;FAUX
5713;477;01/01/2022;81;VRAI
5714;477;01/04/2022;78;FAUX
5715;477;01/07/2022;69;FAUX
5716;477;01/10/2022;92;VRAI
5717;477;01/01/2023;78;FAUX
5718;477;01/04/2023;66;VRAI
5719;477;01/07/2023;83;FAUX
5720;477;01/10/2023;87;VRAI
5721;477;01/01/2024;86;FAUX
5722;477;01/04/2024;51;FAUX
5723;477;01/07/2024;84;FAUX
5724;477;01/10/2024;95;FAUX
5725;478;01/01/2022;70;VRAI
5726;478;01/04/2022;95;VRAI
5727;478;01/07/2022;84;FAUX
5728;478;01/10/2022;64;VRAI
5729;478;01/01/2023;64;VRAI
5730;478;01/04/2023;55;VRAI
5731;478;01/07/2023;66;FAUX
5732;478;01/10/2023;71;FAUX
5733;478;01/01/2024;71;VRAI
5734;478;01/04/2024;95;VRAI
5735;478;01/07/2024;93;VRAI
5736;478;01/10/2024;71;FAUX
5737;479;01/01/2022;91;FAUX
5738;479;01/04/2022;58;FAUX
5739;479;01/07/2022;85;VRAI
5740;479;01/10/2022;64;FAUX
5741;479;01/01/2023;94;FAUX
5742;479;01/04/2023;57;FAUX
5743;479;01/07/2023;77;VRAI
5744;479;01/10/2023;68;VRAI
5745;479;01/01/2024;65;VRAI
5746;479;01/04/2024;91;FAUX
5747;479;01/07/2024;82;FAUX
5748;479;01/10/2024;67;VRAI
5749;480;01/01/2022;92;FAUX
5750;480;01/04/2022;52;FAUX
5751;480;01/07/2022;76;VRAI
5752;480;01/10/2022;77;FAUX
5753;480;01/01/2023;55;VRAI
5754;480;01/04/2023;63;VRAI
5755;480;01/07/2023;59;VRAI
5756;480;01/10/2023;80;VRAI
5757;480;01/01/2024;91;FAUX
5758;480;01/04/2024;66;VRAI
5759;480;01/07/2024;78;VRAI
5760;480;01/10/2024;93;VRAI
5761;481;01/01/2022;75;FAUX
5762;481;01/04/2022;74;VRAI
5763;481;01/07/2022;90;VRAI
5764;481;01/10/2022;53;FAUX
5765;481;01/01/2023;97;VRAI
5766;481;01/04/2023;80;VRAI
5767;481;01/07/2023;52;FAUX
5768;481;01/10/2023;99;VRAI
5769;481;01/01/2024;59;FAUX
5770;481;01/04/2024;73;VRAI
5771;481;01/07/2024;73;VRAI
5772;481;01/10/2024;72;FAUX
5773;482;01/01/2022;72;FAUX
5774;482;01/04/2022;90;VRAI
5775;482;01/07/2022;51;FAUX
5776;482;01/10/2022;51;VRAI
5777;482;01/01/2023;70;VRAI
5778;482;01/04/2023;54;VRAI
5779;482;01/07/2023;76;FAUX
5780;482;01/10/2023;56;FAUX
5781;482;01/01/2024;95;VRAI
5782;482;01/04/2024;82;FAUX
5783;482;01/07/2024;98;VRAI
5784;482;01/10/2024;95;FAUX
5785;483;01/01/2022;79;FAUX
5786;483;01/04/2022;89;FAUX
5787;483;01/07/2022;56;FAUX
5788;483;01/10/2022;53;VRAI
5789;483;01/01/2023;64;VRAI
5790;483;01/04/2023;74;VRAI
5791;483;01/07/2023;82;FAUX
5792;483;01/10/2023;84;VRAI
5793;483;01/01/2024;54;VRAI
5794;483;01/04/2024;85;VRAI
5795;483;01/07/2024;63;FAUX
5796;483;01/10/2024;78;FAUX
5797;484;01/01/2022;83;FAUX
5798;484;01/04/2022;50;VRAI
5799;484;01/07/2022;85;VRAI
5800;484;01/10/2022;86;VRAI
5801;484;01/01/2023;54;VRAI
5802;484;01/04/2023;81;FAUX
5803;484;01/07/2023;73;VRAI
5804;484;01/10/2023;61;FAUX
5805;484;01/01/2024;50;VRAI
5806;484;01/04/2024;66;VRAI
5807;484;01/07/2024;83;VRAI
5808;484;01/10/2024;56;VRAI
5809;485;01/01/2022;52;VRAI
5810;485;01/04/2022;71;FAUX
5811;485;01/07/2022;92;VRAI
5812;485;01/10/2022;99;FAUX
5813;485;01/01/2023;91;VRAI
5814;485;01/04/2023;79;VRAI
5815;485;01/07/2023;70;FAUX
5816;485;01/10/2023;75;FAUX
5817;485;01/01/2024;96;VRAI
5818;485;01/04/2024;69;VRAI
5819;485;01/07/2024;53;VRAI
5820;485;01/10/2024;70;VRAI
5821;486;01/01/2022;64;VRAI
5822;486;01/04/2022;63;VRAI
5823;486;01/07/2022;68;FAUX
5824;486;01/10/2022;83;FAUX
5825;486;01/01/2023;94;VRAI
5826;486;01/04/2023;55;VRAI
5827;486;01/07/2023;54;VRAI
5828;486;01/10/2023;82;VRAI
5829;486;01/01/2024;50;VRAI
5830;486;01/04/2024;92;VRAI
5831;486;01/07/2024;56;FAUX
5832;486;01/10/2024;52;FAUX
5833;487;01/01/2022;74;VRAI
5834;487;01/04/2022;89;VRAI
5835;487;01/07/2022;94;FAUX
5836;487;01/10/2022;86;FAUX
5837;487;01/01/2023;72;VRAI
5838;487;01/04/2023;73;VRAI
5839;487;01/07/2023;87;VRAI
5840;487;01/10/2023;76;FAUX
5841;487;01/01/2024;89;VRAI
5842;487;01/04/2024;99;VRAI
5843;487;01/07/2024;80;FAUX
5844;487;01/10/2024;66;VRAI
5845;488;01/01/2022;86;VRAI
5846;488;01/04/2022;85;VRAI
5847;488;01/07/2022;54;FAUX
5848;488;01/10/2022;64;FAUX
5849;488;01/01/2023;98;FAUX
5850;488;01/04/2023;59;FAUX
5851;488;01/07/2023;81;VRAI
5852;488;01/10/2023;97;VRAI
5853;488;01/01/2024;95;FAUX
5854;488;01/04/2024;93;VRAI
5855;488;01/07/2024;64;FAUX
5856;488;01/10/2024;95;FAUX
5857;489;01/01/2022;71;FAUX
5858;489;01/04/2022;55;FAUX
5859;489;01/07/2022;72;FAUX
5860;489;01/10/2022;94;VRAI
5861;489;01/01/2023;94;VRAI
5862;489;01/04/2023;93;FAUX
5863;489;01/07/2023;52;FAUX
5864;489;01/10/2023;52;FAUX
5865;489;01/01/2024;67;VRAI
5866;489;01/04/2024;59;VRAI
5867;489;01/07/2024;64;VRAI
5868;489;01/10/2024;58;FAUX
5869;490;01/01/2022;64;VRAI
5870;490;01/04/2022;97;FAUX
5871;490;01/07/2022;98;VRAI
5872;490;01/10/2022;50;VRAI
5873;490;01/01/2023;80;FAUX
5874;490;01/04/2023;61;FAUX
5875;490;01/07/2023;79;VRAI
5876;490;01/10/2023;96;VRAI
5877;490;01/01/2024;77;VRAI
5878;490;01/04/2024;52;VRAI
5879;490;01/07/2024;55;VRAI
5880;490;01/10/2024;87;VRAI
5881;491;01/01/2022;56;VRAI
5882;491;01/04/2022;79;VRAI
5883;491;01/07/2022;66;VRAI
5884;491;01/10/2022;67;FAUX
5885;491;01/01/2023;75;VRAI
5886;491;01/04/2023;76;FAUX
5887;491;01/07/2023;73;FAUX
5888;491;01/10/2023;57;VRAI
5889;491;01/01/2024;78;VRAI
5890;491;01/04/2024;70;VRAI
5891;491;01/07/2024;80;VRAI
5892;491;01/10/2024;76;FAUX
5893;492;01/01/2022;76;VRAI
5894;492;01/04/2022;82;VRAI
5895;492;01/07/2022;75;FAUX
5896;492;01/10/2022;93;VRAI
5897;492;01/01/2023;80;VRAI
5898;492;01/04/2023;50;FAUX
5899;492;01/07/2023;61;VRAI
5900;492;01/10/2023;64;FAUX
5901;492;01/01/2024;99;FAUX
5902;492;01/04/2024;53;FAUX
5903;492;01/07/2024;83;FAUX
5904;492;01/10/2024;74;VRAI
5905;493;01/01/2022;77;VRAI
5906;493;01/04/2022;51;VRAI
5907;493;01/07/2022;59;VRAI
5908;493;01/10/2022;80;FAUX
5909;493;01/01/2023;73;FAUX
5910;493;01/04/2023;68;VRAI
5911;493;01/07/2023;92;VRAI
5912;493;01/10/2023;59;FAUX
5913;493;01/01/2024;77;FAUX
5914;493;01/04/2024;97;FAUX
5915;493;01/07/2024;99;FAUX
5916;493;01/10/2024;99;VRAI
5917;494;01/01/2022;52;VRAI
5918;494;01/04/2022;59;VRAI
5919;494;01/07/2022;86;VRAI
5920;494;01/10/2022;72;FAUX
5921;494;01/01/2023;64;FAUX
5922;494;01/04/2023;58;FAUX
5923;494;01/07/2023;88;VRAI
5924;494;01/10/2023;74;FAUX
5925;494;01/01/2024;91;VRAI
5926;494;01/04/2024;75;FAUX
5927;494;01/07/2024;57;FAUX
5928;494;01/10/2024;74;FAUX
5929;495;01/01/2022;61;VRAI
5930;495;01/04/2022;59;FAUX
5931;495;01/07/2022;59;VRAI
5932;495;01/10/2022;75;VRAI
5933;495;01/01/2023;76;FAUX
5934;495;01/04/2023;80;VRAI
5935;495;01/07/2023;92;FAUX
5936;495;01/10/2023;55;VRAI
5937;495;01/01/2024;78;VRAI
5938;495;01/04/2024;94;FAUX
5939;495;01/07/2024;54;FAUX
5940;495;01/10/2024;51;FAUX
5941;496;01/01/2022;72;FAUX
5942;496;01/04/2022;95;VRAI
5943;496;01/07/2022;73;FAUX
5944;496;01/10/2022;96;VRAI
5945;496;01/01/2023;73;VRAI
5946;496;01/04/2023;74;FAUX
5947;496;01/07/2023;80;FAUX
5948;496;01/10/2023;99;VRAI
5949;496;01/01/2024;77;FAUX
5950;496;01/04/2024;54;FAUX
5951;496;01/07/2024;93;FAUX
5952;496;01/10/2024;57;VRAI
5953;497;01/01/2022;87;FAUX
5954;497;01/04/2022;96;FAUX
5955;497;01/07/2022;74;FAUX
5956;497;01/10/2022;93;VRAI
5957;497;01/01/2023;93;VRAI
5958;497;01/04/2023;83;FAUX
5959;497;01/07/2023;94;VRAI
5960;497;01/10/2023;57;VRAI
5961;497;01/01/2024;62;FAUX
5962;497;01/04/2024;55;FAUX
5963;497;01/07/2024;81;VRAI
5964;497;01/10/2024;93;FAUX
5965;498;01/01/2022;98;VRAI
5966;498;01/04/2022;56;FAUX
5967;498;01/07/2022;64;FAUX
5968;498;01/10/2022;98;FAUX
5969;498;01/01/2023;72;FAUX
5970;498;01/04/2023;87;VRAI
5971;498;01/07/2023;64;FAUX
5972;498;01/10/2023;89;FAUX
5973;498;01/01/2024;81;VRAI
5974;498;01/04/2024;67;FAUX
5975;498;01/07/2024;95;FAUX
5976;498;01/10/2024;72;FAUX
5977;499;01/01/2022;52;FAUX
5978;499;01/04/2022;88;VRAI
5979;499;01/07/2022;98;VRAI
5980;499;01/10/2022;90;FAUX
5981;499;01/01/2023;78;FAUX
5982;499;01/04/2023;97;FAUX
5983;499;01/07/2023;70;VRAI
5984;499;01/10/2023;81;FAUX
5985;499;01/01/2024;50;VRAI
5986;499;01/04/2024;53;VRAI
5987;499;01/07/2024;98;FAUX
5988;499;01/10/2024;80;FAUX
5989;500;01/01/2022;68;FAUX
5990;500;01/04/2022;72;FAUX
5991;500;01/07/2022;89;FAUX
5992;500;01/10/2022;74;VRAI
5993;500;01/01/2023;87;VRAI
5994;500;01/04/2023;51;VRAI
5995;500;01/07/2023;64;FAUX
5996;500;01/10/2023;93;VRAI
5997;500;01/01/2024;59;FAUX
5998;500;01/04/2024;76;FAUX
5999;500;01/07/2024;63;VRAI
6000;500;01/10/2024;82;FAUX
6001;501;01/01/2022;50;FAUX
6002;501;01/04/2022;68;FAUX
6003;501;01/07/2022;91;FAUX
6004;501;01/10/2022;85;VRAI
6005;501;01/01/2023;81;VRAI
6006;501;01/04/2023;88;FAUX
6007;501;01/07/2023;99;VRAI
6008;501;01/10/2023;69;FAUX
6009;501;01/01/2024;71;FAUX
6010;501;01/04/2024;52;VRAI
6011;501;01/07/2024;74;FAUX
6012;501;01/10/2024;97;FAUX
6013;502;01/01/2022;58;VRAI
6014;502;01/04/2022;81;VRAI
6015;502;01/07/2022;52;FAUX
6016;502;01/10/2022;79;VRAI
6017;502;01/01/2023;93;VRAI
6018;502;01/04/2023;90;VRAI
6019;502;01/07/2023;95;VRAI
6020;502;01/10/2023;88;FAUX
6021;502;01/01/2024;71;VRAI
6022;502;01/04/2024;69;FAUX
6023;502;01/07/2024;86;FAUX
6024;502;01/10/2024;80;FAUX
6025;503;01/01/2022;67;VRAI
6026;503;01/04/2022;88;FAUX
6027;503;01/07/2022;69;FAUX
6028;503;01/10/2022;60;FAUX
6029;503;01/01/2023;93;FAUX
6030;503;01/04/2023;83;VRAI
6031;503;01/07/2023;50;VRAI
6032;503;01/10/2023;59;VRAI
6033;503;01/01/2024;50;FAUX
6034;503;01/04/2024;87;VRAI
6035;503;01/07/2024;98;VRAI
6036;503;01/10/2024;80;VRAI
6037;504;01/01/2022;66;VRAI
6038;504;01/04/2022;97;VRAI
6039;504;01/07/2022;67;FAUX
6040;504;01/10/2022;82;FAUX
6041;504;01/01/2023;72;VRAI
6042;504;01/04/2023;58;FAUX
6043;504;01/07/2023;79;FAUX
6044;504;01/10/2023;89;VRAI
6045;504;01/01/2024;61;VRAI
6046;504;01/04/2024;50;VRAI
6047;504;01/07/2024;74;FAUX
6048;504;01/10/2024;87;FAUX
6049;505;01/01/2022;95;VRAI
6050;505;01/04/2022;75;VRAI
6051;505;01/07/2022;89;VRAI
6052;505;01/10/2022;52;FAUX
6053;505;01/01/2023;71;FAUX
6054;505;01/04/2023;68;FAUX
6055;505;01/07/2023;93;VRAI
6056;505;01/10/2023;88;VRAI
6057;505;01/01/2024;85;VRAI
6058;505;01/04/2024;90;FAUX
6059;505;01/07/2024;97;FAUX
6060;505;01/10/2024;62;FAUX
6061;506;01/01/2022;73;FAUX
6062;506;01/04/2022;90;FAUX
6063;506;01/07/2022;70;FAUX
6064;506;01/10/2022;64;VRAI
6065;506;01/01/2023;55;VRAI
6066;506;01/04/2023;80;FAUX
6067;506;01/07/2023;57;VRAI
6068;506;01/10/2023;70;VRAI
6069;506;01/01/2024;98;FAUX
6070;506;01/04/2024;99;FAUX
6071;506;01/07/2024;80;VRAI
6072;506;01/10/2024;83;FAUX
6073;507;01/01/2022;91;VRAI
6074;507;01/04/2022;79;FAUX
6075;507;01/07/2022;56;FAUX
6076;507;01/10/2022;68;FAUX
6077;507;01/01/2023;77;FAUX
6078;507;01/04/2023;64;FAUX
6079;507;01/07/2023;97;VRAI
6080;507;01/10/2023;63;VRAI
6081;507;01/01/2024;99;VRAI
6082;507;01/04/2024;55;VRAI
6083;507;01/07/2024;72;FAUX
6084;507;01/10/2024;63;FAUX
6085;508;01/01/2022;69;VRAI
6086;508;01/04/2022;76;FAUX
6087;508;01/07/2022;84;VRAI
6088;508;01/10/2022;51;VRAI
6089;508;01/01/2023;94;FAUX
6090;508;01/04/2023;97;FAUX
6091;508;01/07/2023;78;VRAI
6092;508;01/10/2023;94;FAUX
6093;508;01/01/2024;99;FAUX
6094;508;01/04/2024;69;FAUX
6095;508;01/07/2024;64;VRAI
6096;508;01/10/2024;81;VRAI
6097;509;01/01/2022;91;VRAI
6098;509;01/04/2022;87;VRAI
6099;509;01/07/2022;56;VRAI
6100;509;01/10/2022;62;VRAI
6101;509;01/01/2023;50;FAUX
6102;509;01/04/2023;78;FAUX
6103;509;01/07/2023;52;FAUX
6104;509;01/10/2023;73;VRAI
6105;509;01/01/2024;97;FAUX
6106;509;01/04/2024;62;FAUX
6107;509;01/07/2024;58;FAUX
6108;509;01/10/2024;85;FAUX
6109;510;01/01/2022;89;VRAI
6110;510;01/04/2022;84;VRAI
6111;510;01/07/2022;56;FAUX
6112;510;01/10/2022;84;FAUX
6113;510;01/01/2023;64;VRAI
6114;510;01/04/2023;96;VRAI
6115;510;01/07/2023;88;FAUX
6116;510;01/10/2023;67;VRAI
6117;510;01/01/2024;67;FAUX
6118;510;01/04/2024;72;FAUX
6119;510;01/07/2024;72;VRAI
6120;510;01/10/2024;75;FAUX
6121;511;01/01/2022;79;FAUX
6122;511;01/04/2022;51;VRAI
6123;511;01/07/2022;80;VRAI
6124;511;01/10/2022;53;FAUX
6125;511;01/01/2023;72;VRAI
6126;511;01/04/2023;68;FAUX
6127;511;01/07/2023;92;VRAI
6128;511;01/10/2023;57;VRAI
6129;511;01/01/2024;62;VRAI
6130;511;01/04/2024;55;VRAI
6131;511;01/07/2024;97;FAUX
6132;511;01/10/2024;76;VRAI
6133;512;01/01/2022;83;FAUX
6134;512;01/04/2022;72;FAUX
6135;512;01/07/2022;98;FAUX
6136;512;01/10/2022;64;VRAI
6137;512;01/01/2023;53;FAUX
6138;512;01/04/2023;86;VRAI
6139;512;01/07/2023;80;FAUX
6140;512;01/10/2023;59;FAUX
6141;512;01/01/2024;99;VRAI
6142;512;01/04/2024;91;FAUX
6143;512;01/07/2024;55;FAUX
6144;512;01/10/2024;64;FAUX
6145;513;01/01/2022;97;FAUX
6146;513;01/04/2022;89;VRAI
6147;513;01/07/2022;98;VRAI
6148;513;01/10/2022;94;VRAI
6149;513;01/01/2023;75;FAUX
6150;513;01/04/2023;80;FAUX
6151;513;01/07/2023;77;FAUX
6152;513;01/10/2023;62;FAUX
6153;513;01/01/2024;79;VRAI
6154;513;01/04/2024;60;VRAI
6155;513;01/07/2024;73;VRAI
6156;513;01/10/2024;78;FAUX
6157;514;01/01/2022;54;VRAI
6158;514;01/04/2022;68;VRAI
6159;514;01/07/2022;62;VRAI
6160;514;01/10/2022;93;FAUX
6161;514;01/01/2023;87;FAUX
6162;514;01/04/2023;71;VRAI
6163;514;01/07/2023;98;FAUX
6164;514;01/10/2023;75;VRAI
6165;514;01/01/2024;54;VRAI
6166;514;01/04/2024;71;VRAI
6167;514;01/07/2024;52;FAUX
6168;514;01/10/2024;87;FAUX
6169;515;01/01/2022;96;FAUX
6170;515;01/04/2022;92;VRAI
6171;515;01/07/2022;58;FAUX
6172;515;01/10/2022;96;FAUX
6173;515;01/01/2023;55;VRAI
6174;515;01/04/2023;74;FAUX
6175;515;01/07/2023;64;FAUX
6176;515;01/10/2023;66;VRAI
6177;515;01/01/2024;52;VRAI
6178;515;01/04/2024;66;VRAI
6179;515;01/07/2024;98;FAUX
6180;515;01/10/2024;87;VRAI
6181;516;01/01/2022;50;VRAI
6182;516;01/04/2022;75;VRAI
6183;516;01/07/2022;88;VRAI
6184;516;01/10/2022;79;VRAI
6185;516;01/01/2023;63;VRAI
6186;516;01/04/2023;69;FAUX
6187;516;01/07/2023;76;VRAI
6188;516;01/10/2023;58;VRAI
6189;516;01/01/2024;97;FAUX
6190;516;01/04/2024;59;FAUX
6191;516;01/07/2024;99;FAUX
6192;516;01/10/2024;90;VRAI
6193;517;01/01/2022;55;FAUX
6194;517;01/04/2022;64;VRAI
6195;517;01/07/2022;65;FAUX
6196;517;01/10/2022;70;FAUX
6197;517;01/01/2023;59;FAUX
6198;517;01/04/2023;99;FAUX
6199;517;01/07/2023;58;FAUX
6200;517;01/10/2023;73;VRAI
6201;517;01/01/2024;82;FAUX
6202;517;01/04/2024;52;FAUX
6203;517;01/07/2024;61;FAUX
6204;517;01/10/2024;72;FAUX
6205;518;01/01/2022;55;VRAI
6206;518;01/04/2022;83;FAUX
6207;518;01/07/2022;51;FAUX
6208;518;01/10/2022;58;VRAI
6209;518;01/01/2023;91;FAUX
6210;518;01/04/2023;89;FAUX
6211;518;01/07/2023;98;VRAI
6212;518;01/10/2023;78;FAUX
6213;518;01/01/2024;99;FAUX
6214;518;01/04/2024;80;VRAI
6215;518;01/07/2024;58;VRAI
6216;518;01/10/2024;68;FAUX
6217;519;01/01/2022;95;FAUX
6218;519;01/04/2022;66;FAUX
6219;519;01/07/2022;89;VRAI
6220;519;01/10/2022;88;FAUX
6221;519;01/01/2023;97;FAUX
6222;519;01/04/2023;66;FAUX
6223;519;01/07/2023;76;VRAI
6224;519;01/10/2023;57;FAUX
6225;519;01/01/2024;72;FAUX
6226;519;01/04/2024;92;VRAI
6227;519;01/07/2024;67;FAUX
6228;519;01/10/2024;61;VRAI
6229;520;01/01/2022;77;VRAI
6230;520;01/04/2022;87;FAUX
6231;520;01/07/2022;80;FAUX
6232;520;01/10/2022;58;FAUX
6233;520;01/01/2023;95;VRAI
6234;520;01/04/2023;57;FAUX
6235;520;01/07/2023;53;VRAI
6236;520;01/10/2023;87;VRAI
6237;520;01/01/2024;84;VRAI
6238;520;01/04/2024;92;VRAI
6239;520;01/07/2024;59;FAUX
6240;520;01/10/2024;95;FAUX
6241;521;01/01/2022;79;FAUX
6242;521;01/04/2022;67;FAUX
6243;521;01/07/2022;81;VRAI
6244;521;01/10/2022;96;FAUX
6245;521;01/01/2023;75;VRAI
6246;521;01/04/2023;72;VRAI
6247;521;01/07/2023;59;FAUX
6248;521;01/10/2023;85;FAUX
6249;521;01/01/2024;62;FAUX
6250;521;01/04/2024;78;FAUX
6251;521;01/07/2024;62;VRAI
6252;521;01/10/2024;75;FAUX
6253;522;01/01/2022;54;FAUX
6254;522;01/04/2022;63;VRAI
6255;522;01/07/2022;63;FAUX
6256;522;01/10/2022;97;VRAI
6257;522;01/01/2023;73;VRAI
6258;522;01/04/2023;50;FAUX
6259;522;01/07/2023;83;FAUX
6260;522;01/10/2023;89;VRAI
6261;522;01/01/2024;75;FAUX
6262;522;01/04/2024;90;VRAI
6263;522;01/07/2024;57;VRAI
6264;522;01/10/2024;65;FAUX
6265;523;01/01/2022;70;FAUX
6266;523;01/04/2022;74;FAUX
6267;523;01/07/2022;87;FAUX
6268;523;01/10/2022;98;VRAI
6269;523;01/01/2023;97;VRAI
6270;523;01/04/2023;95;FAUX
6271;523;01/07/2023;53;FAUX
6272;523;01/10/2023;51;VRAI
6273;523;01/01/2024;92;FAUX
6274;523;01/04/2024;85;VRAI
6275;523;01/07/2024;70;FAUX
6276;523;01/10/2024;70;FAUX
6277;524;01/01/2022;50;FAUX
6278;524;01/04/2022;75;FAUX
6279;524;01/07/2022;51;VRAI
6280;524;01/10/2022;94;FAUX
6281;524;01/01/2023;97;FAUX
6282;524;01/04/2023;91;VRAI
6283;524;01/07/2023;60;VRAI
6284;524;01/10/2023;75;VRAI
6285;524;01/01/2024;85;FAUX
6286;524;01/04/2024;84;FAUX
6287;524;01/07/2024;52;VRAI
6288;524;01/10/2024;90;VRAI
6289;525;01/01/2022;99;FAUX
6290;525;01/04/2022;71;FAUX
6291;525;01/07/2022;64;VRAI
6292;525;01/10/2022;56;VRAI
6293;525;01/01/2023;89;FAUX
6294;525;01/04/2023;66;VRAI
6295;525;01/07/2023;94;VRAI
6296;525;01/10/2023;62;FAUX
6297;525;01/01/2024;97;VRAI
6298;525;01/04/2024;90;FAUX
6299;525;01/07/2024;55;VRAI
6300;525;01/10/2024;83;VRAI
6301;526;01/01/2022;58;FAUX
6302;526;01/04/2022;89;VRAI
6303;526;01/07/2022;58;FAUX
6304;526;01/10/2022;93;FAUX
6305;526;01/01/2023;89;VRAI
6306;526;01/04/2023;62;VRAI
6307;526;01/07/2023;83;FAUX
6308;526;01/10/2023;98;FAUX
6309;526;01/01/2024;85;FAUX
6310;526;01/04/2024;63;FAUX
6311;526;01/07/2024;51;VRAI
6312;526;01/10/2024;76;VRAI
6313;527;01/01/2022;66;VRAI
6314;527;01/04/2022;64;VRAI
6315;527;01/07/2022;69;VRAI
6316;527;01/10/2022;56;FAUX
6317;527;01/01/2023;60;FAUX
6318;527;01/04/2023;99;VRAI
6319;527;01/07/2023;75;VRAI
6320;527;01/10/2023;94;FAUX
6321;527;01/01/2024;99;FAUX
6322;527;01/04/2024;69;FAUX
6323;527;01/07/2024;62;FAUX
6324;527;01/10/2024;97;FAUX
6325;528;01/01/2022;89;FAUX
6326;528;01/04/2022;94;VRAI
6327;528;01/07/2022;78;FAUX
6328;528;01/10/2022;85;FAUX
6329;528;01/01/2023;90;FAUX
6330;528;01/04/2023;98;FAUX
6331;528;01/07/2023;64;VRAI
6332;528;01/10/2023;66;VRAI
6333;528;01/01/2024;51;FAUX
6334;528;01/04/2024;78;VRAI
6335;528;01/07/2024;86;VRAI
6336;528;01/10/2024;83;FAUX
6337;529;01/01/2022;91;FAUX
6338;529;01/04/2022;87;VRAI
6339;529;01/07/2022;93;VRAI
6340;529;01/10/2022;62;FAUX
6341;529;01/01/2023;97;FAUX
6342;529;01/04/2023;76;FAUX
6343;529;01/07/2023;51;FAUX
6344;529;01/10/2023;80;VRAI
6345;529;01/01/2024;56;FAUX
6346;529;01/04/2024;82;FAUX
6347;529;01/07/2024;94;FAUX
6348;529;01/10/2024;68;VRAI
6349;530;01/01/2022;59;VRAI
6350;530;01/04/2022;99;FAUX
6351;530;01/07/2022;88;VRAI
6352;530;01/10/2022;59;FAUX
6353;530;01/01/2023;64;VRAI
6354;530;01/04/2023;64;FAUX
6355;530;01/07/2023;53;FAUX
6356;530;01/10/2023;50;FAUX
6357;530;01/01/2024;93;VRAI
6358;530;01/04/2024;83;VRAI
6359;530;01/07/2024;66;VRAI
6360;530;01/10/2024;87;FAUX
6361;531;01/01/2022;82;FAUX
6362;531;01/04/2022;70;FAUX
6363;531;01/07/2022;95;FAUX
6364;531;01/10/2022;54;VRAI
6365;531;01/01/2023;50;VRAI
6366;531;01/04/2023;55;VRAI
6367;531;01/07/2023;51;VRAI
6368;531;01/10/2023;54;FAUX
6369;531;01/01/2024;90;VRAI
6370;531;01/04/2024;96;VRAI
6371;531;01/07/2024;61;VRAI
6372;531;01/10/2024;51;VRAI
6373;532;01/01/2022;53;VRAI
6374;532;01/04/2022;76;FAUX
6375;532;01/07/2022;59;VRAI
6376;532;01/10/2022;93;FAUX
6377;532;01/01/2023;75;VRAI
6378;532;01/04/2023;95;VRAI
6379;532;01/07/2023;59;FAUX
6380;532;01/10/2023;89;VRAI
6381;532;01/01/2024;64;VRAI
6382;532;01/04/2024;57;VRAI
6383;532;01/07/2024;70;FAUX
6384;532;01/10/2024;95;VRAI
6385;533;01/01/2022;94;VRAI
6386;533;01/04/2022;89;FAUX
6387;533;01/07/2022;71;FAUX
6388;533;01/10/2022;58;VRAI
6389;533;01/01/2023;84;FAUX
6390;533;01/04/2023;91;VRAI
6391;533;01/07/2023;76;VRAI
6392;533;01/10/2023;55;FAUX
6393;533;01/01/2024;81;FAUX
6394;533;01/04/2024;88;VRAI
6395;533;01/07/2024;67;FAUX
6396;533;01/10/2024;64;FAUX
6397;534;01/01/2022;75;VRAI
6398;534;01/04/2022;93;FAUX
6399;534;01/07/2022;88;FAUX
6400;534;01/10/2022;88;VRAI
6401;534;01/01/2023;81;VRAI
6402;534;01/04/2023;64;FAUX
6403;534;01/07/2023;88;FAUX
6404;534;01/10/2023;60;FAUX
6405;534;01/01/2024;89;FAUX
6406;534;01/04/2024;82;FAUX
6407;534;01/07/2024;57;VRAI
6408;534;01/10/2024;84;VRAI
6409;535;01/01/2022;84;VRAI
6410;535;01/04/2022;63;VRAI
6411;535;01/07/2022;96;FAUX
6412;535;01/10/2022;66;FAUX
6413;535;01/01/2023;83;FAUX
6414;535;01/04/2023;65;FAUX
6415;535;01/07/2023;74;FAUX
6416;535;01/10/2023;77;FAUX
6417;535;01/01/2024;95;VRAI
6418;535;01/04/2024;62;VRAI
6419;535;01/07/2024;74;VRAI
6420;535;01/10/2024;59;FAUX
6421;536;01/01/2022;50;VRAI
6422;536;01/04/2022;74;FAUX
6423;536;01/07/2022;85;FAUX
6424;536;01/10/2022;55;FAUX
6425;536;01/01/2023;52;FAUX
6426;536;01/04/2023;57;VRAI
6427;536;01/07/2023;97;VRAI
6428;536;01/10/2023;99;FAUX
6429;536;01/01/2024;63;VRAI
6430;536;01/04/2024;97;VRAI
6431;536;01/07/2024;93;FAUX
6432;536;01/10/2024;95;VRAI
6433;537;01/01/2022;68;VRAI
6434;537;01/04/2022;56;FAUX
6435;537;01/07/2022;86;FAUX
6436;537;01/10/2022;90;VRAI
6437;537;01/01/2023;56;VRAI
6438;537;01/04/2023;53;VRAI
6439;537;01/07/2023;98;FAUX
6440;537;01/10/2023;55;FAUX
6441;537;01/01/2024;89;VRAI
6442;537;01/04/2024;64;FAUX
6443;537;01/07/2024;52;FAUX
6444;537;01/10/2024;90;FAUX
6445;538;01/01/2022;53;FAUX
6446;538;01/04/2022;51;FAUX
6447;538;01/07/2022;78;FAUX
6448;538;01/10/2022;83;FAUX
6449;538;01/01/2023;76;FAUX
6450;538;01/04/2023;88;FAUX
6451;538;01/07/2023;87;FAUX
6452;538;01/10/2023;85;VRAI
6453;538;01/01/2024;76;VRAI
6454;538;01/04/2024;69;VRAI
6455;538;01/07/2024;72;FAUX
6456;538;01/10/2024;74;VRAI
6457;539;01/01/2022;76;FAUX
6458;539;01/04/2022;57;VRAI
6459;539;01/07/2022;90;FAUX
6460;539;01/10/2022;77;FAUX
6461;539;01/01/2023;53;VRAI
6462;539;01/04/2023;65;VRAI
6463;539;01/07/2023;59;FAUX
6464;539;01/10/2023;97;FAUX
6465;539;01/01/2024;94;VRAI
6466;539;01/04/2024;88;FAUX
6467;539;01/07/2024;85;VRAI
6468;539;01/10/2024;68;FAUX
6469;540;01/01/2022;62;VRAI
6470;540;01/04/2022;85;VRAI
6471;540;01/07/2022;77;VRAI
6472;540;01/10/2022;91;VRAI
6473;540;01/01/2023;88;FAUX
6474;540;01/04/2023;54;VRAI
6475;540;01/07/2023;67;VRAI
6476;540;01/10/2023;96;VRAI
6477;540;01/01/2024;71;VRAI
6478;540;01/04/2024;99;FAUX
6479;540;01/07/2024;55;FAUX
6480;540;01/10/2024;65;FAUX
6481;541;01/01/2022;50;VRAI
6482;541;01/04/2022;79;FAUX
6483;541;01/07/2022;92;FAUX
6484;541;01/10/2022;86;FAUX
6485;541;01/01/2023;72;VRAI
6486;541;01/04/2023;68;FAUX
6487;541;01/07/2023;52;FAUX
6488;541;01/10/2023;86;VRAI
6489;541;01/01/2024;77;FAUX
6490;541;01/04/2024;82;VRAI
6491;541;01/07/2024;71;VRAI
6492;541;01/10/2024;76;VRAI
6493;542;01/01/2022;86;FAUX
6494;542;01/04/2022;94;VRAI
6495;542;01/07/2022;77;FAUX
6496;542;01/10/2022;59;FAUX
6497;542;01/01/2023;74;VRAI
6498;542;01/04/2023;63;FAUX
6499;542;01/07/2023;75;FAUX
6500;542;01/10/2023;60;VRAI
6501;542;01/01/2024;56;VRAI
6502;542;01/04/2024;67;VRAI
6503;542;01/07/2024;69;FAUX
6504;542;01/10/2024;60;FAUX
6505;543;01/01/2022;65;VRAI
6506;543;01/04/2022;76;VRAI
6507;543;01/07/2022;60;FAUX
6508;543;01/10/2022;72;FAUX
6509;543;01/01/2023;61;VRAI
6510;543;01/04/2023;89;VRAI
6511;543;01/07/2023;51;FAUX
6512;543;01/10/2023;87;FAUX
6513;543;01/01/2024;73;VRAI
6514;543;01/04/2024;96;FAUX
6515;543;01/07/2024;83;FAUX
6516;543;01/10/2024;67;FAUX
6517;544;01/01/2022;67;FAUX
6518;544;01/04/2022;50;FAUX
6519;544;01/07/2022;83;VRAI
6520;544;01/10/2022;90;FAUX
6521;544;01/01/2023;60;VRAI
6522;544;01/04/2023;72;FAUX
6523;544;01/07/2023;93;VRAI
6524;544;01/10/2023;61;FAUX
6525;544;01/01/2024;80;VRAI
6526;544;01/04/2024;50;VRAI
6527;544;01/07/2024;69;FAUX
6528;544;01/10/2024;55;VRAI
6529;545;01/01/2022;84;FAUX
6530;545;01/04/2022;78;VRAI
6531;545;01/07/2022;59;VRAI
6532;545;01/10/2022;78;FAUX
6533;545;01/01/2023;50;FAUX
6534;545;01/04/2023;57;VRAI
6535;545;01/07/2023;87;VRAI
6536;545;01/10/2023;68;VRAI
6537;545;01/01/2024;82;VRAI
6538;545;01/04/2024;94;VRAI
6539;545;01/07/2024;70;VRAI
6540;545;01/10/2024;51;VRAI
6541;546;01/01/2022;90;VRAI
6542;546;01/04/2022;65;FAUX
6543;546;01/07/2022;94;VRAI
6544;546;01/10/2022;99;VRAI
6545;546;01/01/2023;61;FAUX
6546;546;01/04/2023;61;VRAI
6547;546;01/07/2023;69;FAUX
6548;546;01/10/2023;98;VRAI
6549;546;01/01/2024;88;VRAI
6550;546;01/04/2024;98;VRAI
6551;546;01/07/2024;91;FAUX
6552;546;01/10/2024;85;FAUX
6553;547;01/01/2022;75;VRAI
6554;547;01/04/2022;56;FAUX
6555;547;01/07/2022;75;FAUX
6556;547;01/10/2022;73;FAUX
6557;547;01/01/2023;97;FAUX
6558;547;01/04/2023;96;FAUX
6559;547;01/07/2023;58;VRAI
6560;547;01/10/2023;70;VRAI
6561;547;01/01/2024;97;VRAI
6562;547;01/04/2024;73;FAUX
6563;547;01/07/2024;69;VRAI
6564;547;01/10/2024;65;FAUX
6565;548;01/01/2022;92;FAUX
6566;548;01/04/2022;78;VRAI
6567;548;01/07/2022;60;VRAI
6568;548;01/10/2022;94;VRAI
6569;548;01/01/2023;55;FAUX
6570;548;01/04/2023;64;VRAI
6571;548;01/07/2023;69;FAUX
6572;548;01/10/2023;51;FAUX
6573;548;01/01/2024;65;VRAI
6574;548;01/04/2024;83;VRAI
6575;548;01/07/2024;63;FAUX
6576;548;01/10/2024;77;FAUX
6577;549;01/01/2022;81;VRAI
6578;549;01/04/2022;59;VRAI
6579;549;01/07/2022;94;FAUX
6580;549;01/10/2022;58;FAUX
6581;549;01/01/2023;85;FAUX
6582;549;01/04/2023;78;FAUX
6583;549;01/07/2023;78;FAUX
6584;549;01/10/2023;97;VRAI
6585;549;01/01/2024;76;VRAI
6586;549;01/04/2024;92;VRAI
6587;549;01/07/2024;98;FAUX
6588;549;01/10/2024;94;FAUX
6589;550;01/01/2022;63;FAUX
6590;550;01/04/2022;91;FAUX
6591;550;01/07/2022;93;FAUX
6592;550;01/10/2022;75;VRAI
6593;550;01/01/2023;58;VRAI
6594;550;01/04/2023;86;FAUX
6595;550;01/07/2023;63;VRAI
6596;550;01/10/2023;56;VRAI
6597;550;01/01/2024;52;FAUX
6598;550;01/04/2024;66;FAUX
6599;550;01/07/2024;93;FAUX
6600;550;01/10/2024;95;FAUX
6601;551;01/01/2022;77;VRAI
6602;551;01/04/2022;63;VRAI
6603;551;01/07/2022;75;FAUX
6604;551;01/10/2022;60;VRAI
6605;551;01/01/2023;83;VRAI
6606;551;01/04/2023;88;FAUX
6607;551;01/07/2023;62;VRAI
6608;551;01/10/2023;99;VRAI
6609;551;01/01/2024;73;VRAI
6610;551;01/04/2024;97;VRAI
6611;551;01/07/2024;57;FAUX
6612;551;01/10/2024;64;VRAI
6613;552;01/01/2022;50;FAUX
6614;552;01/04/2022;98;FAUX
6615;552;01/07/2022;96;FAUX
6616;552;01/10/2022;63;FAUX
6617;552;01/01/2023;83;VRAI
6618;552;01/04/2023;80;FAUX
6619;552;01/07/2023;98;VRAI
6620;552;01/10/2023;80;VRAI
6621;552;01/01/2024;64;VRAI
6622;552;01/04/2024;92;VRAI
6623;552;01/07/2024;77;VRAI
6624;552;01/10/2024;60;VRAI
6625;553;01/01/2022;55;VRAI
6626;553;01/04/2022;89;VRAI
6627;553;01/07/2022;51;VRAI
6628;553;01/10/2022;64;VRAI
6629;553;01/01/2023;71;VRAI
6630;553;01/04/2023;96;FAUX
6631;553;01/07/2023;79;FAUX
6632;553;01/10/2023;95;VRAI
6633;553;01/01/2024;79;VRAI
6634;553;01/04/2024;58;VRAI
6635;553;01/07/2024;87;FAUX
6636;553;01/10/2024;57;VRAI
6637;554;01/01/2022;67;VRAI
6638;554;01/04/2022;67;FAUX
6639;554;01/07/2022;98;FAUX
6640;554;01/10/2022;97;VRAI
6641;554;01/01/2023;85;FAUX
6642;554;01/04/2023;70;FAUX
6643;554;01/07/2023;81;VRAI
6644;554;01/10/2023;86;FAUX
6645;554;01/01/2024;95;FAUX
6646;554;01/04/2024;95;FAUX
6647;554;01/07/2024;73;VRAI
6648;554;01/10/2024;95;VRAI
6649;555;01/01/2022;84;VRAI
6650;555;01/04/2022;95;FAUX
6651;555;01/07/2022;94;FAUX
6652;555;01/10/2022;53;VRAI
6653;555;01/01/2023;96;VRAI
6654;555;01/04/2023;79;FAUX
6655;555;01/07/2023;51;VRAI
6656;555;01/10/2023;83;VRAI
6657;555;01/01/2024;80;VRAI
6658;555;01/04/2024;62;VRAI
6659;555;01/07/2024;56;FAUX
6660;555;01/10/2024;56;FAUX
6661;556;01/01/2022;87;FAUX
6662;556;01/04/2022;93;FAUX
6663;556;01/07/2022;62;FAUX
6664;556;01/10/2022;77;FAUX
6665;556;01/01/2023;92;FAUX
6666;556;01/04/2023;83;FAUX
6667;556;01/07/2023;83;VRAI
6668;556;01/10/2023;87;VRAI
6669;556;01/01/2024;92;FAUX
6670;556;01/04/2024;91;VRAI
6671;556;01/07/2024;99;FAUX
6672;556;01/10/2024;50;VRAI
6673;557;01/01/2022;65;FAUX
6674;557;01/04/2022;88;VRAI
6675;557;01/07/2022;82;VRAI
6676;557;01/10/2022;90;FAUX
6677;557;01/01/2023;66;VRAI
6678;557;01/04/2023;91;FAUX
6679;557;01/07/2023;80;VRAI
6680;557;01/10/2023;89;FAUX
6681;557;01/01/2024;79;VRAI
6682;557;01/04/2024;61;VRAI
6683;557;01/07/2024;94;VRAI
6684;557;01/10/2024;98;FAUX
6685;558;01/01/2022;99;FAUX
6686;558;01/04/2022;52;FAUX
6687;558;01/07/2022;50;VRAI
6688;558;01/10/2022;92;FAUX
6689;558;01/01/2023;62;VRAI
6690;558;01/04/2023;57;FAUX
6691;558;01/07/2023;69;VRAI
6692;558;01/10/2023;66;FAUX
6693;558;01/01/2024;84;VRAI
6694;558;01/04/2024;87;FAUX
6695;558;01/07/2024;73;FAUX
6696;558;01/10/2024;67;FAUX
6697;559;01/01/2022;95;FAUX
6698;559;01/04/2022;88;VRAI
6699;559;01/07/2022;98;VRAI
6700;559;01/10/2022;74;VRAI
6701;559;01/01/2023;76;VRAI
6702;559;01/04/2023;70;VRAI
6703;559;01/07/2023;98;FAUX
6704;559;01/10/2023;80;FAUX
6705;559;01/01/2024;74;FAUX
6706;559;01/04/2024;51;VRAI
6707;559;01/07/2024;97;VRAI
6708;559;01/10/2024;77;VRAI
6709;560;01/01/2022;99;FAUX
6710;560;01/04/2022;63;FAUX
6711;560;01/07/2022;51;FAUX
6712;560;01/10/2022;84;VRAI
6713;560;01/01/2023;74;FAUX
6714;560;01/04/2023;64;FAUX
6715;560;01/07/2023;58;FAUX
6716;560;01/10/2023;80;FAUX
6717;560;01/01/2024;78;VRAI
6718;560;01/04/2024;97;VRAI
6719;560;01/07/2024;87;FAUX
6720;560;01/10/2024;57;FAUX
6721;561;01/01/2022;52;FAUX
6722;561;01/04/2022;65;VRAI
6723;561;01/07/2022;79;VRAI
6724;561;01/10/2022;65;VRAI
6725;561;01/01/2023;77;FAUX
6726;561;01/04/2023;59;VRAI
6727;561;01/07/2023;94;FAUX
6728;561;01/10/2023;96;FAUX
6729;561;01/01/2024;79;FAUX
6730;561;01/04/2024;58;FAUX
6731;561;01/07/2024;78;FAUX
6732;561;01/10/2024;77;VRAI
6733;562;01/01/2022;96;FAUX
6734;562;01/04/2022;51;FAUX
6735;562;01/07/2022;95;VRAI
6736;562;01/10/2022;77;VRAI
6737;562;01/01/2023;85;FAUX
6738;562;01/04/2023;80;VRAI
6739;562;01/07/2023;72;FAUX
6740;562;01/10/2023;90;VRAI
6741;562;01/01/2024;95;VRAI
6742;562;01/04/2024;50;FAUX
6743;562;01/07/2024;72;FAUX
6744;562;01/10/2024;76;VRAI
6745;563;01/01/2022;81;VRAI
6746;563;01/04/2022;73;VRAI
6747;563;01/07/2022;52;FAUX
6748;563;01/10/2022;61;VRAI
6749;563;01/01/2023;64;VRAI
6750;563;01/04/2023;99;FAUX
6751;563;01/07/2023;56;VRAI
6752;563;01/10/2023;56;FAUX
6753;563;01/01/2024;54;FAUX
6754;563;01/04/2024;89;VRAI
6755;563;01/07/2024;97;FAUX
6756;563;01/10/2024;96;VRAI
6757;564;01/01/2022;86;VRAI
6758;564;01/04/2022;60;FAUX
6759;564;01/07/2022;70;VRAI
6760;564;01/10/2022;90;VRAI
6761;564;01/01/2023;69;VRAI
6762;564;01/04/2023;89;VRAI
6763;564;01/07/2023;83;FAUX
6764;564;01/10/2023;85;VRAI
6765;564;01/01/2024;68;VRAI
6766;564;01/04/2024;54;VRAI
6767;564;01/07/2024;78;FAUX
6768;564;01/10/2024;59;FAUX
6769;565;01/01/2022;89;VRAI
6770;565;01/04/2022;78;VRAI
6771;565;01/07/2022;61;FAUX
6772;565;01/10/2022;62;FAUX
6773;565;01/01/2023;89;VRAI
6774;565;01/04/2023;62;VRAI
6775;565;01/07/2023;87;VRAI
6776;565;01/10/2023;92;VRAI
6777;565;01/01/2024;50;VRAI
6778;565;01/04/2024;92;FAUX
6779;565;01/07/2024;89;FAUX
6780;565;01/10/2024;84;FAUX
6781;566;01/01/2022;93;FAUX
6782;566;01/04/2022;77;VRAI
6783;566;01/07/2022;57;VRAI
6784;566;01/10/2022;91;FAUX
6785;566;01/01/2023;97;FAUX
6786;566;01/04/2023;66;FAUX
6787;566;01/07/2023;58;FAUX
6788;566;01/10/2023;69;FAUX
6789;566;01/01/2024;63;FAUX
6790;566;01/04/2024;78;VRAI
6791;566;01/07/2024;76;VRAI
6792;566;01/10/2024;65;FAUX
6793;567;01/01/2022;83;FAUX
6794;567;01/04/2022;82;VRAI
6795;567;01/07/2022;72;VRAI
6796;567;01/10/2022;97;FAUX
6797;567;01/01/2023;67;VRAI
6798;567;01/04/2023;90;FAUX
6799;567;01/07/2023;78;VRAI
6800;567;01/10/2023;99;VRAI
6801;567;01/01/2024;73;VRAI
6802;567;01/04/2024;78;FAUX
6803;567;01/07/2024;75;FAUX
6804;567;01/10/2024;52;FAUX
6805;568;01/01/2022;74;FAUX
6806;568;01/04/2022;68;FAUX
6807;568;01/07/2022;51;VRAI
6808;568;01/10/2022;50;FAUX
6809;568;01/01/2023;76;FAUX
6810;568;01/04/2023;94;VRAI
6811;568;01/07/2023;98;VRAI
6812;568;01/10/2023;90;VRAI
6813;568;01/01/2024;87;FAUX
6814;568;01/04/2024;66;FAUX
6815;568;01/07/2024;70;VRAI
6816;568;01/10/2024;97;VRAI
6817;569;01/01/2022;97;FAUX
6818;569;01/04/2022;60;FAUX
6819;569;01/07/2022;98;VRAI
6820;569;01/10/2022;99;VRAI
6821;569;01/01/2023;59;FAUX
6822;569;01/04/2023;81;VRAI
6823;569;01/07/2023;97;VRAI
6824;569;01/10/2023;86;FAUX
6825;569;01/01/2024;77;VRAI
6826;569;01/04/2024;55;FAUX
6827;569;01/07/2024;72;FAUX
6828;569;01/10/2024;74;VRAI
6829;570;01/01/2022;51;FAUX
6830;570;01/04/2022;90;VRAI
6831;570;01/07/2022;83;VRAI
6832;570;01/10/2022;89;VRAI
6833;570;01/01/2023;74;FAUX
6834;570;01/04/2023;65;VRAI
6835;570;01/07/2023;67;VRAI
6836;570;01/10/2023;86;VRAI
6837;570;01/01/2024;83;VRAI
6838;570;01/04/2024;50;VRAI
6839;570;01/07/2024;79;VRAI
6840;570;01/10/2024;67;FAUX
6841;571;01/01/2022;62;FAUX
6842;571;01/04/2022;56;FAUX
6843;571;01/07/2022;99;VRAI
6844;571;01/10/2022;98;FAUX
6845;571;01/01/2023;92;VRAI
6846;571;01/04/2023;76;FAUX
6847;571;01/07/2023;82;VRAI
6848;571;01/10/2023;78;FAUX
6849;571;01/01/2024;82;FAUX
6850;571;01/04/2024;90;VRAI
6851;571;01/07/2024;70;VRAI
6852;571;01/10/2024;70;VRAI
6853;572;01/01/2022;91;FAUX
6854;572;01/04/2022;72;VRAI
6855;572;01/07/2022;82;FAUX
6856;572;01/10/2022;74;FAUX
6857;572;01/01/2023;89;FAUX
6858;572;01/04/2023;61;FAUX
6859;572;01/07/2023;82;FAUX
6860;572;01/10/2023;53;VRAI
6861;572;01/01/2024;55;VRAI
6862;572;01/04/2024;54;VRAI
6863;572;01/07/2024;67;FAUX
6864;572;01/10/2024;84;VRAI
6865;573;01/01/2022;71;FAUX
6866;573;01/04/2022;53;FAUX
6867;573;01/07/2022;90;VRAI
6868;573;01/10/2022;75;FAUX
6869;573;01/01/2023;71;VRAI
6870;573;01/04/2023;82;VRAI
6871;573;01/07/2023;92;FAUX
6872;573;01/10/2023;80;FAUX
6873;573;01/01/2024;73;VRAI
6874;573;01/04/2024;97;FAUX
6875;573;01/07/2024;81;VRAI
6876;573;01/10/2024;83;VRAI
6877;574;01/01/2022;74;VRAI
6878;574;01/04/2022;68;VRAI
6879;574;01/07/2022;96;FAUX
6880;574;01/10/2022;63;VRAI
6881;574;01/01/2023;62;VRAI
6882;574;01/04/2023;77;FAUX
6883;574;01/07/2023;64;FAUX
6884;574;01/10/2023;52;FAUX
6885;574;01/01/2024;53;VRAI
6886;574;01/04/2024;99;FAUX
6887;574;01/07/2024;74;FAUX
6888;574;01/10/2024;57;FAUX
6889;575;01/01/2022;52;VRAI
6890;575;01/04/2022;99;VRAI
6891;575;01/07/2022;89;FAUX
6892;575;01/10/2022;82;FAUX
6893;575;01/01/2023;72;VRAI
6894;575;01/04/2023;62;VRAI
6895;575;01/07/2023;61;VRAI
6896;575;01/10/2023;67;VRAI
6897;575;01/01/2024;94;VRAI
6898;575;01/04/2024;91;VRAI
6899;575;01/07/2024;87;VRAI
6900;575;01/10/2024;91;VRAI
6901;576;01/01/2022;58;VRAI
6902;576;01/04/2022;63;VRAI
6903;576;01/07/2022;56;VRAI
6904;576;01/10/2022;73;FAUX
6905;576;01/01/2023;79;FAUX
6906;576;01/04/2023;95;FAUX
6907;576;01/07/2023;54;VRAI
6908;576;01/10/2023;68;VRAI
6909;576;01/01/2024;87;FAUX
6910;576;01/04/2024;75;VRAI
6911;576;01/07/2024;91;VRAI
6912;576;01/10/2024;95;VRAI
6913;577;01/01/2022;79;VRAI
6914;577;01/04/2022;77;VRAI
6915;577;01/07/2022;91;VRAI
6916;577;01/10/2022;54;VRAI
6917;577;01/01/2023;68;FAUX
6918;577;01/04/2023;97;VRAI
6919;577;01/07/2023;87;VRAI
6920;577;01/10/2023;54;VRAI
6921;577;01/01/2024;95;FAUX
6922;577;01/04/2024;83;VRAI
6923;577;01/07/2024;82;VRAI
6924;577;01/10/2024;91;VRAI
6925;578;01/01/2022;74;FAUX
6926;578;01/04/2022;58;FAUX
6927;578;01/07/2022;52;VRAI
6928;578;01/10/2022;53;VRAI
6929;578;01/01/2023;87;FAUX
6930;578;01/04/2023;98;VRAI
6931;578;01/07/2023;86;FAUX
6932;578;01/10/2023;96;FAUX
6933;578;01/01/2024;86;FAUX
6934;578;01/04/2024;94;VRAI
6935;578;01/07/2024;82;VRAI
6936;578;01/10/2024;71;VRAI
6937;579;01/01/2022;95;VRAI
6938;579;01/04/2022;70;FAUX
6939;579;01/07/2022;74;VRAI
6940;579;01/10/2022;99;VRAI
6941;579;01/01/2023;99;FAUX
6942;579;01/04/2023;68;FAUX
6943;579;01/07/2023;56;FAUX
6944;579;01/10/2023;94;VRAI
6945;579;01/01/2024;99;FAUX
6946;579;01/04/2024;60;VRAI
6947;579;01/07/2024;50;FAUX
6948;579;01/10/2024;81;FAUX
6949;580;01/01/2022;93;VRAI
6950;580;01/04/2022;51;VRAI
6951;580;01/07/2022;70;FAUX
6952;580;01/10/2022;99;VRAI
6953;580;01/01/2023;96;FAUX
6954;580;01/04/2023;58;VRAI
6955;580;01/07/2023;69;VRAI
6956;580;01/10/2023;67;FAUX
6957;580;01/01/2024;79;FAUX
6958;580;01/04/2024;50;FAUX
6959;580;01/07/2024;73;VRAI
6960;580;01/10/2024;68;FAUX
6961;581;01/01/2022;75;FAUX
6962;581;01/04/2022;93;FAUX
6963;581;01/07/2022;87;VRAI
6964;581;01/10/2022;62;FAUX
6965;581;01/01/2023;94;VRAI
6966;581;01/04/2023;82;VRAI
6967;581;01/07/2023;77;FAUX
6968;581;01/10/2023;73;VRAI
6969;581;01/01/2024;99;VRAI
6970;581;01/04/2024;97;FAUX
6971;581;01/07/2024;93;FAUX
6972;581;01/10/2024;60;FAUX
6973;582;01/01/2022;62;FAUX
6974;582;01/04/2022;57;VRAI
6975;582;01/07/2022;58;FAUX
6976;582;01/10/2022;51;FAUX
6977;582;01/01/2023;62;FAUX
6978;582;01/04/2023;51;FAUX
6979;582;01/07/2023;61;FAUX
6980;582;01/10/2023;59;VRAI
6981;582;01/01/2024;53;FAUX
6982;582;01/04/2024;72;VRAI
6983;582;01/07/2024;99;VRAI
6984;582;01/10/2024;59;VRAI
6985;583;01/01/2022;68;FAUX
6986;583;01/04/2022;70;FAUX
6987;583;01/07/2022;92;FAUX
6988;583;01/10/2022;70;FAUX
6989;583;01/01/2023;73;FAUX
6990;583;01/04/2023;87;VRAI
6991;583;01/07/2023;71;VRAI
6992;583;01/10/2023;94;FAUX
6993;583;01/01/2024;59;VRAI
6994;583;01/04/2024;60;VRAI
6995;583;01/07/2024;87;FAUX
6996;583;01/10/2024;82;VRAI
6997;584;01/01/2022;80;FAUX
6998;584;01/04/2022;84;VRAI
6999;584;01/07/2022;96;VRAI
7000;584;01/10/2022;85;VRAI
7001;584;01/01/2023;85;FAUX
7002;584;01/04/2023;88;FAUX
7003;584;01/07/2023;74;VRAI
7004;584;01/10/2023;64;VRAI
7005;584;01/01/2024;94;FAUX
7006;584;01/04/2024;71;VRAI
7007;584;01/07/2024;71;VRAI
7008;584;01/10/2024;63;FAUX
7009;585;01/01/2022;66;FAUX
7010;585;01/04/2022;83;FAUX
7011;585;01/07/2022;94;FAUX
7012;585;01/10/2022;71;FAUX
7013;585;01/01/2023;79;FAUX
7014;585;01/04/2023;87;FAUX
7015;585;01/07/2023;73;FAUX
7016;585;01/10/2023;84;FAUX
7017;585;01/01/2024;53;FAUX
7018;585;01/04/2024;55;FAUX
7019;585;01/07/2024;86;VRAI
7020;585;01/10/2024;90;VRAI
7021;586;01/01/2022;87;FAUX
7022;586;01/04/2022;65;VRAI
7023;586;01/07/2022;92;VRAI
7024;586;01/10/2022;64;FAUX
7025;586;01/01/2023;90;FAUX
7026;586;01/04/2023;80;VRAI
7027;586;01/07/2023;73;FAUX
7028;586;01/10/2023;58;VRAI
7029;586;01/01/2024;53;FAUX
7030;586;01/04/2024;58;VRAI
7031;586;01/07/2024;64;VRAI
7032;586;01/10/2024;83;FAUX
7033;587;01/01/2022;68;VRAI
7034;587;01/04/2022;70;FAUX
7035;587;01/07/2022;66;FAUX
7036;587;01/10/2022;66;FAUX
7037;587;01/01/2023;50;VRAI
7038;587;01/04/2023;59;VRAI
7039;587;01/07/2023;97;FAUX
7040;587;01/10/2023;54;FAUX
7041;587;01/01/2024;61;FAUX
7042;587;01/04/2024;80;VRAI
7043;587;01/07/2024;87;VRAI
7044;587;01/10/2024;58;FAUX
7045;588;01/01/2022;75;VRAI
7046;588;01/04/2022;65;VRAI
7047;588;01/07/2022;74;FAUX
7048;588;01/10/2022;56;VRAI
7049;588;01/01/2023;53;VRAI
7050;588;01/04/2023;89;FAUX
7051;588;01/07/2023;79;FAUX
7052;588;01/10/2023;79;VRAI
7053;588;01/01/2024;56;FAUX
7054;588;01/04/2024;84;FAUX
7055;588;01/07/2024;88;FAUX
7056;588;01/10/2024;94;FAUX
7057;589;01/01/2022;98;FAUX
7058;589;01/04/2022;88;VRAI
7059;589;01/07/2022;75;FAUX
7060;589;01/10/2022;85;VRAI
7061;589;01/01/2023;84;VRAI
7062;589;01/04/2023;84;FAUX
7063;589;01/07/2023;82;FAUX
7064;589;01/10/2023;63;VRAI
7065;589;01/01/2024;95;VRAI
7066;589;01/04/2024;94;FAUX
7067;589;01/07/2024;64;VRAI
7068;589;01/10/2024;66;FAUX
7069;590;01/01/2022;71;VRAI
7070;590;01/04/2022;75;FAUX
7071;590;01/07/2022;61;FAUX
7072;590;01/10/2022;53;VRAI
7073;590;01/01/2023;95;VRAI
7074;590;01/04/2023;62;VRAI
7075;590;01/07/2023;67;VRAI
7076;590;01/10/2023;77;FAUX
7077;590;01/01/2024;90;FAUX
7078;590;01/04/2024;68;FAUX
7079;590;01/07/2024;96;VRAI
7080;590;01/10/2024;87;FAUX
7081;591;01/01/2022;52;VRAI
7082;591;01/04/2022;69;VRAI
7083;591;01/07/2022;60;VRAI
7084;591;01/10/2022;66;VRAI
7085;591;01/01/2023;98;VRAI
7086;591;01/04/2023;84;FAUX
7087;591;01/07/2023;88;VRAI
7088;591;01/10/2023;68;VRAI
7089;591;01/01/2024;83;FAUX
7090;591;01/04/2024;98;VRAI
7091;591;01/07/2024;71;FAUX
7092;591;01/10/2024;76;VRAI
7093;592;01/01/2022;90;VRAI
7094;592;01/04/2022;76;VRAI
7095;592;01/07/2022;51;FAUX
7096;592;01/10/2022;96;VRAI
7097;592;01/01/2023;68;FAUX
7098;592;01/04/2023;85;FAUX
7099;592;01/07/2023;89;FAUX
7100;592;01/10/2023;94;VRAI
7101;592;01/01/2024;56;FAUX
7102;592;01/04/2024;64;FAUX
7103;592;01/07/2024;97;FAUX
7104;592;01/10/2024;58;VRAI
7105;593;01/01/2022;57;VRAI
7106;593;01/04/2022;53;FAUX
7107;593;01/07/2022;62;VRAI
7108;593;01/10/2022;56;FAUX
7109;593;01/01/2023;74;FAUX
7110;593;01/04/2023;84;VRAI
7111;593;01/07/2023;74;VRAI
7112;593;01/10/2023;61;VRAI
7113;593;01/01/2024;96;FAUX
7114;593;01/04/2024;61;FAUX
7115;593;01/07/2024;55;FAUX
7116;593;01/10/2024;59;FAUX
7117;594;01/01/2022;94;VRAI
7118;594;01/04/2022;56;FAUX
7119;594;01/07/2022;72;FAUX
7120;594;01/10/2022;60;FAUX
7121;594;01/01/2023;85;VRAI
7122;594;01/04/2023;97;VRAI
7123;594;01/07/2023;72;VRAI
7124;594;01/10/2023;92;VRAI
7125;594;01/01/2024;76;VRAI
7126;594;01/04/2024;66;FAUX
7127;594;01/07/2024;75;VRAI
7128;594;01/10/2024;71;VRAI
7129;595;01/01/2022;61;VRAI
7130;595;01/04/2022;50;VRAI
7131;595;01/07/2022;63;VRAI
7132;595;01/10/2022;96;FAUX
7133;595;01/01/2023;92;FAUX
7134;595;01/04/2023;90;VRAI
7135;595;01/07/2023;53;FAUX
7136;595;01/10/2023;88;VRAI
7137;595;01/01/2024;90;VRAI
7138;595;01/04/2024;73;FAUX
7139;595;01/07/2024;83;FAUX
7140;595;01/10/2024;64;VRAI
7141;596;01/01/2022;62;VRAI
7142;596;01/04/2022;58;FAUX
7143;596;01/07/2022;84;VRAI
7144;596;01/10/2022;96;VRAI
7145;596;01/01/2023;72;FAUX
7146;596;01/04/2023;50;FAUX
7147;596;01/07/2023;81;VRAI
7148;596;01/10/2023;97;FAUX
7149;596;01/01/2024;50;VRAI
7150;596;01/04/2024;52;VRAI
7151;596;01/07/2024;99;FAUX
7152;596;01/10/2024;76;VRAI
7153;597;01/01/2022;71;FAUX
7154;597;01/04/2022;65;FAUX
7155;597;01/07/2022;96;VRAI
7156;597;01/10/2022;94;FAUX
7157;597;01/01/2023;57;VRAI
7158;597;01/04/2023;57;FAUX
7159;597;01/07/2023;59;VRAI
7160;597;01/10/2023;82;VRAI
7161;597;01/01/2024;61;VRAI
7162;597;01/04/2024;86;VRAI
7163;597;01/07/2024;97;FAUX
7164;597;01/10/2024;79;FAUX
7165;598;01/01/2022;89;VRAI
7166;598;01/04/2022;60;FAUX
7167;598;01/07/2022;69;VRAI
7168;598;01/10/2022;85;FAUX
7169;598;01/01/2023;75;FAUX
7170;598;01/04/2023;73;VRAI
7171;598;01/07/2023;95;VRAI
7172;598;01/10/2023;83;VRAI
7173;598;01/01/2024;85;VRAI
7174;598;01/04/2024;79;FAUX
7175;598;01/07/2024;66;FAUX
7176;598;01/10/2024;62;FAUX
7177;599;01/01/2022;73;FAUX
7178;599;01/04/2022;80;FAUX
7179;599;01/07/2022;76;FAUX
7180;599;01/10/2022;70;FAUX
7181;599;01/01/2023;50;VRAI
7182;599;01/04/2023;52;FAUX
7183;599;01/07/2023;63;VRAI
7184;599;01/10/2023;87;VRAI
7185;599;01/01/2024;87;FAUX
7186;599;01/04/2024;75;VRAI
7187;599;01/07/2024;63;FAUX
7188;599;01/10/2024;69;VRAI
7189;600;01/01/2022;97;VRAI
7190;600;01/04/2022;68;FAUX
7191;600;01/07/2022;82;FAUX
7192;600;01/10/2022;73;FAUX
7193;600;01/01/2023;99;FAUX
7194;600;01/04/2023;85;VRAI
7195;600;01/07/2023;85;FAUX
7196;600;01/10/2023;64;FAUX
7197;600;01/01/2024;56;VRAI
7198;600;01/04/2024;71;FAUX
7199;600;01/07/2024;92;VRAI
7200;600;01/10/2024;89;FAUX
7201;601;01/01/2022;50;VRAI
7202;601;01/04/2022;54;FAUX
7203;601;01/07/2022;61;FAUX
7204;601;01/10/2022;70;VRAI
7205;601;01/01/2023;68;VRAI
7206;601;01/04/2023;58;VRAI
7207;601;01/07/2023;98;FAUX
7208;601;01/10/2023;85;FAUX
7209;601;01/01/2024;96;VRAI
7210;601;01/04/2024;81;VRAI
7211;601;01/07/2024;84;VRAI
7212;601;01/10/2024;81;FAUX
7213;602;01/01/2022;86;FAUX
7214;602;01/04/2022;92;FAUX
7215;602;01/07/2022;86;VRAI
7216;602;01/10/2022;87;FAUX
7217;602;01/01/2023;81;VRAI
7218;602;01/04/2023;51;VRAI
7219;602;01/07/2023;60;VRAI
7220;602;01/10/2023;69;VRAI
7221;602;01/01/2024;58;FAUX
7222;602;01/04/2024;98;VRAI
7223;602;01/07/2024;89;VRAI
7224;602;01/10/2024;54;VRAI
7225;603;01/01/2022;91;FAUX
7226;603;01/04/2022;97;VRAI
7227;603;01/07/2022;56;VRAI
7228;603;01/10/2022;58;VRAI
7229;603;01/01/2023;79;VRAI
7230;603;01/04/2023;52;FAUX
7231;603;01/07/2023;89;VRAI
7232;603;01/10/2023;69;FAUX
7233;603;01/01/2024;97;VRAI
7234;603;01/04/2024;56;FAUX
7235;603;01/07/2024;74;VRAI
7236;603;01/10/2024;84;FAUX
7237;604;01/01/2022;73;FAUX
7238;604;01/04/2022;62;FAUX
7239;604;01/07/2022;97;VRAI
7240;604;01/10/2022;53;VRAI
7241;604;01/01/2023;61;VRAI
7242;604;01/04/2023;50;FAUX
7243;604;01/07/2023;66;FAUX
7244;604;01/10/2023;55;FAUX
7245;604;01/01/2024;60;VRAI
7246;604;01/04/2024;92;FAUX
7247;604;01/07/2024;89;VRAI
7248;604;01/10/2024;88;FAUX
7249;605;01/01/2022;95;FAUX
7250;605;01/04/2022;61;VRAI
7251;605;01/07/2022;78;VRAI
7252;605;01/10/2022;70;FAUX
7253;605;01/01/2023;97;VRAI
7254;605;01/04/2023;94;FAUX
7255;605;01/07/2023;86;FAUX
7256;605;01/10/2023;59;VRAI
7257;605;01/01/2024;58;VRAI
7258;605;01/04/2024;95;VRAI
7259;605;01/07/2024;62;FAUX
7260;605;01/10/2024;95;FAUX
7261;606;01/01/2022;70;VRAI
7262;606;01/04/2022;93;FAUX
7263;606;01/07/2022;87;FAUX
7264;606;01/10/2022;73;VRAI
7265;606;01/01/2023;89;FAUX
7266;606;01/04/2023;51;FAUX
7267;606;01/07/2023;88;FAUX
7268;606;01/10/2023;88;VRAI
7269;606;01/01/2024;63;FAUX
7270;606;01/04/2024;90;FAUX
7271;606;01/07/2024;92;FAUX
7272;606;01/10/2024;68;VRAI
7273;607;01/01/2022;92;FAUX
7274;607;01/04/2022;92;VRAI
7275;607;01/07/2022;53;FAUX
7276;607;01/10/2022;62;FAUX
7277;607;01/01/2023;91;VRAI
7278;607;01/04/2023;86;VRAI
7279;607;01/07/2023;65;FAUX
7280;607;01/10/2023;89;FAUX
7281;607;01/01/2024;88;VRAI
7282;607;01/04/2024;95;VRAI
7283;607;01/07/2024;81;VRAI
7284;607;01/10/2024;70;VRAI
7285;608;01/01/2022;55;VRAI
7286;608;01/04/2022;72;VRAI
7287;608;01/07/2022;80;FAUX
7288;608;01/10/2022;70;FAUX
7289;608;01/01/2023;51;VRAI
7290;608;01/04/2023;58;FAUX
7291;608;01/07/2023;95;FAUX
7292;608;01/10/2023;71;FAUX
7293;608;01/01/2024;83;VRAI
7294;608;01/04/2024;56;FAUX
7295;608;01/07/2024;67;VRAI
7296;608;01/10/2024;65;VRAI
7297;609;01/01/2022;54;VRAI
7298;609;01/04/2022;78;VRAI
7299;609;01/07/2022;86;VRAI
7300;609;01/10/2022;71;FAUX
7301;609;01/01/2023;68;VRAI
7302;609;01/04/2023;73;FAUX
7303;609;01/07/2023;55;FAUX
7304;609;01/10/2023;52;FAUX
7305;609;01/01/2024;94;FAUX
7306;609;01/04/2024;51;VRAI
7307;609;01/07/2024;86;VRAI
7308;609;01/10/2024;81;VRAI
7309;610;01/01/2022;66;FAUX
7310;610;01/04/2022;81;FAUX
7311;610;01/07/2022;96;FAUX
7312;610;01/10/2022;72;VRAI
7313;610;01/01/2023;86;VRAI
7314;610;01/04/2023;90;VRAI
7315;610;01/07/2023;82;VRAI
7316;610;01/10/2023;95;VRAI
7317;610;01/01/2024;89;VRAI
7318;610;01/04/2024;95;FAUX
7319;610;01/07/2024;97;FAUX
7320;610;01/10/2024;89;FAUX
7321;611;01/01/2022;68;VRAI
7322;611;01/04/2022;58;VRAI
7323;611;01/07/2022;54;VRAI
7324;611;01/10/2022;75;VRAI
7325;611;01/01/2023;79;FAUX
7326;611;01/04/2023;97;FAUX
7327;611;01/07/2023;65;FAUX
7328;611;01/10/2023;56;FAUX
7329;611;01/01/2024;70;VRAI
7330;611;01/04/2024;50;VRAI
7331;611;01/07/2024;80;VRAI
7332;611;01/10/2024;57;VRAI
7333;612;01/01/2022;56;VRAI
7334;612;01/04/2022;57;VRAI
7335;612;01/07/2022;66;VRAI
7336;612;01/10/2022;96;VRAI
7337;612;01/01/2023;98;VRAI
7338;612;01/04/2023;87;VRAI
7339;612;01/07/2023;99;FAUX
7340;612;01/10/2023;51;FAUX
7341;612;01/01/2024;99;FAUX
7342;612;01/04/2024;82;VRAI
7343;612;01/07/2024;52;FAUX
7344;612;01/10/2024;54;FAUX
7345;613;01/01/2022;70;FAUX
7346;613;01/04/2022;86;FAUX
7347;613;01/07/2022;60;FAUX
7348;613;01/10/2022;71;VRAI
7349;613;01/01/2023;62;FAUX
7350;613;01/04/2023;52;VRAI
7351;613;01/07/2023;77;FAUX
7352;613;01/10/2023;60;VRAI
7353;613;01/01/2024;70;FAUX
7354;613;01/04/2024;70;VRAI
7355;613;01/07/2024;66;FAUX
7356;613;01/10/2024;63;VRAI
7357;614;01/01/2022;82;VRAI
7358;614;01/04/2022;62;VRAI
7359;614;01/07/2022;83;VRAI
7360;614;01/10/2022;62;FAUX
7361;614;01/01/2023;86;FAUX
7362;614;01/04/2023;90;VRAI
7363;614;01/07/2023;86;VRAI
7364;614;01/10/2023;56;FAUX
7365;614;01/01/2024;97;VRAI
7366;614;01/04/2024;55;FAUX
7367;614;01/07/2024;65;VRAI
7368;614;01/10/2024;86;FAUX
7369;615;01/01/2022;95;VRAI
7370;615;01/04/2022;55;FAUX
7371;615;01/07/2022;73;VRAI
7372;615;01/10/2022;53;FAUX
7373;615;01/01/2023;50;FAUX
7374;615;01/04/2023;94;VRAI
7375;615;01/07/2023;61;FAUX
7376;615;01/10/2023;59;FAUX
7377;615;01/01/2024;93;FAUX
7378;615;01/04/2024;97;VRAI
7379;615;01/07/2024;55;FAUX
7380;615;01/10/2024;73;VRAI
7381;616;01/01/2022;91;VRAI
7382;616;01/04/2022;96;FAUX
7383;616;01/07/2022;90;FAUX
7384;616;01/10/2022;79;FAUX
7385;616;01/01/2023;83;FAUX
7386;616;01/04/2023;61;VRAI
7387;616;01/07/2023;56;VRAI
7388;616;01/10/2023;89;VRAI
7389;616;01/01/2024;55;VRAI
7390;616;01/04/2024;95;FAUX
7391;616;01/07/2024;97;FAUX
7392;616;01/10/2024;78;FAUX
7393;617;01/01/2022;96;FAUX
7394;617;01/04/2022;71;VRAI
7395;617;01/07/2022;57;VRAI
7396;617;01/10/2022;81;VRAI
7397;617;01/01/2023;62;VRAI
7398;617;01/04/2023;67;FAUX
7399;617;01/07/2023;62;FAUX
7400;617;01/10/2023;63;VRAI
7401;617;01/01/2024;88;FAUX
7402;617;01/04/2024;71;FAUX
7403;617;01/07/2024;66;VRAI
7404;617;01/10/2024;81;FAUX
7405;618;01/01/2022;91;VRAI
7406;618;01/04/2022;78;FAUX
7407;618;01/07/2022;99;VRAI
7408;618;01/10/2022;53;VRAI
7409;618;01/01/2023;94;FAUX
7410;618;01/04/2023;59;VRAI
7411;618;01/07/2023;77;VRAI
7412;618;01/10/2023;84;VRAI
7413;618;01/01/2024;57;FAUX
7414;618;01/04/2024;99;VRAI
7415;618;01/07/2024;70;VRAI
7416;618;01/10/2024;78;FAUX
7417;619;01/01/2022;79;FAUX
7418;619;01/04/2022;84;VRAI
7419;619;01/07/2022;69;VRAI
7420;619;01/10/2022;65;VRAI
7421;619;01/01/2023;80;VRAI
7422;619;01/04/2023;80;FAUX
7423;619;01/07/2023;97;VRAI
7424;619;01/10/2023;55;FAUX
7425;619;01/01/2024;56;FAUX
7426;619;01/04/2024;97;FAUX
7427;619;01/07/2024;91;FAUX
7428;619;01/10/2024;60;FAUX
7429;620;01/01/2022;61;FAUX
7430;620;01/04/2022;94;VRAI
7431;620;01/07/2022;76;FAUX
7432;620;01/10/2022;61;VRAI
7433;620;01/01/2023;57;FAUX
7434;620;01/04/2023;78;VRAI
7435;620;01/07/2023;78;VRAI
7436;620;01/10/2023;62;FAUX
7437;620;01/01/2024;51;VRAI
7438;620;01/04/2024;57;FAUX
7439;620;01/07/2024;90;VRAI
7440;620;01/10/2024;89;VRAI
7441;621;01/01/2022;98;VRAI
7442;621;01/04/2022;81;FAUX
7443;621;01/07/2022;77;VRAI
7444;621;01/10/2022;72;FAUX
7445;621;01/01/2023;62;VRAI
7446;621;01/04/2023;61;FAUX
7447;621;01/07/2023;62;VRAI
7448;621;01/10/2023;72;FAUX
7449;621;01/01/2024;95;VRAI
7450;621;01/04/2024;77;FAUX
7451;621;01/07/2024;66;FAUX
7452;621;01/10/2024;83;VRAI
7453;622;01/01/2022;97;FAUX
7454;622;01/04/2022;59;FAUX
7455;622;01/07/2022;57;VRAI
7456;622;01/10/2022;86;VRAI
7457;622;01/01/2023;75;VRAI
7458;622;01/04/2023;65;FAUX
7459;622;01/07/2023;80;VRAI
7460;622;01/10/2023;81;FAUX
7461;622;01/01/2024;96;VRAI
7462;622;01/04/2024;71;FAUX
7463;622;01/07/2024;93;FAUX
7464;622;01/10/2024;94;VRAI
7465;623;01/01/2022;63;FAUX
7466;623;01/04/2022;92;FAUX
7467;623;01/07/2022;93;VRAI
7468;623;01/10/2022;93;FAUX
7469;623;01/01/2023;58;VRAI
7470;623;01/04/2023;84;FAUX
7471;623;01/07/2023;69;VRAI
7472;623;01/10/2023;55;FAUX
7473;623;01/01/2024;59;FAUX
7474;623;01/04/2024;82;FAUX
7475;623;01/07/2024;85;FAUX
7476;623;01/10/2024;68;VRAI
7477;624;01/01/2022;51;FAUX
7478;624;01/04/2022;91;FAUX
7479;624;01/07/2022;53;VRAI
7480;624;01/10/2022;50;VRAI
7481;624;01/01/2023;91;FAUX
7482;624;01/04/2023;65;VRAI
7483;624;01/07/2023;96;FAUX
7484;624;01/10/2023;85;VRAI
7485;624;01/01/2024;88;VRAI
7486;624;01/04/2024;75;VRAI
7487;624;01/07/2024;91;VRAI
7488;624;01/10/2024;60;FAUX
7489;625;01/01/2022;59;FAUX
7490;625;01/04/2022;63;VRAI
7491;625;01/07/2022;72;VRAI
7492;625;01/10/2022;71;FAUX
7493;625;01/01/2023;85;VRAI
7494;625;01/04/2023;51;VRAI
7495;625;01/07/2023;95;VRAI
7496;625;01/10/2023;56;FAUX
7497;625;01/01/2024;52;VRAI
7498;625;01/04/2024;96;VRAI
7499;625;01/07/2024;57;FAUX
7500;625;01/10/2024;85;VRAI
7501;626;01/01/2022;56;FAUX
7502;626;01/04/2022;95;FAUX
7503;626;01/07/2022;57;FAUX
7504;626;01/10/2022;61;FAUX
7505;626;01/01/2023;63;VRAI
7506;626;01/04/2023;87;FAUX
7507;626;01/07/2023;54;VRAI
7508;626;01/10/2023;50;VRAI
7509;626;01/01/2024;69;VRAI
7510;626;01/04/2024;60;FAUX
7511;626;01/07/2024;93;VRAI
7512;626;01/10/2024;55;FAUX
7513;627;01/01/2022;92;VRAI
7514;627;01/04/2022;94;VRAI
7515;627;01/07/2022;57;VRAI
7516;627;01/10/2022;59;FAUX
7517;627;01/01/2023;73;FAUX
7518;627;01/04/2023;97;VRAI
7519;627;01/07/2023;81;VRAI
7520;627;01/10/2023;83;FAUX
7521;627;01/01/2024;54;VRAI
7522;627;01/04/2024;78;FAUX
7523;627;01/07/2024;97;FAUX
7524;627;01/10/2024;83;FAUX
7525;628;01/01/2022;74;VRAI
7526;628;01/04/2022;57;VRAI
7527;628;01/07/2022;95;VRAI
7528;628;01/10/2022;91;VRAI
7529;628;01/01/2023;83;VRAI
7530;628;01/04/2023;79;FAUX
7531;628;01/07/2023;83;FAUX
7532;628;01/10/2023;78;VRAI
7533;628;01/01/2024;51;VRAI
7534;628;01/04/2024;88;VRAI
7535;628;01/07/2024;95;VRAI
7536;628;01/10/2024;57;FAUX
7537;629;01/01/2022;67;FAUX
7538;629;01/04/2022;95;FAUX
7539;629;01/07/2022;98;VRAI
7540;629;01/10/2022;94;FAUX
7541;629;01/01/2023;70;FAUX
7542;629;01/04/2023;91;FAUX
7543;629;01/07/2023;93;VRAI
7544;629;01/10/2023;57;VRAI
7545;629;01/01/2024;68;VRAI
7546;629;01/04/2024;89;FAUX
7547;629;01/07/2024;58;FAUX
7548;629;01/10/2024;66;FAUX
7549;630;01/01/2022;93;VRAI
7550;630;01/04/2022;64;FAUX
7551;630;01/07/2022;55;FAUX
7552;630;01/10/2022;65;FAUX
7553;630;01/01/2023;86;VRAI
7554;630;01/04/2023;62;VRAI
7555;630;01/07/2023;66;VRAI
7556;630;01/10/2023;76;FAUX
7557;630;01/01/2024;71;VRAI
7558;630;01/04/2024;68;VRAI
7559;630;01/07/2024;84;VRAI
7560;630;01/10/2024;63;FAUX
7561;631;01/01/2022;80;VRAI
7562;631;01/04/2022;51;FAUX
7563;631;01/07/2022;88;VRAI
7564;631;01/10/2022;63;VRAI
7565;631;01/01/2023;59;VRAI
7566;631;01/04/2023;56;FAUX
7567;631;01/07/2023;95;VRAI
7568;631;01/10/2023;95;VRAI
7569;631;01/01/2024;77;FAUX
7570;631;01/04/2024;66;VRAI
7571;631;01/07/2024;53;VRAI
7572;631;01/10/2024;67;VRAI
7573;632;01/01/2022;86;VRAI
7574;632;01/04/2022;90;FAUX
7575;632;01/07/2022;57;VRAI
7576;632;01/10/2022;51;VRAI
7577;632;01/01/2023;61;FAUX
7578;632;01/04/2023;62;FAUX
7579;632;01/07/2023;66;FAUX
7580;632;01/10/2023;92;VRAI
7581;632;01/01/2024;58;VRAI
7582;632;01/04/2024;72;FAUX
7583;632;01/07/2024;92;VRAI
7584;632;01/10/2024;53;VRAI
7585;633;01/01/2022;92;VRAI
7586;633;01/04/2022;56;FAUX
7587;633;01/07/2022;72;FAUX
7588;633;01/10/2022;72;VRAI
7589;633;01/01/2023;54;FAUX
7590;633;01/04/2023;50;VRAI
7591;633;01/07/2023;97;FAUX
7592;633;01/10/2023;67;FAUX
7593;633;01/01/2024;62;VRAI
7594;633;01/04/2024;59;VRAI
7595;633;01/07/2024;86;FAUX
7596;633;01/10/2024;94;FAUX
7597;634;01/01/2022;65;FAUX
7598;634;01/04/2022;63;VRAI
7599;634;01/07/2022;68;VRAI
7600;634;01/10/2022;83;FAUX
7601;634;01/01/2023;89;VRAI
7602;634;01/04/2023;88;FAUX
7603;634;01/07/2023;77;FAUX
7604;634;01/10/2023;65;FAUX
7605;634;01/01/2024;77;FAUX
7606;634;01/04/2024;77;VRAI
7607;634;01/07/2024;61;FAUX
7608;634;01/10/2024;98;FAUX
7609;635;01/01/2022;69;FAUX
7610;635;01/04/2022;75;FAUX
7611;635;01/07/2022;58;VRAI
7612;635;01/10/2022;66;VRAI
7613;635;01/01/2023;83;FAUX
7614;635;01/04/2023;56;VRAI
7615;635;01/07/2023;85;VRAI
7616;635;01/10/2023;69;FAUX
7617;635;01/01/2024;79;VRAI
7618;635;01/04/2024;80;FAUX
7619;635;01/07/2024;52;VRAI
7620;635;01/10/2024;51;FAUX
7621;636;01/01/2022;52;FAUX
7622;636;01/04/2022;64;VRAI
7623;636;01/07/2022;97;FAUX
7624;636;01/10/2022;56;FAUX
7625;636;01/01/2023;54;FAUX
7626;636;01/04/2023;82;FAUX
7627;636;01/07/2023;94;FAUX
7628;636;01/10/2023;86;VRAI
7629;636;01/01/2024;96;FAUX
7630;636;01/04/2024;92;VRAI
7631;636;01/07/2024;99;VRAI
7632;636;01/10/2024;90;FAUX
7633;637;01/01/2022;71;VRAI
7634;637;01/04/2022;54;VRAI
7635;637;01/07/2022;86;FAUX
7636;637;01/10/2022;88;VRAI
7637;637;01/01/2023;77;VRAI
7638;637;01/04/2023;66;VRAI
7639;637;01/07/2023;89;FAUX
7640;637;01/10/2023;94;FAUX
7641;637;01/01/2024;78;FAUX
7642;637;01/04/2024;67;VRAI
7643;637;01/07/2024;93;FAUX
7644;637;01/10/2024;99;VRAI
7645;638;01/01/2022;56;FAUX
7646;638;01/04/2022;68;VRAI
7647;638;01/07/2022;72;FAUX
7648;638;01/10/2022;66;VRAI
7649;638;01/01/2023;75;VRAI
7650;638;01/04/2023;77;VRAI
7651;638;01/07/2023;88;VRAI
7652;638;01/10/2023;89;VRAI
7653;638;01/01/2024;78;FAUX
7654;638;01/04/2024;69;VRAI
7655;638;01/07/2024;59;FAUX
7656;638;01/10/2024;61;FAUX
7657;639;01/01/2022;82;FAUX
7658;639;01/04/2022;74;VRAI
7659;639;01/07/2022;53;FAUX
7660;639;01/10/2022;58;VRAI
7661;639;01/01/2023;75;VRAI
7662;639;01/04/2023;75;FAUX
7663;639;01/07/2023;56;FAUX
7664;639;01/10/2023;61;VRAI
7665;639;01/01/2024;81;VRAI
7666;639;01/04/2024;63;VRAI
7667;639;01/07/2024;93;VRAI
7668;639;01/10/2024;81;VRAI
7669;640;01/01/2022;79;FAUX
7670;640;01/04/2022;61;FAUX
7671;640;01/07/2022;51;FAUX
7672;640;01/10/2022;62;VRAI
7673;640;01/01/2023;73;FAUX
7674;640;01/04/2023;61;FAUX
7675;640;01/07/2023;78;FAUX
7676;640;01/10/2023;85;VRAI
7677;640;01/01/2024;92;VRAI
7678;640;01/04/2024;89;FAUX
7679;640;01/07/2024;83;FAUX
7680;640;01/10/2024;97;VRAI
7681;641;01/01/2022;53;FAUX
7682;641;01/04/2022;79;VRAI
7683;641;01/07/2022;95;FAUX
7684;641;01/10/2022;75;VRAI
7685;641;01/01/2023;56;VRAI
7686;641;01/04/2023;99;VRAI
7687;641;01/07/2023;72;FAUX
7688;641;01/10/2023;69;VRAI
7689;641;01/01/2024;82;VRAI
7690;641;01/04/2024;66;FAUX
7691;641;01/07/2024;69;VRAI
7692;641;01/10/2024;62;FAUX
7693;642;01/01/2022;73;FAUX
7694;642;01/04/2022;96;FAUX
7695;642;01/07/2022;86;VRAI
7696;642;01/10/2022;57;VRAI
7697;642;01/01/2023;63;FAUX
7698;642;01/04/2023;70;VRAI
7699;642;01/07/2023;95;FAUX
7700;642;01/10/2023;71;FAUX
7701;642;01/01/2024;79;FAUX
7702;642;01/04/2024;65;VRAI
7703;642;01/07/2024;71;VRAI
7704;642;01/10/2024;74;FAUX
7705;643;01/01/2022;63;FAUX
7706;643;01/04/2022;51;FAUX
7707;643;01/07/2022;62;VRAI
7708;643;01/10/2022;79;FAUX
7709;643;01/01/2023;85;VRAI
7710;643;01/04/2023;68;FAUX
7711;643;01/07/2023;77;FAUX
7712;643;01/10/2023;64;FAUX
7713;643;01/01/2024;50;FAUX
7714;643;01/04/2024;96;FAUX
7715;643;01/07/2024;69;FAUX
7716;643;01/10/2024;82;VRAI
7717;644;01/01/2022;54;FAUX
7718;644;01/04/2022;54;FAUX
7719;644;01/07/2022;88;VRAI
7720;644;01/10/2022;93;FAUX
7721;644;01/01/2023;79;VRAI
7722;644;01/04/2023;53;VRAI
7723;644;01/07/2023;70;VRAI
7724;644;01/10/2023;70;FAUX
7725;644;01/01/2024;73;VRAI
7726;644;01/04/2024;80;VRAI
7727;644;01/07/2024;87;FAUX
7728;644;01/10/2024;61;FAUX
7729;645;01/01/2022;99;FAUX
7730;645;01/04/2022;61;FAUX
7731;645;01/07/2022;64;VRAI
7732;645;01/10/2022;77;FAUX
7733;645;01/01/2023;90;VRAI
7734;645;01/04/2023;54;FAUX
7735;645;01/07/2023;72;VRAI
7736;645;01/10/2023;86;VRAI
7737;645;01/01/2024;92;FAUX
7738;645;01/04/2024;70;FAUX
7739;645;01/07/2024;50;VRAI
7740;645;01/10/2024;96;VRAI
7741;646;01/01/2022;78;FAUX
7742;646;01/04/2022;75;FAUX
7743;646;01/07/2022;83;FAUX
7744;646;01/10/2022;62;FAUX
7745;646;01/01/2023;86;VRAI
7746;646;01/04/2023;87;VRAI
7747;646;01/07/2023;96;FAUX
7748;646;01/10/2023;72;FAUX
7749;646;01/01/2024;70;FAUX
7750;646;01/04/2024;79;VRAI
7751;646;01/07/2024;53;VRAI
7752;646;01/10/2024;96;FAUX
7753;647;01/01/2022;58;FAUX
7754;647;01/04/2022;60;VRAI
7755;647;01/07/2022;73;VRAI
7756;647;01/10/2022;57;VRAI
7757;647;01/01/2023;74;VRAI
7758;647;01/04/2023;52;FAUX
7759;647;01/07/2023;77;VRAI
7760;647;01/10/2023;82;FAUX
7761;647;01/01/2024;50;FAUX
7762;647;01/04/2024;76;FAUX
7763;647;01/07/2024;84;FAUX
7764;647;01/10/2024;61;FAUX
7765;648;01/01/2022;83;FAUX
7766;648;01/04/2022;77;FAUX
7767;648;01/07/2022;94;FAUX
7768;648;01/10/2022;62;FAUX
7769;648;01/01/2023;85;FAUX
7770;648;01/04/2023;92;VRAI
7771;648;01/07/2023;63;FAUX
7772;648;01/10/2023;52;VRAI
7773;648;01/01/2024;68;FAUX
7774;648;01/04/2024;50;VRAI
7775;648;01/07/2024;98;VRAI
7776;648;01/10/2024;68;FAUX
7777;649;01/01/2022;55;FAUX
7778;649;01/04/2022;64;FAUX
7779;649;01/07/2022;82;FAUX
7780;649;01/10/2022;76;VRAI
7781;649;01/01/2023;60;VRAI
7782;649;01/04/2023;72;VRAI
7783;649;01/07/2023;90;FAUX
7784;649;01/10/2023;96;FAUX
7785;649;01/01/2024;78;VRAI
7786;649;01/04/2024;50;FAUX
7787;649;01/07/2024;67;FAUX
7788;649;01/10/2024;55;FAUX
7789;650;01/01/2022;89;VRAI
7790;650;01/04/2022;96;FAUX
7791;650;01/07/2022;79;FAUX
7792;650;01/10/2022;81;FAUX
7793;650;01/01/2023;92;VRAI
7794;650;01/04/2023;58;VRAI
7795;650;01/07/2023;60;VRAI
7796;650;01/10/2023;76;FAUX
7797;650;01/01/2024;59;VRAI
7798;650;01/04/2024;82;VRAI
7799;650;01/07/2024;87;FAUX
7800;650;01/10/2024;98;FAUX
7801;651;01/01/2022;88;VRAI
7802;651;01/04/2022;90;VRAI
7803;651;01/07/2022;68;FAUX
7804;651;01/10/2022;60;VRAI
7805;651;01/01/2023;66;FAUX
7806;651;01/04/2023;52;FAUX
7807;651;01/07/2023;84;VRAI
7808;651;01/10/2023;74;VRAI
7809;651;01/01/2024;51;VRAI
7810;651;01/04/2024;56;FAUX
7811;651;01/07/2024;92;VRAI
7812;651;01/10/2024;55;VRAI
7813;652;01/01/2022;85;VRAI
7814;652;01/04/2022;70;VRAI
7815;652;01/07/2022;95;VRAI
7816;652;01/10/2022;85;FAUX
7817;652;01/01/2023;99;FAUX
7818;652;01/04/2023;92;FAUX
7819;652;01/07/2023;52;VRAI
7820;652;01/10/2023;51;VRAI
7821;652;01/01/2024;50;FAUX
7822;652;01/04/2024;56;FAUX
7823;652;01/07/2024;54;VRAI
7824;652;01/10/2024;77;FAUX
7825;653;01/01/2022;73;FAUX
7826;653;01/04/2022;81;VRAI
7827;653;01/07/2022;82;FAUX
7828;653;01/10/2022;58;VRAI
7829;653;01/01/2023;82;VRAI
7830;653;01/04/2023;56;FAUX
7831;653;01/07/2023;77;VRAI
7832;653;01/10/2023;81;FAUX
7833;653;01/01/2024;65;FAUX
7834;653;01/04/2024;59;FAUX
7835;653;01/07/2024;88;FAUX
7836;653;01/10/2024;83;FAUX
7837;654;01/01/2022;67;FAUX
7838;654;01/04/2022;90;VRAI
7839;654;01/07/2022;90;VRAI
7840;654;01/10/2022;74;FAUX
7841;654;01/01/2023;57;FAUX
7842;654;01/04/2023;69;FAUX
7843;654;01/07/2023;79;FAUX
7844;654;01/10/2023;67;FAUX
7845;654;01/01/2024;97;FAUX
7846;654;01/04/2024;55;VRAI
7847;654;01/07/2024;67;VRAI
7848;654;01/10/2024;89;FAUX
7849;655;01/01/2022;72;VRAI
7850;655;01/04/2022;55;FAUX
7851;655;01/07/2022;75;FAUX
7852;655;01/10/2022;70;VRAI
7853;655;01/01/2023;73;VRAI
7854;655;01/04/2023;76;FAUX
7855;655;01/07/2023;61;FAUX
7856;655;01/10/2023;54;FAUX
7857;655;01/01/2024;56;FAUX
7858;655;01/04/2024;71;VRAI
7859;655;01/07/2024;64;VRAI
7860;655;01/10/2024;94;VRAI
7861;656;01/01/2022;84;FAUX
7862;656;01/04/2022;72;VRAI
7863;656;01/07/2022;75;VRAI
7864;656;01/10/2022;78;FAUX
7865;656;01/01/2023;77;VRAI
7866;656;01/04/2023;85;VRAI
7867;656;01/07/2023;55;VRAI
7868;656;01/10/2023;87;FAUX
7869;656;01/01/2024;83;VRAI
7870;656;01/04/2024;52;FAUX
7871;656;01/07/2024;95;FAUX
7872;656;01/10/2024;71;VRAI
7873;657;01/01/2022;78;VRAI
7874;657;01/04/2022;59;FAUX
7875;657;01/07/2022;58;FAUX
7876;657;01/10/2022;70;VRAI
7877;657;01/01/2023;59;FAUX
7878;657;01/04/2023;60;FAUX
7879;657;01/07/2023;95;FAUX
7880;657;01/10/2023;80;VRAI
7881;657;01/01/2024;83;FAUX
7882;657;01/04/2024;84;VRAI
7883;657;01/07/2024;88;VRAI
7884;657;01/10/2024;57;FAUX
7885;658;01/01/2022;82;FAUX
7886;658;01/04/2022;95;FAUX
7887;658;01/07/2022;83;FAUX
7888;658;01/10/2022;91;VRAI
7889;658;01/01/2023;62;FAUX
7890;658;01/04/2023;70;VRAI
7891;658;01/07/2023;81;VRAI
7892;658;01/10/2023;63;VRAI
7893;658;01/01/2024;51;FAUX
7894;658;01/04/2024;93;VRAI
7895;658;01/07/2024;66;FAUX
7896;658;01/10/2024;74;FAUX
7897;659;01/01/2022;76;FAUX
7898;659;01/04/2022;66;VRAI
7899;659;01/07/2022;61;FAUX
7900;659;01/10/2022;67;FAUX
7901;659;01/01/2023;80;VRAI
7902;659;01/04/2023;55;VRAI
7903;659;01/07/2023;64;FAUX
7904;659;01/10/2023;98;VRAI
7905;659;01/01/2024;75;VRAI
7906;659;01/04/2024;61;VRAI
7907;659;01/07/2024;96;FAUX
7908;659;01/10/2024;50;VRAI
7909;660;01/01/2022;82;VRAI
7910;660;01/04/2022;78;VRAI
7911;660;01/07/2022;94;VRAI
7912;660;01/10/2022;57;FAUX
7913;660;01/01/2023;62;FAUX
7914;660;01/04/2023;51;VRAI
7915;660;01/07/2023;67;VRAI
7916;660;01/10/2023;94;VRAI
7917;660;01/01/2024;62;VRAI
7918;660;01/04/2024;53;VRAI
7919;660;01/07/2024;99;VRAI
7920;660;01/10/2024;87;VRAI
7921;661;01/01/2022;80;FAUX
7922;661;01/04/2022;53;FAUX
7923;661;01/07/2022;88;VRAI
7924;661;01/10/2022;56;FAUX
7925;661;01/01/2023;65;VRAI
7926;661;01/04/2023;97;VRAI
7927;661;01/07/2023;96;VRAI
7928;661;01/10/2023;85;FAUX
7929;661;01/01/2024;73;VRAI
7930;661;01/04/2024;94;FAUX
7931;661;01/07/2024;68;VRAI
7932;661;01/10/2024;93;FAUX
7933;662;01/01/2022;90;VRAI
7934;662;01/04/2022;51;FAUX
7935;662;01/07/2022;88;VRAI
7936;662;01/10/2022;67;VRAI
7937;662;01/01/2023;50;VRAI
7938;662;01/04/2023;52;VRAI
7939;662;01/07/2023;70;FAUX
7940;662;01/10/2023;79;VRAI
7941;662;01/01/2024;71;VRAI
7942;662;01/04/2024;74;VRAI
7943;662;01/07/2024;79;FAUX
7944;662;01/10/2024;94;FAUX
7945;663;01/01/2022;72;FAUX
7946;663;01/04/2022;57;FAUX
7947;663;01/07/2022;53;FAUX
7948;663;01/10/2022;88;VRAI
7949;663;01/01/2023;80;VRAI
7950;663;01/04/2023;85;VRAI
7951;663;01/07/2023;90;VRAI
7952;663;01/10/2023;70;VRAI
7953;663;01/01/2024;52;VRAI
7954;663;01/04/2024;74;FAUX
7955;663;01/07/2024;78;VRAI
7956;663;01/10/2024;60;VRAI
7957;664;01/01/2022;75;VRAI
7958;664;01/04/2022;63;FAUX
7959;664;01/07/2022;65;FAUX
7960;664;01/10/2022;59;VRAI
7961;664;01/01/2023;80;FAUX
7962;664;01/04/2023;59;FAUX
7963;664;01/07/2023;69;VRAI
7964;664;01/10/2023;93;FAUX
7965;664;01/01/2024;58;VRAI
7966;664;01/04/2024;58;VRAI
7967;664;01/07/2024;75;FAUX
7968;664;01/10/2024;61;FAUX
7969;665;01/01/2022;69;FAUX
7970;665;01/04/2022;63;FAUX
7971;665;01/07/2022;65;VRAI
7972;665;01/10/2022;81;VRAI
7973;665;01/01/2023;84;VRAI
7974;665;01/04/2023;81;VRAI
7975;665;01/07/2023;69;VRAI
7976;665;01/10/2023;89;FAUX
7977;665;01/01/2024;57;FAUX
7978;665;01/04/2024;84;FAUX
7979;665;01/07/2024;62;VRAI
7980;665;01/10/2024;55;VRAI
7981;666;01/01/2022;65;VRAI
7982;666;01/04/2022;94;VRAI
7983;666;01/07/2022;83;FAUX
7984;666;01/10/2022;82;VRAI
7985;666;01/01/2023;64;FAUX
7986;666;01/04/2023;88;VRAI
7987;666;01/07/2023;54;FAUX
7988;666;01/10/2023;75;FAUX
7989;666;01/01/2024;66;VRAI
7990;666;01/04/2024;96;FAUX
7991;666;01/07/2024;65;VRAI
7992;666;01/10/2024;87;VRAI
7993;667;01/01/2022;72;VRAI
7994;667;01/04/2022;82;VRAI
7995;667;01/07/2022;95;FAUX
7996;667;01/10/2022;83;VRAI
7997;667;01/01/2023;64;VRAI
7998;667;01/04/2023;99;VRAI
7999;667;01/07/2023;75;VRAI
8000;667;01/10/2023;85;VRAI
8001;667;01/01/2024;54;FAUX
8002;667;01/04/2024;69;FAUX
8003;667;01/07/2024;54;FAUX
8004;667;01/10/2024;65;VRAI
8005;668;01/01/2022;74;FAUX
8006;668;01/04/2022;74;FAUX
8007;668;01/07/2022;63;FAUX
8008;668;01/10/2022;92;FAUX
8009;668;01/01/2023;79;VRAI
8010;668;01/04/2023;87;FAUX
8011;668;01/07/2023;69;VRAI
8012;668;01/10/2023;71;VRAI
8013;668;01/01/2024;60;FAUX
8014;668;01/04/2024;83;VRAI
8015;668;01/07/2024;73;FAUX
8016;668;01/10/2024;66;FAUX
8017;669;01/01/2022;99;VRAI
8018;669;01/04/2022;85;VRAI
8019;669;01/07/2022;58;FAUX
8020;669;01/10/2022;70;FAUX
8021;669;01/01/2023;83;VRAI
8022;669;01/04/2023;78;VRAI
8023;669;01/07/2023;92;VRAI
8024;669;01/10/2023;82;FAUX
8025;669;01/01/2024;95;VRAI
8026;669;01/04/2024;50;VRAI
8027;669;01/07/2024;72;VRAI
8028;669;01/10/2024;58;FAUX
8029;670;01/01/2022;50;VRAI
8030;670;01/04/2022;71;FAUX
8031;670;01/07/2022;53;VRAI
8032;670;01/10/2022;59;VRAI
8033;670;01/01/2023;64;FAUX
8034;670;01/04/2023;85;VRAI
8035;670;01/07/2023;95;VRAI
8036;670;01/10/2023;78;VRAI
8037;670;01/01/2024;96;VRAI
8038;670;01/04/2024;74;FAUX
8039;670;01/07/2024;65;FAUX
8040;670;01/10/2024;74;VRAI
8041;671;01/01/2022;50;VRAI
8042;671;01/04/2022;90;FAUX
8043;671;01/07/2022;54;FAUX
8044;671;01/10/2022;78;FAUX
8045;671;01/01/2023;83;FAUX
8046;671;01/04/2023;97;FAUX
8047;671;01/07/2023;51;FAUX
8048;671;01/10/2023;78;VRAI
8049;671;01/01/2024;65;VRAI
8050;671;01/04/2024;96;FAUX
8051;671;01/07/2024;92;FAUX
8052;671;01/10/2024;66;FAUX
8053;672;01/01/2022;98;FAUX
8054;672;01/04/2022;74;VRAI
8055;672;01/07/2022;63;FAUX
8056;672;01/10/2022;60;VRAI
8057;672;01/01/2023;77;VRAI
8058;672;01/04/2023;98;FAUX
8059;672;01/07/2023;59;VRAI
8060;672;01/10/2023;85;VRAI
8061;672;01/01/2024;68;FAUX
8062;672;01/04/2024;98;FAUX
8063;672;01/07/2024;77;VRAI
8064;672;01/10/2024;87;VRAI
8065;673;01/01/2022;61;VRAI
8066;673;01/04/2022;99;VRAI
8067;673;01/07/2022;83;VRAI
8068;673;01/10/2022;66;VRAI
8069;673;01/01/2023;82;VRAI
8070;673;01/04/2023;58;FAUX
8071;673;01/07/2023;51;FAUX
8072;673;01/10/2023;58;VRAI
8073;673;01/01/2024;65;VRAI
8074;673;01/04/2024;73;VRAI
8075;673;01/07/2024;78;FAUX
8076;673;01/10/2024;89;FAUX
8077;674;01/01/2022;87;VRAI
8078;674;01/04/2022;72;FAUX
8079;674;01/07/2022;91;FAUX
8080;674;01/10/2022;96;VRAI
8081;674;01/01/2023;56;FAUX
8082;674;01/04/2023;91;VRAI
8083;674;01/07/2023;68;FAUX
8084;674;01/10/2023;96;VRAI
8085;674;01/01/2024;91;FAUX
8086;674;01/04/2024;62;FAUX
8087;674;01/07/2024;93;FAUX
8088;674;01/10/2024;81;FAUX
8089;675;01/01/2022;55;FAUX
8090;675;01/04/2022;82;FAUX
8091;675;01/07/2022;72;FAUX
8092;675;01/10/2022;95;VRAI
8093;675;01/01/2023;72;FAUX
8094;675;01/04/2023;85;VRAI
8095;675;01/07/2023;50;FAUX
8096;675;01/10/2023;52;FAUX
8097;675;01/01/2024;66;FAUX
8098;675;01/04/2024;96;FAUX
8099;675;01/07/2024;54;FAUX
8100;675;01/10/2024;90;FAUX
8101;676;01/01/2022;78;VRAI
8102;676;01/04/2022;67;FAUX
8103;676;01/07/2022;97;FAUX
8104;676;01/10/2022;64;VRAI
8105;676;01/01/2023;64;FAUX
8106;676;01/04/2023;82;FAUX
8107;676;01/07/2023;68;VRAI
8108;676;01/10/2023;99;VRAI
8109;676;01/01/2024;85;FAUX
8110;676;01/04/2024;60;VRAI
8111;676;01/07/2024;82;FAUX
8112;676;01/10/2024;81;VRAI
8113;677;01/01/2022;65;VRAI
8114;677;01/04/2022;60;FAUX
8115;677;01/07/2022;98;VRAI
8116;677;01/10/2022;61;FAUX
8117;677;01/01/2023;89;FAUX
8118;677;01/04/2023;86;VRAI
8119;677;01/07/2023;82;VRAI
8120;677;01/10/2023;78;VRAI
8121;677;01/01/2024;89;FAUX
8122;677;01/04/2024;67;VRAI
8123;677;01/07/2024;62;VRAI
8124;677;01/10/2024;59;FAUX
8125;678;01/01/2022;90;VRAI
8126;678;01/04/2022;52;FAUX
8127;678;01/07/2022;76;VRAI
8128;678;01/10/2022;52;VRAI
8129;678;01/01/2023;51;VRAI
8130;678;01/04/2023;95;FAUX
8131;678;01/07/2023;88;VRAI
8132;678;01/10/2023;82;FAUX
8133;678;01/01/2024;56;VRAI
8134;678;01/04/2024;75;VRAI
8135;678;01/07/2024;87;VRAI
8136;678;01/10/2024;88;VRAI
8137;679;01/01/2022;50;FAUX
8138;679;01/04/2022;70;VRAI
8139;679;01/07/2022;79;FAUX
8140;679;01/10/2022;57;FAUX
8141;679;01/01/2023;68;VRAI
8142;679;01/04/2023;64;FAUX
8143;679;01/07/2023;55;VRAI
8144;679;01/10/2023;91;FAUX
8145;679;01/01/2024;97;FAUX
8146;679;01/04/2024;87;VRAI
8147;679;01/07/2024;98;FAUX
8148;679;01/10/2024;79;VRAI
8149;680;01/01/2022;88;FAUX
8150;680;01/04/2022;61;FAUX
8151;680;01/07/2022;61;FAUX
8152;680;01/10/2022;73;FAUX
8153;680;01/01/2023;85;FAUX
8154;680;01/04/2023;97;FAUX
8155;680;01/07/2023;66;VRAI
8156;680;01/10/2023;52;FAUX
8157;680;01/01/2024;72;VRAI
8158;680;01/04/2024;58;VRAI
8159;680;01/07/2024;90;FAUX
8160;680;01/10/2024;66;FAUX
8161;681;01/01/2022;65;VRAI
8162;681;01/04/2022;77;VRAI
8163;681;01/07/2022;65;VRAI
8164;681;01/10/2022;95;FAUX
8165;681;01/01/2023;95;FAUX
8166;681;01/04/2023;95;FAUX
8167;681;01/07/2023;87;FAUX
8168;681;01/10/2023;94;FAUX
8169;681;01/01/2024;90;FAUX
8170;681;01/04/2024;78;VRAI
8171;681;01/07/2024;59;FAUX
8172;681;01/10/2024;51;VRAI
8173;682;01/01/2022;81;FAUX
8174;682;01/04/2022;59;FAUX
8175;682;01/07/2022;66;FAUX
8176;682;01/10/2022;82;FAUX
8177;682;01/01/2023;88;VRAI
8178;682;01/04/2023;67;VRAI
8179;682;01/07/2023;57;VRAI
8180;682;01/10/2023;80;FAUX
8181;682;01/01/2024;53;FAUX
8182;682;01/04/2024;77;FAUX
8183;682;01/07/2024;50;FAUX
8184;682;01/10/2024;93;VRAI
8185;683;01/01/2022;96;VRAI
8186;683;01/04/2022;65;FAUX
8187;683;01/07/2022;80;FAUX
8188;683;01/10/2022;50;VRAI
8189;683;01/01/2023;65;VRAI
8190;683;01/04/2023;86;FAUX
8191;683;01/07/2023;59;FAUX
8192;683;01/10/2023;87;FAUX
8193;683;01/01/2024;80;FAUX
8194;683;01/04/2024;98;FAUX
8195;683;01/07/2024;55;FAUX
8196;683;01/10/2024;77;VRAI
8197;684;01/01/2022;62;VRAI
8198;684;01/04/2022;61;FAUX
8199;684;01/07/2022;89;VRAI
8200;684;01/10/2022;99;VRAI
8201;684;01/01/2023;51;FAUX
8202;684;01/04/2023;91;VRAI
8203;684;01/07/2023;58;FAUX
8204;684;01/10/2023;99;VRAI
8205;684;01/01/2024;57;VRAI
8206;684;01/04/2024;52;VRAI
8207;684;01/07/2024;62;VRAI
8208;684;01/10/2024;80;VRAI
8209;685;01/01/2022;93;FAUX
8210;685;01/04/2022;94;FAUX
8211;685;01/07/2022;96;VRAI
8212;685;01/10/2022;94;VRAI
8213;685;01/01/2023;94;VRAI
8214;685;01/04/2023;80;VRAI
8215;685;01/07/2023;96;VRAI
8216;685;01/10/2023;68;VRAI
8217;685;01/01/2024;95;FAUX
8218;685;01/04/2024;59;VRAI
8219;685;01/07/2024;78;FAUX
8220;685;01/10/2024;67;FAUX
8221;686;01/01/2022;98;VRAI
8222;686;01/04/2022;60;VRAI
8223;686;01/07/2022;73;VRAI
8224;686;01/10/2022;74;VRAI
8225;686;01/01/2023;58;FAUX
8226;686;01/04/2023;60;VRAI
8227;686;01/07/2023;87;FAUX
8228;686;01/10/2023;57;FAUX
8229;686;01/01/2024;74;VRAI
8230;686;01/04/2024;85;VRAI
8231;686;01/07/2024;99;VRAI
8232;686;01/10/2024;58;VRAI
8233;687;01/01/2022;57;VRAI
8234;687;01/04/2022;67;FAUX
8235;687;01/07/2022;84;VRAI
8236;687;01/10/2022;85;VRAI
8237;687;01/01/2023;77;FAUX
8238;687;01/04/2023;64;VRAI
8239;687;01/07/2023;71;FAUX
8240;687;01/10/2023;96;VRAI
8241;687;01/01/2024;93;FAUX
8242;687;01/04/2024;58;FAUX
8243;687;01/07/2024;86;VRAI
8244;687;01/10/2024;51;FAUX
8245;688;01/01/2022;71;FAUX
8246;688;01/04/2022;85;VRAI
8247;688;01/07/2022;56;FAUX
8248;688;01/10/2022;71;FAUX
8249;688;01/01/2023;95;FAUX
8250;688;01/04/2023;95;FAUX
8251;688;01/07/2023;69;FAUX
8252;688;01/10/2023;72;VRAI
8253;688;01/01/2024;50;VRAI
8254;688;01/04/2024;58;VRAI
8255;688;01/07/2024;71;FAUX
8256;688;01/10/2024;51;FAUX
8257;689;01/01/2022;89;FAUX
8258;689;01/04/2022;55;VRAI
8259;689;01/07/2022;62;VRAI
8260;689;01/10/2022;68;VRAI
8261;689;01/01/2023;82;FAUX
8262;689;01/04/2023;50;FAUX
8263;689;01/07/2023;61;VRAI
8264;689;01/10/2023;78;VRAI
8265;689;01/01/2024;53;VRAI
8266;689;01/04/2024;56;FAUX
8267;689;01/07/2024;62;VRAI
8268;689;01/10/2024;55;FAUX
8269;690;01/01/2022;56;FAUX
8270;690;01/04/2022;77;FAUX
8271;690;01/07/2022;59;FAUX
8272;690;01/10/2022;52;VRAI
8273;690;01/01/2023;72;VRAI
8274;690;01/04/2023;63;VRAI
8275;690;01/07/2023;87;FAUX
8276;690;01/10/2023;72;VRAI
8277;690;01/01/2024;89;VRAI
8278;690;01/04/2024;52;VRAI
8279;690;01/07/2024;62;FAUX
8280;690;01/10/2024;73;VRAI
8281;691;01/01/2022;61;FAUX
8282;691;01/04/2022;68;VRAI
8283;691;01/07/2022;77;FAUX
8284;691;01/10/2022;76;FAUX
8285;691;01/01/2023;91;VRAI
8286;691;01/04/2023;55;VRAI
8287;691;01/07/2023;86;FAUX
8288;691;01/10/2023;74;VRAI
8289;691;01/01/2024;72;FAUX
8290;691;01/04/2024;82;VRAI
8291;691;01/07/2024;83;FAUX
8292;691;01/10/2024;85;VRAI
8293;692;01/01/2022;59;VRAI
8294;692;01/04/2022;93;VRAI
8295;692;01/07/2022;51;VRAI
8296;692;01/10/2022;63;VRAI
8297;692;01/01/2023;96;VRAI
8298;692;01/04/2023;90;FAUX
8299;692;01/07/2023;68;FAUX
8300;692;01/10/2023;92;FAUX
8301;692;01/01/2024;74;VRAI
8302;692;01/04/2024;51;FAUX
8303;692;01/07/2024;76;FAUX
8304;692;01/10/2024;79;VRAI
8305;693;01/01/2022;59;VRAI
8306;693;01/04/2022;91;FAUX
8307;693;01/07/2022;62;FAUX
8308;693;01/10/2022;99;FAUX
8309;693;01/01/2023;57;FAUX
8310;693;01/04/2023;99;VRAI
8311;693;01/07/2023;94;VRAI
8312;693;01/10/2023;88;FAUX
8313;693;01/01/2024;70;VRAI
8314;693;01/04/2024;99;FAUX
8315;693;01/07/2024;90;VRAI
8316;693;01/10/2024;55;FAUX
8317;694;01/01/2022;98;FAUX
8318;694;01/04/2022;84;VRAI
8319;694;01/07/2022;54;VRAI
8320;694;01/10/2022;59;FAUX
8321;694;01/01/2023;77;FAUX
8322;694;01/04/2023;59;FAUX
8323;694;01/07/2023;84;VRAI
8324;694;01/10/2023;84;VRAI
8325;694;01/01/2024;97;FAUX
8326;694;01/04/2024;62;VRAI
8327;694;01/07/2024;94;VRAI
8328;694;01/10/2024;77;FAUX
8329;695;01/01/2022;94;FAUX
8330;695;01/04/2022;53;VRAI
8331;695;01/07/2022;86;VRAI
8332;695;01/10/2022;86;VRAI
8333;695;01/01/2023;63;VRAI
8334;695;01/04/2023;77;FAUX
8335;695;01/07/2023;85;FAUX
8336;695;01/10/2023;87;VRAI
8337;695;01/01/2024;91;VRAI
8338;695;01/04/2024;72;VRAI
8339;695;01/07/2024;77;FAUX
8340;695;01/10/2024;53;VRAI
8341;696;01/01/2022;67;VRAI
8342;696;01/04/2022;98;VRAI
8343;696;01/07/2022;88;VRAI
8344;696;01/10/2022;67;FAUX
8345;696;01/01/2023;68;VRAI
8346;696;01/04/2023;61;VRAI
8347;696;01/07/2023;84;VRAI
8348;696;01/10/2023;54;VRAI
8349;696;01/01/2024;57;VRAI
8350;696;01/04/2024;96;VRAI
8351;696;01/07/2024;67;FAUX
8352;696;01/10/2024;58;VRAI
8353;697;01/01/2022;53;FAUX
8354;697;01/04/2022;78;VRAI
8355;697;01/07/2022;79;FAUX
8356;697;01/10/2022;94;VRAI
8357;697;01/01/2023;52;FAUX
8358;697;01/04/2023;57;FAUX
8359;697;01/07/2023;67;VRAI
8360;697;01/10/2023;97;FAUX
8361;697;01/01/2024;69;VRAI
8362;697;01/04/2024;79;FAUX
8363;697;01/07/2024;51;VRAI
8364;697;01/10/2024;59;VRAI
8365;698;01/01/2022;91;VRAI
8366;698;01/04/2022;58;FAUX
8367;698;01/07/2022;66;VRAI
8368;698;01/10/2022;58;VRAI
8369;698;01/01/2023;73;VRAI
8370;698;01/04/2023;60;FAUX
8371;698;01/07/2023;74;FAUX
8372;698;01/10/2023;51;FAUX
8373;698;01/01/2024;73;FAUX
8374;698;01/04/2024;65;VRAI
8375;698;01/07/2024;80;VRAI
8376;698;01/10/2024;55;FAUX
8377;699;01/01/2022;81;VRAI
8378;699;01/04/2022;97;VRAI
8379;699;01/07/2022;52;FAUX
8380;699;01/10/2022;90;FAUX
8381;699;01/01/2023;84;FAUX
8382;699;01/04/2023;66;VRAI
8383;699;01/07/2023;83;FAUX
8384;699;01/10/2023;73;FAUX
8385;699;01/01/2024;91;VRAI
8386;699;01/04/2024;97;VRAI
8387;699;01/07/2024;97;FAUX
8388;699;01/10/2024;67;VRAI
8389;700;01/01/2022;90;VRAI
8390;700;01/04/2022;83;FAUX
8391;700;01/07/2022;82;FAUX
8392;700;01/10/2022;97;FAUX
8393;700;01/01/2023;67;VRAI
8394;700;01/04/2023;73;VRAI
8395;700;01/07/2023;55;VRAI
8396;700;01/10/2023;71;VRAI
8397;700;01/01/2024;92;VRAI
8398;700;01/04/2024;57;VRAI
8399;700;01/07/2024;58;VRAI
8400;700;01/10/2024;70;FAUX
8401;701;01/01/2022;95;FAUX
8402;701;01/04/2022;73;FAUX
8403;701;01/07/2022;66;FAUX
8404;701;01/10/2022;69;FAUX
8405;701;01/01/2023;59;FAUX
8406;701;01/04/2023;92;FAUX
8407;701;01/07/2023;79;FAUX
8408;701;01/10/2023;74;VRAI
8409;701;01/01/2024;95;VRAI
8410;701;01/04/2024;92;VRAI
8411;701;01/07/2024;56;VRAI
8412;701;01/10/2024;69;VRAI
8413;702;01/01/2022;52;VRAI
8414;702;01/04/2022;95;FAUX
8415;702;01/07/2022;85;FAUX
8416;702;01/10/2022;59;FAUX
8417;702;01/01/2023;63;FAUX
8418;702;01/04/2023;76;FAUX
8419;702;01/07/2023;99;VRAI
8420;702;01/10/2023;86;FAUX
8421;702;01/01/2024;94;FAUX
8422;702;01/04/2024;80;FAUX
8423;702;01/07/2024;94;VRAI
8424;702;01/10/2024;63;FAUX
8425;703;01/01/2022;79;FAUX
8426;703;01/04/2022;96;FAUX
8427;703;01/07/2022;64;FAUX
8428;703;01/10/2022;80;VRAI
8429;703;01/01/2023;76;VRAI
8430;703;01/04/2023;58;FAUX
8431;703;01/07/2023;84;FAUX
8432;703;01/10/2023;64;FAUX
8433;703;01/01/2024;98;VRAI
8434;703;01/04/2024;65;FAUX
8435;703;01/07/2024;60;VRAI
8436;703;01/10/2024;57;VRAI
8437;704;01/01/2022;68;FAUX
8438;704;01/04/2022;90;VRAI
8439;704;01/07/2022;85;VRAI
8440;704;01/10/2022;85;VRAI
8441;704;01/01/2023;65;VRAI
8442;704;01/04/2023;66;FAUX
8443;704;01/07/2023;91;FAUX
8444;704;01/10/2023;66;FAUX
8445;704;01/01/2024;69;FAUX
8446;704;01/04/2024;55;VRAI
8447;704;01/07/2024;63;VRAI
8448;704;01/10/2024;61;FAUX
8449;705;01/01/2022;54;VRAI
8450;705;01/04/2022;69;FAUX
8451;705;01/07/2022;64;FAUX
8452;705;01/10/2022;82;VRAI
8453;705;01/01/2023;79;FAUX
8454;705;01/04/2023;72;VRAI
8455;705;01/07/2023;52;FAUX
8456;705;01/10/2023;85;FAUX
8457;705;01/01/2024;56;FAUX
8458;705;01/04/2024;63;FAUX
8459;705;01/07/2024;78;FAUX
8460;705;01/10/2024;65;FAUX
8461;706;01/01/2022;83;FAUX
8462;706;01/04/2022;56;VRAI
8463;706;01/07/2022;76;VRAI
8464;706;01/10/2022;81;FAUX
8465;706;01/01/2023;58;VRAI
8466;706;01/04/2023;65;FAUX
8467;706;01/07/2023;84;VRAI
8468;706;01/10/2023;72;FAUX
8469;706;01/01/2024;51;VRAI
8470;706;01/04/2024;81;VRAI
8471;706;01/07/2024;52;FAUX
8472;706;01/10/2024;51;VRAI
8473;707;01/01/2022;98;VRAI
8474;707;01/04/2022;69;VRAI
8475;707;01/07/2022;66;FAUX
8476;707;01/10/2022;90;FAUX
8477;707;01/01/2023;55;FAUX
8478;707;01/04/2023;92;FAUX
8479;707;01/07/2023;80;FAUX
8480;707;01/10/2023;61;FAUX
8481;707;01/01/2024;65;VRAI
8482;707;01/04/2024;71;VRAI
8483;707;01/07/2024;73;FAUX
8484;707;01/10/2024;67;VRAI
8485;708;01/01/2022;96;FAUX
8486;708;01/04/2022;53;FAUX
8487;708;01/07/2022;98;VRAI
8488;708;01/10/2022;71;VRAI
8489;708;01/01/2023;67;FAUX
8490;708;01/04/2023;97;VRAI
8491;708;01/07/2023;76;FAUX
8492;708;01/10/2023;68;FAUX
8493;708;01/01/2024;63;VRAI
8494;708;01/04/2024;83;FAUX
8495;708;01/07/2024;87;FAUX
8496;708;01/10/2024;72;VRAI
8497;709;01/01/2022;93;VRAI
8498;709;01/04/2022;85;FAUX
8499;709;01/07/2022;73;FAUX
8500;709;01/10/2022;54;VRAI
8501;709;01/01/2023;55;VRAI
8502;709;01/04/2023;85;VRAI
8503;709;01/07/2023;53;FAUX
8504;709;01/10/2023;50;VRAI
8505;709;01/01/2024;89;VRAI
8506;709;01/04/2024;86;VRAI
8507;709;01/07/2024;96;VRAI
8508;709;01/10/2024;76;VRAI
8509;710;01/01/2022;72;VRAI
8510;710;01/04/2022;96;VRAI
8511;710;01/07/2022;69;FAUX
8512;710;01/10/2022;62;VRAI
8513;710;01/01/2023;93;FAUX
8514;710;01/04/2023;90;VRAI
8515;710;01/07/2023;52;FAUX
8516;710;01/10/2023;92;FAUX
8517;710;01/01/2024;50;VRAI
8518;710;01/04/2024;62;FAUX
8519;710;01/07/2024;82;FAUX
8520;710;01/10/2024;51;VRAI
8521;711;01/01/2022;90;FAUX
8522;711;01/04/2022;80;FAUX
8523;711;01/07/2022;83;VRAI
8524;711;01/10/2022;86;VRAI
8525;711;01/01/2023;73;VRAI
8526;711;01/04/2023;93;FAUX
8527;711;01/07/2023;68;VRAI
8528;711;01/10/2023;59;VRAI
8529;711;01/01/2024;91;FAUX
8530;711;01/04/2024;63;FAUX
8531;711;01/07/2024;97;VRAI
8532;711;01/10/2024;69;FAUX
8533;712;01/01/2022;87;FAUX
8534;712;01/04/2022;99;VRAI
8535;712;01/07/2022;54;FAUX
8536;712;01/10/2022;81;FAUX
8537;712;01/01/2023;63;FAUX
8538;712;01/04/2023;63;FAUX
8539;712;01/07/2023;76;FAUX
8540;712;01/10/2023;75;FAUX
8541;712;01/01/2024;57;FAUX
8542;712;01/04/2024;65;FAUX
8543;712;01/07/2024;75;FAUX
8544;712;01/10/2024;90;VRAI
8545;713;01/01/2022;78;FAUX
8546;713;01/04/2022;66;VRAI
8547;713;01/07/2022;66;VRAI
8548;713;01/10/2022;50;VRAI
8549;713;01/01/2023;78;FAUX
8550;713;01/04/2023;66;VRAI
8551;713;01/07/2023;78;FAUX
8552;713;01/10/2023;76;VRAI
8553;713;01/01/2024;95;VRAI
8554;713;01/04/2024;78;VRAI
8555;713;01/07/2024;88;VRAI
8556;713;01/10/2024;95;FAUX
8557;714;01/01/2022;63;VRAI
8558;714;01/04/2022;86;VRAI
8559;714;01/07/2022;73;FAUX
8560;714;01/10/2022;99;VRAI
8561;714;01/01/2023;79;FAUX
8562;714;01/04/2023;58;VRAI
8563;714;01/07/2023;77;FAUX
8564;714;01/10/2023;75;FAUX
8565;714;01/01/2024;85;FAUX
8566;714;01/04/2024;67;FAUX
8567;714;01/07/2024;81;VRAI
8568;714;01/10/2024;98;FAUX
8569;715;01/01/2022;67;VRAI
8570;715;01/04/2022;50;FAUX
8571;715;01/07/2022;82;FAUX
8572;715;01/10/2022;53;VRAI
8573;715;01/01/2023;69;VRAI
8574;715;01/04/2023;85;VRAI
8575;715;01/07/2023;80;FAUX
8576;715;01/10/2023;77;VRAI
8577;715;01/01/2024;55;VRAI
8578;715;01/04/2024;72;VRAI
8579;715;01/07/2024;85;VRAI
8580;715;01/10/2024;55;FAUX
8581;716;01/01/2022;86;VRAI
8582;716;01/04/2022;85;FAUX
8583;716;01/07/2022;87;VRAI
8584;716;01/10/2022;78;VRAI
8585;716;01/01/2023;94;FAUX
8586;716;01/04/2023;74;FAUX
8587;716;01/07/2023;84;VRAI
8588;716;01/10/2023;74;VRAI
8589;716;01/01/2024;94;FAUX
8590;716;01/04/2024;61;FAUX
8591;716;01/07/2024;91;FAUX
8592;716;01/10/2024;52;VRAI
8593;717;01/01/2022;58;VRAI
8594;717;01/04/2022;50;FAUX
8595;717;01/07/2022;90;VRAI
8596;717;01/10/2022;69;VRAI
8597;717;01/01/2023;90;FAUX
8598;717;01/04/2023;77;FAUX
8599;717;01/07/2023;84;FAUX
8600;717;01/10/2023;70;VRAI
8601;717;01/01/2024;84;FAUX
8602;717;01/04/2024;81;FAUX
8603;717;01/07/2024;87;FAUX
8604;717;01/10/2024;99;FAUX
8605;718;01/01/2022;87;FAUX
8606;718;01/04/2022;62;FAUX
8607;718;01/07/2022;88;VRAI
8608;718;01/10/2022;96;FAUX
8609;718;01/01/2023;82;FAUX
8610;718;01/04/2023;52;FAUX
8611;718;01/07/2023;75;FAUX
8612;718;01/10/2023;89;FAUX
8613;718;01/01/2024;53;FAUX
8614;718;01/04/2024;77;FAUX
8615;718;01/07/2024;74;FAUX
8616;718;01/10/2024;94;VRAI
8617;719;01/01/2022;51;FAUX
8618;719;01/04/2022;83;FAUX
8619;719;01/07/2022;70;FAUX
8620;719;01/10/2022;86;FAUX
8621;719;01/01/2023;72;VRAI
8622;719;01/04/2023;51;VRAI
8623;719;01/07/2023;97;VRAI
8624;719;01/10/2023;71;FAUX
8625;719;01/01/2024;65;FAUX
8626;719;01/04/2024;75;FAUX
8627;719;01/07/2024;55;VRAI
8628;719;01/10/2024;93;VRAI
8629;720;01/01/2022;91;VRAI
8630;720;01/04/2022;57;FAUX
8631;720;01/07/2022;86;FAUX
8632;720;01/10/2022;71;FAUX
8633;720;01/01/2023;81;VRAI
8634;720;01/04/2023;87;VRAI
8635;720;01/07/2023;86;VRAI
8636;720;01/10/2023;98;VRAI
8637;720;01/01/2024;98;VRAI
8638;720;01/04/2024;62;FAUX
8639;720;01/07/2024;71;VRAI
8640;720;01/10/2024;56;FAUX
8641;721;01/01/2022;70;FAUX
8642;721;01/04/2022;63;FAUX
8643;721;01/07/2022;52;VRAI
8644;721;01/10/2022;96;VRAI
8645;721;01/01/2023;99;FAUX
8646;721;01/04/2023;79;FAUX
8647;721;01/07/2023;91;FAUX
8648;721;01/10/2023;81;VRAI
8649;721;01/01/2024;52;VRAI
8650;721;01/04/2024;52;VRAI
8651;721;01/07/2024;86;VRAI
8652;721;01/10/2024;52;FAUX
8653;722;01/01/2022;98;VRAI
8654;722;01/04/2022;53;VRAI
8655;722;01/07/2022;51;FAUX
8656;722;01/10/2022;86;FAUX
8657;722;01/01/2023;80;VRAI
8658;722;01/04/2023;51;VRAI
8659;722;01/07/2023;96;VRAI
8660;722;01/10/2023;71;FAUX
8661;722;01/01/2024;79;VRAI
8662;722;01/04/2024;68;FAUX
8663;722;01/07/2024;74;FAUX
8664;722;01/10/2024;95;VRAI
8665;723;01/01/2022;81;VRAI
8666;723;01/04/2022;90;VRAI
8667;723;01/07/2022;63;VRAI
8668;723;01/10/2022;62;VRAI
8669;723;01/01/2023;87;VRAI
8670;723;01/04/2023;51;FAUX
8671;723;01/07/2023;81;FAUX
8672;723;01/10/2023;89;FAUX
8673;723;01/01/2024;55;VRAI
8674;723;01/04/2024;52;FAUX
8675;723;01/07/2024;99;FAUX
8676;723;01/10/2024;87;VRAI
8677;724;01/01/2022;52;FAUX
8678;724;01/04/2022;54;FAUX
8679;724;01/07/2022;83;VRAI
8680;724;01/10/2022;97;VRAI
8681;724;01/01/2023;97;FAUX
8682;724;01/04/2023;85;FAUX
8683;724;01/07/2023;97;VRAI
8684;724;01/10/2023;83;FAUX
8685;724;01/01/2024;85;VRAI
8686;724;01/04/2024;67;FAUX
8687;724;01/07/2024;99;FAUX
8688;724;01/10/2024;88;FAUX
8689;725;01/01/2022;90;VRAI
8690;725;01/04/2022;53;FAUX
8691;725;01/07/2022;54;VRAI
8692;725;01/10/2022;88;FAUX
8693;725;01/01/2023;64;VRAI
8694;725;01/04/2023;68;VRAI
8695;725;01/07/2023;60;FAUX
8696;725;01/10/2023;85;FAUX
8697;725;01/01/2024;63;FAUX
8698;725;01/04/2024;87;VRAI
8699;725;01/07/2024;65;FAUX
8700;725;01/10/2024;50;FAUX
8701;726;01/01/2022;50;VRAI
8702;726;01/04/2022;70;VRAI
8703;726;01/07/2022;74;VRAI
8704;726;01/10/2022;59;FAUX
8705;726;01/01/2023;61;FAUX
8706;726;01/04/2023;98;FAUX
8707;726;01/07/2023;82;FAUX
8708;726;01/10/2023;91;FAUX
8709;726;01/01/2024;91;FAUX
8710;726;01/04/2024;90;VRAI
8711;726;01/07/2024;51;VRAI
8712;726;01/10/2024;83;FAUX
8713;727;01/01/2022;80;VRAI
8714;727;01/04/2022;61;FAUX
8715;727;01/07/2022;77;VRAI
8716;727;01/10/2022;68;FAUX
8717;727;01/01/2023;99;FAUX
8718;727;01/04/2023;51;VRAI
8719;727;01/07/2023;93;VRAI
8720;727;01/10/2023;87;VRAI
8721;727;01/01/2024;92;VRAI
8722;727;01/04/2024;91;FAUX
8723;727;01/07/2024;58;FAUX
8724;727;01/10/2024;59;VRAI
8725;728;01/01/2022;95;VRAI
8726;728;01/04/2022;82;VRAI
8727;728;01/07/2022;65;VRAI
8728;728;01/10/2022;86;VRAI
8729;728;01/01/2023;78;FAUX
8730;728;01/04/2023;78;FAUX
8731;728;01/07/2023;67;FAUX
8732;728;01/10/2023;91;VRAI
8733;728;01/01/2024;80;FAUX
8734;728;01/04/2024;60;FAUX
8735;728;01/07/2024;77;VRAI
8736;728;01/10/2024;68;VRAI
8737;729;01/01/2022;94;VRAI
8738;729;01/04/2022;69;VRAI
8739;729;01/07/2022;65;VRAI
8740;729;01/10/2022;93;VRAI
8741;729;01/01/2023;64;FAUX
8742;729;01/04/2023;89;VRAI
8743;729;01/07/2023;98;VRAI
8744;729;01/10/2023;78;VRAI
8745;729;01/01/2024;79;FAUX
8746;729;01/04/2024;95;FAUX
8747;729;01/07/2024;59;VRAI
8748;729;01/10/2024;57;VRAI
8749;730;01/01/2022;85;FAUX
8750;730;01/04/2022;84;FAUX
8751;730;01/07/2022;97;FAUX
8752;730;01/10/2022;85;VRAI
8753;730;01/01/2023;69;VRAI
8754;730;01/04/2023;94;VRAI
8755;730;01/07/2023;66;VRAI
8756;730;01/10/2023;74;FAUX
8757;730;01/01/2024;98;VRAI
8758;730;01/04/2024;55;VRAI
8759;730;01/07/2024;53;FAUX
8760;730;01/10/2024;69;VRAI
8761;731;01/01/2022;50;VRAI
8762;731;01/04/2022;75;FAUX
8763;731;01/07/2022;59;VRAI
8764;731;01/10/2022;98;FAUX
8765;731;01/01/2023;62;VRAI
8766;731;01/04/2023;95;VRAI
8767;731;01/07/2023;80;VRAI
8768;731;01/10/2023;59;VRAI
8769;731;01/01/2024;88;FAUX
8770;731;01/04/2024;73;VRAI
8771;731;01/07/2024;63;VRAI
8772;731;01/10/2024;94;FAUX
8773;732;01/01/2022;66;VRAI
8774;732;01/04/2022;81;VRAI
8775;732;01/07/2022;64;FAUX
8776;732;01/10/2022;81;FAUX
8777;732;01/01/2023;75;FAUX
8778;732;01/04/2023;79;VRAI
8779;732;01/07/2023;81;VRAI
8780;732;01/10/2023;71;FAUX
8781;732;01/01/2024;90;FAUX
8782;732;01/04/2024;68;FAUX
8783;732;01/07/2024;67;VRAI
8784;732;01/10/2024;67;FAUX
8785;733;01/01/2022;53;VRAI
8786;733;01/04/2022;92;VRAI
8787;733;01/07/2022;54;FAUX
8788;733;01/10/2022;62;VRAI
8789;733;01/01/2023;91;FAUX
8790;733;01/04/2023;74;FAUX
8791;733;01/07/2023;53;FAUX
8792;733;01/10/2023;81;FAUX
8793;733;01/01/2024;64;FAUX
8794;733;01/04/2024;91;VRAI
8795;733;01/07/2024;58;VRAI
8796;733;01/10/2024;51;VRAI
8797;734;01/01/2022;76;FAUX
8798;734;01/04/2022;75;FAUX
8799;734;01/07/2022;70;VRAI
8800;734;01/10/2022;57;VRAI
8801;734;01/01/2023;87;FAUX
8802;734;01/04/2023;62;VRAI
8803;734;01/07/2023;77;FAUX
8804;734;01/10/2023;96;VRAI
8805;734;01/01/2024;97;FAUX
8806;734;01/04/2024;66;VRAI
8807;734;01/07/2024;61;FAUX
8808;734;01/10/2024;61;FAUX
8809;735;01/01/2022;55;FAUX
8810;735;01/04/2022;58;FAUX
8811;735;01/07/2022;86;VRAI
8812;735;01/10/2022;52;FAUX
8813;735;01/01/2023;57;FAUX
8814;735;01/04/2023;96;VRAI
8815;735;01/07/2023;91;VRAI
8816;735;01/10/2023;58;FAUX
8817;735;01/01/2024;86;VRAI
8818;735;01/04/2024;90;FAUX
8819;735;01/07/2024;53;FAUX
8820;735;01/10/2024;82;VRAI
8821;736;01/01/2022;50;FAUX
8822;736;01/04/2022;60;VRAI
8823;736;01/07/2022;95;VRAI
8824;736;01/10/2022;60;VRAI
8825;736;01/01/2023;56;FAUX
8826;736;01/04/2023;64;FAUX
8827;736;01/07/2023;96;FAUX
8828;736;01/10/2023;89;VRAI
8829;736;01/01/2024;91;VRAI
8830;736;01/04/2024;84;FAUX
8831;736;01/07/2024;95;VRAI
8832;736;01/10/2024;90;VRAI
8833;737;01/01/2022;87;FAUX
8834;737;01/04/2022;92;FAUX
8835;737;01/07/2022;57;FAUX
8836;737;01/10/2022;59;VRAI
8837;737;01/01/2023;72;FAUX
8838;737;01/04/2023;97;FAUX
8839;737;01/07/2023;87;FAUX
8840;737;01/10/2023;90;VRAI
8841;737;01/01/2024;54;VRAI
8842;737;01/04/2024;55;VRAI
8843;737;01/07/2024;66;VRAI
8844;737;01/10/2024;73;FAUX
8845;738;01/01/2022;62;VRAI
8846;738;01/04/2022;63;FAUX
8847;738;01/07/2022;75;VRAI
8848;738;01/10/2022;75;FAUX
8849;738;01/01/2023;52;FAUX
8850;738;01/04/2023;77;FAUX
8851;738;01/07/2023;71;VRAI
8852;738;01/10/2023;53;VRAI
8853;738;01/01/2024;87;VRAI
8854;738;01/04/2024;69;FAUX
8855;738;01/07/2024;58;FAUX
8856;738;01/10/2024;80;FAUX
8857;739;01/01/2022;75;FAUX
8858;739;01/04/2022;75;FAUX
8859;739;01/07/2022;54;VRAI
8860;739;01/10/2022;59;FAUX
8861;739;01/01/2023;64;VRAI
8862;739;01/04/2023;82;VRAI
8863;739;01/07/2023;86;FAUX
8864;739;01/10/2023;71;FAUX
8865;739;01/01/2024;71;FAUX
8866;739;01/04/2024;64;VRAI
8867;739;01/07/2024;94;VRAI
8868;739;01/10/2024;77;VRAI
8869;740;01/01/2022;71;VRAI
8870;740;01/04/2022;91;VRAI
8871;740;01/07/2022;54;FAUX
8872;740;01/10/2022;66;FAUX
8873;740;01/01/2023;56;VRAI
8874;740;01/04/2023;86;FAUX
8875;740;01/07/2023;89;VRAI
8876;740;01/10/2023;58;VRAI
8877;740;01/01/2024;58;VRAI
8878;740;01/04/2024;80;FAUX
8879;740;01/07/2024;80;VRAI
8880;740;01/10/2024;97;VRAI
8881;741;01/01/2022;71;VRAI
8882;741;01/04/2022;79;FAUX
8883;741;01/07/2022;89;VRAI
8884;741;01/10/2022;75;FAUX
8885;741;01/01/2023;55;FAUX
8886;741;01/04/2023;81;VRAI
8887;741;01/07/2023;62;VRAI
8888;741;01/10/2023;87;FAUX
8889;741;01/01/2024;51;FAUX
8890;741;01/04/2024;54;VRAI
8891;741;01/07/2024;60;FAUX
8892;741;01/10/2024;63;VRAI
8893;742;01/01/2022;79;FAUX
8894;742;01/04/2022;96;FAUX
8895;742;01/07/2022;84;VRAI
8896;742;01/10/2022;54;FAUX
8897;742;01/01/2023;51;FAUX
8898;742;01/04/2023;86;FAUX
8899;742;01/07/2023;98;FAUX
8900;742;01/10/2023;83;VRAI
8901;742;01/01/2024;85;VRAI
8902;742;01/04/2024;58;FAUX
8903;742;01/07/2024;83;FAUX
8904;742;01/10/2024;96;VRAI
8905;743;01/01/2022;81;FAUX
8906;743;01/04/2022;61;VRAI
8907;743;01/07/2022;81;VRAI
8908;743;01/10/2022;53;FAUX
8909;743;01/01/2023;82;VRAI
8910;743;01/04/2023;97;VRAI
8911;743;01/07/2023;58;FAUX
8912;743;01/10/2023;88;VRAI
8913;743;01/01/2024;79;FAUX
8914;743;01/04/2024;69;VRAI
8915;743;01/07/2024;72;VRAI
8916;743;01/10/2024;93;VRAI
8917;744;01/01/2022;84;VRAI
8918;744;01/04/2022;97;VRAI
8919;744;01/07/2022;72;FAUX
8920;744;01/10/2022;86;VRAI
8921;744;01/01/2023;72;VRAI
8922;744;01/04/2023;77;FAUX
8923;744;01/07/2023;68;VRAI
8924;744;01/10/2023;97;FAUX
8925;744;01/01/2024;79;VRAI
8926;744;01/04/2024;73;VRAI
8927;744;01/07/2024;75;VRAI
8928;744;01/10/2024;99;VRAI
8929;745;01/01/2022;85;FAUX
8930;745;01/04/2022;82;VRAI
8931;745;01/07/2022;85;FAUX
8932;745;01/10/2022;58;FAUX
8933;745;01/01/2023;51;VRAI
8934;745;01/04/2023;72;FAUX
8935;745;01/07/2023;92;FAUX
8936;745;01/10/2023;95;VRAI
8937;745;01/01/2024;71;VRAI
8938;745;01/04/2024;83;VRAI
8939;745;01/07/2024;75;VRAI
8940;745;01/10/2024;85;FAUX
8941;746;01/01/2022;54;VRAI
8942;746;01/04/2022;71;FAUX
8943;746;01/07/2022;97;FAUX
8944;746;01/10/2022;65;FAUX
8945;746;01/01/2023;71;VRAI
8946;746;01/04/2023;50;VRAI
8947;746;01/07/2023;73;FAUX
8948;746;01/10/2023;67;VRAI
8949;746;01/01/2024;56;FAUX
8950;746;01/04/2024;94;FAUX
8951;746;01/07/2024;59;VRAI
8952;746;01/10/2024;50;FAUX
8953;747;01/01/2022;98;FAUX
8954;747;01/04/2022;81;VRAI
8955;747;01/07/2022;84;VRAI
8956;747;01/10/2022;61;FAUX
8957;747;01/01/2023;79;FAUX
8958;747;01/04/2023;79;FAUX
8959;747;01/07/2023;91;VRAI
8960;747;01/10/2023;91;FAUX
8961;747;01/01/2024;87;VRAI
8962;747;01/04/2024;98;FAUX
8963;747;01/07/2024;61;VRAI
8964;747;01/10/2024;80;FAUX
8965;748;01/01/2022;95;VRAI
8966;748;01/04/2022;51;VRAI
8967;748;01/07/2022;82;VRAI
8968;748;01/10/2022;83;FAUX
8969;748;01/01/2023;84;FAUX
8970;748;01/04/2023;82;VRAI
8971;748;01/07/2023;69;FAUX
8972;748;01/10/2023;75;VRAI
8973;748;01/01/2024;75;VRAI
8974;748;01/04/2024;79;VRAI
8975;748;01/07/2024;82;VRAI
8976;748;01/10/2024;90;VRAI
8977;749;01/01/2022;51;VRAI
8978;749;01/04/2022;67;FAUX
8979;749;01/07/2022;74;FAUX
8980;749;01/10/2022;63;VRAI
8981;749;01/01/2023;91;FAUX
8982;749;01/04/2023;51;FAUX
8983;749;01/07/2023;61;VRAI
8984;749;01/10/2023;53;VRAI
8985;749;01/01/2024;58;FAUX
8986;749;01/04/2024;76;FAUX
8987;749;01/07/2024;64;FAUX
8988;749;01/10/2024;80;FAUX
8989;750;01/01/2022;55;VRAI
8990;750;01/04/2022;78;VRAI
8991;750;01/07/2022;79;VRAI
8992;750;01/10/2022;85;VRAI
8993;750;01/01/2023;71;FAUX
8994;750;01/04/2023;69;FAUX
8995;750;01/07/2023;89;VRAI
8996;750;01/10/2023;96;VRAI
8997;750;01/01/2024;89;VRAI
8998;750;01/04/2024;67;FAUX
8999;750;01/07/2024;66;FAUX
9000;750;01/10/2024;74;FAUX
9001;751;01/01/2022;64;VRAI
9002;751;01/04/2022;75;FAUX
9003;751;01/07/2022;60;VRAI
9004;751;01/10/2022;82;FAUX
9005;751;01/01/2023;86;FAUX
9006;751;01/04/2023;50;VRAI
9007;751;01/07/2023;76;FAUX
9008;751;01/10/2023;81;VRAI
9009;751;01/01/2024;64;VRAI
9010;751;01/04/2024;55;VRAI
9011;751;01/07/2024;98;FAUX
9012;751;01/10/2024;67;FAUX
9013;752;01/01/2022;80;FAUX
9014;752;01/04/2022;58;FAUX
9015;752;01/07/2022;52;VRAI
9016;752;01/10/2022;76;VRAI
9017;752;01/01/2023;92;VRAI
9018;752;01/04/2023;93;VRAI
9019;752;01/07/2023;58;VRAI
9020;752;01/10/2023;64;FAUX
9021;752;01/01/2024;58;VRAI
9022;752;01/04/2024;77;VRAI
9023;752;01/07/2024;73;VRAI
9024;752;01/10/2024;59;FAUX
9025;753;01/01/2022;71;VRAI
9026;753;01/04/2022;71;VRAI
9027;753;01/07/2022;86;FAUX
9028;753;01/10/2022;88;FAUX
9029;753;01/01/2023;59;FAUX
9030;753;01/04/2023;75;VRAI
9031;753;01/07/2023;77;VRAI
9032;753;01/10/2023;64;FAUX
9033;753;01/01/2024;55;FAUX
9034;753;01/04/2024;61;VRAI
9035;753;01/07/2024;81;VRAI
9036;753;01/10/2024;87;VRAI
9037;754;01/01/2022;51;VRAI
9038;754;01/04/2022;64;FAUX
9039;754;01/07/2022;85;VRAI
9040;754;01/10/2022;64;VRAI
9041;754;01/01/2023;59;VRAI
9042;754;01/04/2023;83;FAUX
9043;754;01/07/2023;73;FAUX
9044;754;01/10/2023;79;VRAI
9045;754;01/01/2024;86;VRAI
9046;754;01/04/2024;89;VRAI
9047;754;01/07/2024;77;FAUX
9048;754;01/10/2024;93;FAUX
9049;755;01/01/2022;88;VRAI
9050;755;01/04/2022;57;VRAI
9051;755;01/07/2022;57;FAUX
9052;755;01/10/2022;64;VRAI
9053;755;01/01/2023;97;VRAI
9054;755;01/04/2023;95;FAUX
9055;755;01/07/2023;56;FAUX
9056;755;01/10/2023;56;FAUX
9057;755;01/01/2024;67;FAUX
9058;755;01/04/2024;55;FAUX
9059;755;01/07/2024;53;VRAI
9060;755;01/10/2024;52;VRAI
9061;756;01/01/2022;96;FAUX
9062;756;01/04/2022;55;FAUX
9063;756;01/07/2022;93;VRAI
9064;756;01/10/2022;87;VRAI
9065;756;01/01/2023;78;FAUX
9066;756;01/04/2023;59;FAUX
9067;756;01/07/2023;97;VRAI
9068;756;01/10/2023;99;FAUX
9069;756;01/01/2024;85;VRAI
9070;756;01/04/2024;61;FAUX
9071;756;01/07/2024;72;VRAI
9072;756;01/10/2024;57;VRAI
9073;757;01/01/2022;58;FAUX
9074;757;01/04/2022;80;VRAI
9075;757;01/07/2022;66;FAUX
9076;757;01/10/2022;78;FAUX
9077;757;01/01/2023;52;VRAI
9078;757;01/04/2023;57;FAUX
9079;757;01/07/2023;88;FAUX
9080;757;01/10/2023;67;VRAI
9081;757;01/01/2024;60;FAUX
9082;757;01/04/2024;69;VRAI
9083;757;01/07/2024;95;VRAI
9084;757;01/10/2024;94;FAUX
9085;758;01/01/2022;69;VRAI
9086;758;01/04/2022;69;VRAI
9087;758;01/07/2022;99;VRAI
9088;758;01/10/2022;93;FAUX
9089;758;01/01/2023;88;FAUX
9090;758;01/04/2023;82;FAUX
9091;758;01/07/2023;85;FAUX
9092;758;01/10/2023;96;VRAI
9093;758;01/01/2024;84;VRAI
9094;758;01/04/2024;87;VRAI
9095;758;01/07/2024;96;FAUX
9096;758;01/10/2024;57;FAUX
9097;759;01/01/2022;71;VRAI
9098;759;01/04/2022;62;VRAI
9099;759;01/07/2022;73;VRAI
9100;759;01/10/2022;94;VRAI
9101;759;01/01/2023;53;VRAI
9102;759;01/04/2023;61;VRAI
9103;759;01/07/2023;62;FAUX
9104;759;01/10/2023;93;FAUX
9105;759;01/01/2024;55;FAUX
9106;759;01/04/2024;97;VRAI
9107;759;01/07/2024;80;FAUX
9108;759;01/10/2024;86;VRAI
9109;760;01/01/2022;84;FAUX
9110;760;01/04/2022;59;VRAI
9111;760;01/07/2022;91;FAUX
9112;760;01/10/2022;93;VRAI
9113;760;01/01/2023;56;FAUX
9114;760;01/04/2023;68;VRAI
9115;760;01/07/2023;88;FAUX
9116;760;01/10/2023;71;VRAI
9117;760;01/01/2024;88;FAUX
9118;760;01/04/2024;79;FAUX
9119;760;01/07/2024;81;VRAI
9120;760;01/10/2024;91;VRAI
9121;761;01/01/2022;72;VRAI
9122;761;01/04/2022;99;VRAI
9123;761;01/07/2022;79;FAUX
9124;761;01/10/2022;88;VRAI
9125;761;01/01/2023;76;VRAI
9126;761;01/04/2023;91;VRAI
9127;761;01/07/2023;56;VRAI
9128;761;01/10/2023;64;VRAI
9129;761;01/01/2024;91;FAUX
9130;761;01/04/2024;58;VRAI
9131;761;01/07/2024;71;FAUX
9132;761;01/10/2024;84;VRAI
9133;762;01/01/2022;60;FAUX
9134;762;01/04/2022;81;FAUX
9135;762;01/07/2022;64;FAUX
9136;762;01/10/2022;50;FAUX
9137;762;01/01/2023;99;FAUX
9138;762;01/04/2023;92;FAUX
9139;762;01/07/2023;71;VRAI
9140;762;01/10/2023;63;FAUX
9141;762;01/01/2024;81;FAUX
9142;762;01/04/2024;87;VRAI
9143;762;01/07/2024;95;FAUX
9144;762;01/10/2024;55;VRAI
9145;763;01/01/2022;88;VRAI
9146;763;01/04/2022;83;VRAI
9147;763;01/07/2022;95;VRAI
9148;763;01/10/2022;90;VRAI
9149;763;01/01/2023;95;VRAI
9150;763;01/04/2023;97;FAUX
9151;763;01/07/2023;97;VRAI
9152;763;01/10/2023;88;FAUX
9153;763;01/01/2024;70;FAUX
9154;763;01/04/2024;98;VRAI
9155;763;01/07/2024;83;VRAI
9156;763;01/10/2024;63;FAUX
9157;764;01/01/2022;76;VRAI
9158;764;01/04/2022;55;VRAI
9159;764;01/07/2022;66;VRAI
9160;764;01/10/2022;92;FAUX
9161;764;01/01/2023;85;VRAI
9162;764;01/04/2023;76;VRAI
9163;764;01/07/2023;77;FAUX
9164;764;01/10/2023;84;FAUX
9165;764;01/01/2024;84;VRAI
9166;764;01/04/2024;68;VRAI
9167;764;01/07/2024;70;FAUX
9168;764;01/10/2024;82;VRAI
9169;765;01/01/2022;55;FAUX
9170;765;01/04/2022;71;VRAI
9171;765;01/07/2022;84;FAUX
9172;765;01/10/2022;91;VRAI
9173;765;01/01/2023;74;VRAI
9174;765;01/04/2023;88;VRAI
9175;765;01/07/2023;77;VRAI
9176;765;01/10/2023;59;VRAI
9177;765;01/01/2024;73;FAUX
9178;765;01/04/2024;73;VRAI
9179;765;01/07/2024;66;VRAI
9180;765;01/10/2024;93;FAUX
9181;766;01/01/2022;84;FAUX
9182;766;01/04/2022;65;VRAI
9183;766;01/07/2022;77;VRAI
9184;766;01/10/2022;81;FAUX
9185;766;01/01/2023;60;FAUX
9186;766;01/04/2023;74;VRAI
9187;766;01/07/2023;70;VRAI
9188;766;01/10/2023;52;FAUX
9189;766;01/01/2024;89;FAUX
9190;766;01/04/2024;90;VRAI
9191;766;01/07/2024;66;FAUX
9192;766;01/10/2024;85;FAUX
9193;767;01/01/2022;68;FAUX
9194;767;01/04/2022;51;VRAI
9195;767;01/07/2022;79;VRAI
9196;767;01/10/2022;59;VRAI
9197;767;01/01/2023;85;FAUX
9198;767;01/04/2023;82;VRAI
9199;767;01/07/2023;67;FAUX
9200;767;01/10/2023;96;VRAI
9201;767;01/01/2024;74;FAUX
9202;767;01/04/2024;77;VRAI
9203;767;01/07/2024;71;FAUX
9204;767;01/10/2024;74;VRAI
9205;768;01/01/2022;93;FAUX
9206;768;01/04/2022;61;FAUX
9207;768;01/07/2022;86;VRAI
9208;768;01/10/2022;65;VRAI
9209;768;01/01/2023;80;VRAI
9210;768;01/04/2023;62;FAUX
9211;768;01/07/2023;76;VRAI
9212;768;01/10/2023;51;FAUX
9213;768;01/01/2024;91;VRAI
9214;768;01/04/2024;59;VRAI
9215;768;01/07/2024;53;VRAI
9216;768;01/10/2024;90;FAUX
9217;769;01/01/2022;84;VRAI
9218;769;01/04/2022;92;VRAI
9219;769;01/07/2022;67;FAUX
9220;769;01/10/2022;95;FAUX
9221;769;01/01/2023;92;FAUX
9222;769;01/04/2023;81;FAUX
9223;769;01/07/2023;51;FAUX
9224;769;01/10/2023;59;VRAI
9225;769;01/01/2024;64;FAUX
9226;769;01/04/2024;61;FAUX
9227;769;01/07/2024;92;VRAI
9228;769;01/10/2024;67;FAUX
9229;770;01/01/2022;66;VRAI
9230;770;01/04/2022;61;VRAI
9231;770;01/07/2022;65;FAUX
9232;770;01/10/2022;72;FAUX
9233;770;01/01/2023;83;FAUX
9234;770;01/04/2023;65;FAUX
9235;770;01/07/2023;89;FAUX
9236;770;01/10/2023;56;VRAI
9237;770;01/01/2024;53;VRAI
9238;770;01/04/2024;56;FAUX
9239;770;01/07/2024;53;VRAI
9240;770;01/10/2024;60;VRAI
9241;771;01/01/2022;69;VRAI
9242;771;01/04/2022;64;FAUX
9243;771;01/07/2022;66;FAUX
9244;771;01/10/2022;99;FAUX
9245;771;01/01/2023;61;FAUX
9246;771;01/04/2023;77;FAUX
9247;771;01/07/2023;84;FAUX
9248;771;01/10/2023;76;FAUX
9249;771;01/01/2024;73;FAUX
9250;771;01/04/2024;80;FAUX
9251;771;01/07/2024;50;VRAI
9252;771;01/10/2024;63;VRAI
9253;772;01/01/2022;85;FAUX
9254;772;01/04/2022;90;VRAI
9255;772;01/07/2022;54;VRAI
9256;772;01/10/2022;68;VRAI
9257;772;01/01/2023;91;FAUX
9258;772;01/04/2023;79;FAUX
9259;772;01/07/2023;59;FAUX
9260;772;01/10/2023;65;FAUX
9261;772;01/01/2024;95;VRAI
9262;772;01/04/2024;64;FAUX
9263;772;01/07/2024;60;FAUX
9264;772;01/10/2024;83;FAUX
9265;773;01/01/2022;79;VRAI
9266;773;01/04/2022;58;FAUX
9267;773;01/07/2022;68;VRAI
9268;773;01/10/2022;53;FAUX
9269;773;01/01/2023;82;FAUX
9270;773;01/04/2023;65;VRAI
9271;773;01/07/2023;71;FAUX
9272;773;01/10/2023;99;VRAI
9273;773;01/01/2024;75;VRAI
9274;773;01/04/2024;80;VRAI
9275;773;01/07/2024;54;FAUX
9276;773;01/10/2024;87;FAUX
9277;774;01/01/2022;74;FAUX
9278;774;01/04/2022;83;FAUX
9279;774;01/07/2022;71;VRAI
9280;774;01/10/2022;69;VRAI
9281;774;01/01/2023;93;VRAI
9282;774;01/04/2023;94;VRAI
9283;774;01/07/2023;66;VRAI
9284;774;01/10/2023;94;VRAI
9285;774;01/01/2024;62;FAUX
9286;774;01/04/2024;64;VRAI
9287;774;01/07/2024;67;FAUX
9288;774;01/10/2024;51;VRAI
9289;775;01/01/2022;92;VRAI
9290;775;01/04/2022;92;FAUX
9291;775;01/07/2022;96;FAUX
9292;775;01/10/2022;74;VRAI
9293;775;01/01/2023;99;FAUX
9294;775;01/04/2023;91;FAUX
9295;775;01/07/2023;62;VRAI
9296;775;01/10/2023;94;FAUX
9297;775;01/01/2024;55;VRAI
9298;775;01/04/2024;92;FAUX
9299;775;01/07/2024;72;VRAI
9300;775;01/10/2024;94;VRAI
9301;776;01/01/2022;89;VRAI
9302;776;01/04/2022;83;FAUX
9303;776;01/07/2022;94;VRAI
9304;776;01/10/2022;90;VRAI
9305;776;01/01/2023;81;FAUX
9306;776;01/04/2023;89;FAUX
9307;776;01/07/2023;95;VRAI
9308;776;01/10/2023;66;FAUX
9309;776;01/01/2024;88;VRAI
9310;776;01/04/2024;97;FAUX
9311;776;01/07/2024;77;VRAI
9312;776;01/10/2024;99;FAUX
9313;777;01/01/2022;50;VRAI
9314;777;01/04/2022;99;VRAI
9315;777;01/07/2022;83;VRAI
9316;777;01/10/2022;53;VRAI
9317;777;01/01/2023;52;VRAI
9318;777;01/04/2023;59;FAUX
9319;777;01/07/2023;83;VRAI
9320;777;01/10/2023;96;VRAI
9321;777;01/01/2024;68;FAUX
9322;777;01/04/2024;95;FAUX
9323;777;01/07/2024;92;VRAI
9324;777;01/10/2024;72;VRAI
9325;778;01/01/2022;56;FAUX
9326;778;01/04/2022;92;FAUX
9327;778;01/07/2022;95;FAUX
9328;778;01/10/2022;55;VRAI
9329;778;01/01/2023;78;VRAI
9330;778;01/04/2023;84;VRAI
9331;778;01/07/2023;61;VRAI
9332;778;01/10/2023;85;FAUX
9333;778;01/01/2024;97;VRAI
9334;778;01/04/2024;73;FAUX
9335;778;01/07/2024;79;VRAI
9336;778;01/10/2024;88;FAUX
9337;779;01/01/2022;88;VRAI
9338;779;01/04/2022;77;FAUX
9339;779;01/07/2022;90;FAUX
9340;779;01/10/2022;99;VRAI
9341;779;01/01/2023;60;VRAI
9342;779;01/04/2023;66;FAUX
9343;779;01/07/2023;85;FAUX
9344;779;01/10/2023;58;VRAI
9345;779;01/01/2024;77;FAUX
9346;779;01/04/2024;82;VRAI
9347;779;01/07/2024;57;FAUX
9348;779;01/10/2024;55;VRAI
9349;780;01/01/2022;55;VRAI
9350;780;01/04/2022;86;FAUX
9351;780;01/07/2022;58;VRAI
9352;780;01/10/2022;98;VRAI
9353;780;01/01/2023;66;FAUX
9354;780;01/04/2023;97;FAUX
9355;780;01/07/2023;81;VRAI
9356;780;01/10/2023;63;VRAI
9357;780;01/01/2024;65;VRAI
9358;780;01/04/2024;61;FAUX
9359;780;01/07/2024;73;FAUX
9360;780;01/10/2024;83;FAUX
9361;781;01/01/2022;93;VRAI
9362;781;01/04/2022;97;FAUX
9363;781;01/07/2022;77;FAUX
9364;781;01/10/2022;59;FAUX
9365;781;01/01/2023;64;FAUX
9366;781;01/04/2023;75;VRAI
9367;781;01/07/2023;64;FAUX
9368;781;01/10/2023;81;FAUX
9369;781;01/01/2024;92;VRAI
9370;781;01/04/2024;87;FAUX
9371;781;01/07/2024;90;VRAI
9372;781;01/10/2024;84;VRAI
9373;782;01/01/2022;77;VRAI
9374;782;01/04/2022;96;FAUX
9375;782;01/07/2022;58;FAUX
9376;782;01/10/2022;52;FAUX
9377;782;01/01/2023;93;FAUX
9378;782;01/04/2023;54;FAUX
9379;782;01/07/2023;77;VRAI
9380;782;01/10/2023;63;FAUX
9381;782;01/01/2024;72;VRAI
9382;782;01/04/2024;65;FAUX
9383;782;01/07/2024;89;FAUX
9384;782;01/10/2024;66;FAUX
9385;783;01/01/2022;66;VRAI
9386;783;01/04/2022;50;VRAI
9387;783;01/07/2022;73;FAUX
9388;783;01/10/2022;98;VRAI
9389;783;01/01/2023;51;VRAI
9390;783;01/04/2023;63;VRAI
9391;783;01/07/2023;82;VRAI
9392;783;01/10/2023;80;FAUX
9393;783;01/01/2024;55;VRAI
9394;783;01/04/2024;74;FAUX
9395;783;01/07/2024;86;FAUX
9396;783;01/10/2024;79;FAUX
9397;784;01/01/2022;67;FAUX
9398;784;01/04/2022;98;FAUX
9399;784;01/07/2022;76;FAUX
9400;784;01/10/2022;76;VRAI
9401;784;01/01/2023;88;VRAI
9402;784;01/04/2023;68;VRAI
9403;784;01/07/2023;72;VRAI
9404;784;01/10/2023;97;FAUX
9405;784;01/01/2024;96;VRAI
9406;784;01/04/2024;92;FAUX
9407;784;01/07/2024;84;VRAI
9408;784;01/10/2024;69;FAUX
9409;785;01/01/2022;64;FAUX
9410;785;01/04/2022;82;VRAI
9411;785;01/07/2022;61;VRAI
9412;785;01/10/2022;88;VRAI
9413;785;01/01/2023;69;VRAI
9414;785;01/04/2023;92;VRAI
9415;785;01/07/2023;52;FAUX
9416;785;01/10/2023;54;FAUX
9417;785;01/01/2024;51;VRAI
9418;785;01/04/2024;75;FAUX
9419;785;01/07/2024;56;FAUX
9420;785;01/10/2024;59;VRAI
9421;786;01/01/2022;96;FAUX
9422;786;01/04/2022;81;FAUX
9423;786;01/07/2022;80;FAUX
9424;786;01/10/2022;66;FAUX
9425;786;01/01/2023;69;VRAI
9426;786;01/04/2023;57;VRAI
9427;786;01/07/2023;83;VRAI
9428;786;01/10/2023;72;FAUX
9429;786;01/01/2024;77;VRAI
9430;786;01/04/2024;78;VRAI
9431;786;01/07/2024;57;VRAI
9432;786;01/10/2024;96;VRAI
9433;787;01/01/2022;67;FAUX
9434;787;01/04/2022;74;VRAI
9435;787;01/07/2022;71;VRAI
9436;787;01/10/2022;84;VRAI
9437;787;01/01/2023;78;VRAI
9438;787;01/04/2023;56;VRAI
9439;787;01/07/2023;61;FAUX
9440;787;01/10/2023;73;FAUX
9441;787;01/01/2024;76;FAUX
9442;787;01/04/2024;81;FAUX
9443;787;01/07/2024;75;VRAI
9444;787;01/10/2024;95;FAUX
9445;788;01/01/2022;88;VRAI
9446;788;01/04/2022;65;VRAI
9447;788;01/07/2022;84;FAUX
9448;788;01/10/2022;60;FAUX
9449;788;01/01/2023;72;VRAI
9450;788;01/04/2023;83;FAUX
9451;788;01/07/2023;66;FAUX
9452;788;01/10/2023;67;FAUX
9453;788;01/01/2024;57;VRAI
9454;788;01/04/2024;75;VRAI
9455;788;01/07/2024;73;VRAI
9456;788;01/10/2024;87;FAUX
9457;789;01/01/2022;84;VRAI
9458;789;01/04/2022;58;FAUX
9459;789;01/07/2022;71;VRAI
9460;789;01/10/2022;83;FAUX
9461;789;01/01/2023;58;FAUX
9462;789;01/04/2023;92;FAUX
9463;789;01/07/2023;70;FAUX
9464;789;01/10/2023;76;VRAI
9465;789;01/01/2024;56;FAUX
9466;789;01/04/2024;53;FAUX
9467;789;01/07/2024;83;VRAI
9468;789;01/10/2024;93;FAUX
9469;790;01/01/2022;74;VRAI
9470;790;01/04/2022;97;VRAI
9471;790;01/07/2022;81;FAUX
9472;790;01/10/2022;90;VRAI
9473;790;01/01/2023;70;VRAI
9474;790;01/04/2023;96;FAUX
9475;790;01/07/2023;56;FAUX
9476;790;01/10/2023;70;FAUX
9477;790;01/01/2024;89;FAUX
9478;790;01/04/2024;64;VRAI
9479;790;01/07/2024;66;FAUX
9480;790;01/10/2024;93;VRAI
9481;791;01/01/2022;88;FAUX
9482;791;01/04/2022;63;VRAI
9483;791;01/07/2022;54;FAUX
9484;791;01/10/2022;53;VRAI
9485;791;01/01/2023;64;VRAI
9486;791;01/04/2023;84;VRAI
9487;791;01/07/2023;59;VRAI
9488;791;01/10/2023;51;FAUX
9489;791;01/01/2024;73;FAUX
9490;791;01/04/2024;71;FAUX
9491;791;01/07/2024;81;VRAI
9492;791;01/10/2024;68;VRAI
9493;792;01/01/2022;70;VRAI
9494;792;01/04/2022;55;FAUX
9495;792;01/07/2022;51;FAUX
9496;792;01/10/2022;94;VRAI
9497;792;01/01/2023;76;VRAI
9498;792;01/04/2023;62;VRAI
9499;792;01/07/2023;63;VRAI
9500;792;01/10/2023;60;FAUX
9501;792;01/01/2024;65;FAUX
9502;792;01/04/2024;69;FAUX
9503;792;01/07/2024;83;VRAI
9504;792;01/10/2024;65;FAUX
9505;793;01/01/2022;77;FAUX
9506;793;01/04/2022;75;FAUX
9507;793;01/07/2022;56;VRAI
9508;793;01/10/2022;83;VRAI
9509;793;01/01/2023;98;VRAI
9510;793;01/04/2023;56;VRAI
9511;793;01/07/2023;84;FAUX
9512;793;01/10/2023;99;VRAI
9513;793;01/01/2024;70;VRAI
9514;793;01/04/2024;77;FAUX
9515;793;01/07/2024;93;FAUX
9516;793;01/10/2024;59;VRAI
9517;794;01/01/2022;97;FAUX
9518;794;01/04/2022;99;VRAI
9519;794;01/07/2022;92;FAUX
9520;794;01/10/2022;55;FAUX
9521;794;01/01/2023;82;FAUX
9522;794;01/04/2023;88;FAUX
9523;794;01/07/2023;85;VRAI
9524;794;01/10/2023;59;VRAI
9525;794;01/01/2024;83;VRAI
9526;794;01/04/2024;59;FAUX
9527;794;01/07/2024;60;VRAI
9528;794;01/10/2024;63;VRAI
9529;795;01/01/2022;82;VRAI
9530;795;01/04/2022;53;VRAI
9531;795;01/07/2022;97;FAUX
9532;795;01/10/2022;59;VRAI
9533;795;01/01/2023;65;FAUX
9534;795;01/04/2023;53;FAUX
9535;795;01/07/2023;85;VRAI
9536;795;01/10/2023;71;FAUX
9537;795;01/01/2024;66;VRAI
9538;795;01/04/2024;83;FAUX
9539;795;01/07/2024;55;FAUX
9540;795;01/10/2024;82;FAUX
9541;796;01/01/2022;99;VRAI
9542;796;01/04/2022;85;VRAI
9543;796;01/07/2022;54;VRAI
9544;796;01/10/2022;59;FAUX
9545;796;01/01/2023;56;FAUX
9546;796;01/04/2023;79;VRAI
9547;796;01/07/2023;77;VRAI
9548;796;01/10/2023;62;VRAI
9549;796;01/01/2024;98;FAUX
9550;796;01/04/2024;67;VRAI
9551;796;01/07/2024;57;FAUX
9552;796;01/10/2024;60;VRAI
9553;797;01/01/2022;90;FAUX
9554;797;01/04/2022;54;VRAI
9555;797;01/07/2022;71;VRAI
9556;797;01/10/2022;96;VRAI
9557;797;01/01/2023;53;FAUX
9558;797;01/04/2023;68;VRAI
9559;797;01/07/2023;82;VRAI
9560;797;01/10/2023;95;VRAI
9561;797;01/01/2024;93;FAUX
9562;797;01/04/2024;90;FAUX
9563;797;01/07/2024;81;FAUX
9564;797;01/10/2024;95;FAUX
9565;798;01/01/2022;90;FAUX
9566;798;01/04/2022;81;VRAI
9567;798;01/07/2022;83;VRAI
9568;798;01/10/2022;82;VRAI
9569;798;01/01/2023;74;FAUX
9570;798;01/04/2023;89;VRAI
9571;798;01/07/2023;93;VRAI
9572;798;01/10/2023;93;FAUX
9573;798;01/01/2024;59;VRAI
9574;798;01/04/2024;80;FAUX
9575;798;01/07/2024;60;VRAI
9576;798;01/10/2024;95;FAUX
9577;799;01/01/2022;94;FAUX
9578;799;01/04/2022;69;VRAI
9579;799;01/07/2022;82;FAUX
9580;799;01/10/2022;84;VRAI
9581;799;01/01/2023;78;FAUX
9582;799;01/04/2023;61;VRAI
9583;799;01/07/2023;61;VRAI
9584;799;01/10/2023;84;FAUX
9585;799;01/01/2024;86;FAUX
9586;799;01/04/2024;50;FAUX
9587;799;01/07/2024;79;VRAI
9588;799;01/10/2024;91;VRAI
9589;800;01/01/2022;59;VRAI
9590;800;01/04/2022;97;FAUX
9591;800;01/07/2022;69;VRAI
9592;800;01/10/2022;53;FAUX
9593;800;01/01/2023;98;FAUX
9594;800;01/04/2023;86;VRAI
9595;800;01/07/2023;52;VRAI
9596;800;01/10/2023;97;VRAI
9597;800;01/01/2024;77;VRAI
9598;800;01/04/2024;66;FAUX
9599;800;01/07/2024;67;VRAI
9600;800;01/10/2024;72;FAUX
9601;801;01/01/2022;99;VRAI
9602;801;01/04/2022;78;VRAI
9603;801;01/07/2022;91;VRAI
9604;801;01/10/2022;51;FAUX
9605;801;01/01/2023;66;VRAI
9606;801;01/04/2023;94;VRAI
9607;801;01/07/2023;77;VRAI
9608;801;01/10/2023;97;FAUX
9609;801;01/01/2024;88;FAUX
9610;801;01/04/2024;79;VRAI
9611;801;01/07/2024;97;VRAI
9612;801;01/10/2024;69;FAUX
9613;802;01/01/2022;83;FAUX
9614;802;01/04/2022;75;FAUX
9615;802;01/07/2022;91;VRAI
9616;802;01/10/2022;73;VRAI
9617;802;01/01/2023;67;FAUX
9618;802;01/04/2023;92;VRAI
9619;802;01/07/2023;68;FAUX
9620;802;01/10/2023;91;FAUX
9621;802;01/01/2024;75;VRAI
9622;802;01/04/2024;80;VRAI
9623;802;01/07/2024;52;FAUX
9624;802;01/10/2024;89;VRAI
9625;803;01/01/2022;78;FAUX
9626;803;01/04/2022;50;FAUX
9627;803;01/07/2022;73;FAUX
9628;803;01/10/2022;83;VRAI
9629;803;01/01/2023;56;VRAI
9630;803;01/04/2023;60;FAUX
9631;803;01/07/2023;69;VRAI
9632;803;01/10/2023;65;VRAI
9633;803;01/01/2024;54;FAUX
9634;803;01/04/2024;79;FAUX
9635;803;01/07/2024;88;VRAI
9636;803;01/10/2024;97;VRAI
9637;804;01/01/2022;86;VRAI
9638;804;01/04/2022;69;FAUX
9639;804;01/07/2022;71;VRAI
9640;804;01/10/2022;70;VRAI
9641;804;01/01/2023;76;FAUX
9642;804;01/04/2023;84;FAUX
9643;804;01/07/2023;89;FAUX
9644;804;01/10/2023;55;FAUX
9645;804;01/01/2024;65;FAUX
9646;804;01/04/2024;65;VRAI
9647;804;01/07/2024;52;VRAI
9648;804;01/10/2024;70;FAUX
9649;805;01/01/2022;87;FAUX
9650;805;01/04/2022;71;VRAI
9651;805;01/07/2022;80;FAUX
9652;805;01/10/2022;96;VRAI
9653;805;01/01/2023;51;FAUX
9654;805;01/04/2023;88;VRAI
9655;805;01/07/2023;57;VRAI
9656;805;01/10/2023;76;VRAI
9657;805;01/01/2024;61;VRAI
9658;805;01/04/2024;63;VRAI
9659;805;01/07/2024;66;FAUX
9660;805;01/10/2024;86;FAUX
9661;806;01/01/2022;59;VRAI
9662;806;01/04/2022;67;FAUX
9663;806;01/07/2022;79;VRAI
9664;806;01/10/2022;73;FAUX
9665;806;01/01/2023;51;FAUX
9666;806;01/04/2023;81;VRAI
9667;806;01/07/2023;86;VRAI
9668;806;01/10/2023;56;VRAI
9669;806;01/01/2024;59;VRAI
9670;806;01/04/2024;92;VRAI
9671;806;01/07/2024;56;FAUX
9672;806;01/10/2024;55;VRAI
9673;807;01/01/2022;97;VRAI
9674;807;01/04/2022;51;VRAI
9675;807;01/07/2022;68;FAUX
9676;807;01/10/2022;87;FAUX
9677;807;01/01/2023;75;FAUX
9678;807;01/04/2023;69;VRAI
9679;807;01/07/2023;64;FAUX
9680;807;01/10/2023;77;VRAI
9681;807;01/01/2024;60;FAUX
9682;807;01/04/2024;99;VRAI
9683;807;01/07/2024;73;FAUX
9684;807;01/10/2024;70;VRAI
9685;808;01/01/2022;85;VRAI
9686;808;01/04/2022;54;FAUX
9687;808;01/07/2022;78;FAUX
9688;808;01/10/2022;55;FAUX
9689;808;01/01/2023;51;VRAI
9690;808;01/04/2023;80;FAUX
9691;808;01/07/2023;99;VRAI
9692;808;01/10/2023;67;VRAI
9693;808;01/01/2024;94;FAUX
9694;808;01/04/2024;61;VRAI
9695;808;01/07/2024;71;VRAI
9696;808;01/10/2024;50;FAUX
9697;809;01/01/2022;86;VRAI
9698;809;01/04/2022;50;FAUX
9699;809;01/07/2022;81;FAUX
9700;809;01/10/2022;50;VRAI
9701;809;01/01/2023;95;VRAI
9702;809;01/04/2023;66;FAUX
9703;809;01/07/2023;56;VRAI
9704;809;01/10/2023;52;FAUX
9705;809;01/01/2024;75;VRAI
9706;809;01/04/2024;85;FAUX
9707;809;01/07/2024;75;VRAI
9708;809;01/10/2024;93;VRAI
9709;810;01/01/2022;77;FAUX
9710;810;01/04/2022;66;FAUX
9711;810;01/07/2022;96;FAUX
9712;810;01/10/2022;51;FAUX
9713;810;01/01/2023;63;VRAI
9714;810;01/04/2023;84;FAUX
9715;810;01/07/2023;88;FAUX
9716;810;01/10/2023;60;VRAI
9717;810;01/01/2024;64;FAUX
9718;810;01/04/2024;86;VRAI
9719;810;01/07/2024;81;FAUX
9720;810;01/10/2024;62;VRAI
9721;811;01/01/2022;66;VRAI
9722;811;01/04/2022;82;VRAI
9723;811;01/07/2022;65;VRAI
9724;811;01/10/2022;62;VRAI
9725;811;01/01/2023;71;VRAI
9726;811;01/04/2023;85;VRAI
9727;811;01/07/2023;99;FAUX
9728;811;01/10/2023;59;VRAI
9729;811;01/01/2024;79;VRAI
9730;811;01/04/2024;79;VRAI
9731;811;01/07/2024;95;FAUX
9732;811;01/10/2024;56;FAUX
9733;812;01/01/2022;84;FAUX
9734;812;01/04/2022;79;VRAI
9735;812;01/07/2022;88;VRAI
9736;812;01/10/2022;52;VRAI
9737;812;01/01/2023;83;VRAI
9738;812;01/04/2023;71;FAUX
9739;812;01/07/2023;63;FAUX
9740;812;01/10/2023;88;FAUX
9741;812;01/01/2024;51;FAUX
9742;812;01/04/2024;92;VRAI
9743;812;01/07/2024;52;VRAI
9744;812;01/10/2024;57;FAUX
9745;813;01/01/2022;81;VRAI
9746;813;01/04/2022;99;VRAI
9747;813;01/07/2022;50;VRAI
9748;813;01/10/2022;53;FAUX
9749;813;01/01/2023;77;FAUX
9750;813;01/04/2023;60;FAUX
9751;813;01/07/2023;72;VRAI
9752;813;01/10/2023;96;VRAI
9753;813;01/01/2024;88;VRAI
9754;813;01/04/2024;66;FAUX
9755;813;01/07/2024;76;FAUX
9756;813;01/10/2024;65;FAUX
9757;814;01/01/2022;89;VRAI
9758;814;01/04/2022;96;VRAI
9759;814;01/07/2022;91;FAUX
9760;814;01/10/2022;88;VRAI
9761;814;01/01/2023;95;FAUX
9762;814;01/04/2023;76;FAUX
9763;814;01/07/2023;64;VRAI
9764;814;01/10/2023;94;VRAI
9765;814;01/01/2024;91;VRAI
9766;814;01/04/2024;90;FAUX
9767;814;01/07/2024;61;FAUX
9768;814;01/10/2024;69;FAUX
9769;815;01/01/2022;69;FAUX
9770;815;01/04/2022;95;VRAI
9771;815;01/07/2022;69;VRAI
9772;815;01/10/2022;56;FAUX
9773;815;01/01/2023;89;FAUX
9774;815;01/04/2023;57;FAUX
9775;815;01/07/2023;63;FAUX
9776;815;01/10/2023;99;FAUX
9777;815;01/01/2024;67;FAUX
9778;815;01/04/2024;54;FAUX
9779;815;01/07/2024;80;VRAI
9780;815;01/10/2024;69;VRAI
9781;816;01/01/2022;81;FAUX
9782;816;01/04/2022;66;FAUX
9783;816;01/07/2022;62;VRAI
9784;816;01/10/2022;99;VRAI
9785;816;01/01/2023;66;FAUX
9786;816;01/04/2023;64;FAUX
9787;816;01/07/2023;93;FAUX
9788;816;01/10/2023;91;VRAI
9789;816;01/01/2024;79;VRAI
9790;816;01/04/2024;84;FAUX
9791;816;01/07/2024;59;VRAI
9792;816;01/10/2024;87;VRAI
9793;817;01/01/2022;55;FAUX
9794;817;01/04/2022;86;VRAI
9795;817;01/07/2022;93;FAUX
9796;817;01/10/2022;56;FAUX
9797;817;01/01/2023;50;FAUX
9798;817;01/04/2023;72;VRAI
9799;817;01/07/2023;67;FAUX
9800;817;01/10/2023;56;VRAI
9801;817;01/01/2024;52;VRAI
9802;817;01/04/2024;59;VRAI
9803;817;01/07/2024;92;VRAI
9804;817;01/10/2024;83;FAUX
9805;818;01/01/2022;63;FAUX
9806;818;01/04/2022;55;VRAI
9807;818;01/07/2022;82;FAUX
9808;818;01/10/2022;60;FAUX
9809;818;01/01/2023;73;FAUX
9810;818;01/04/2023;93;FAUX
9811;818;01/07/2023;72;FAUX
9812;818;01/10/2023;86;FAUX
9813;818;01/01/2024;93;VRAI
9814;818;01/04/2024;55;FAUX
9815;818;01/07/2024;86;VRAI
9816;818;01/10/2024;91;VRAI
9817;819;01/01/2022;95;VRAI
9818;819;01/04/2022;70;VRAI
9819;819;01/07/2022;87;VRAI
9820;819;01/10/2022;98;FAUX
9821;819;01/01/2023;61;VRAI
9822;819;01/04/2023;58;FAUX
9823;819;01/07/2023;58;VRAI
9824;819;01/10/2023;50;FAUX
9825;819;01/01/2024;96;FAUX
9826;819;01/04/2024;95;VRAI
9827;819;01/07/2024;85;FAUX
9828;819;01/10/2024;86;FAUX
9829;820;01/01/2022;97;VRAI
9830;820;01/04/2022;66;VRAI
9831;820;01/07/2022;55;FAUX
9832;820;01/10/2022;86;FAUX
9833;820;01/01/2023;97;FAUX
9834;820;01/04/2023;60;VRAI
9835;820;01/07/2023;54;FAUX
9836;820;01/10/2023;59;VRAI
9837;820;01/01/2024;82;FAUX
9838;820;01/04/2024;70;FAUX
9839;820;01/07/2024;66;VRAI
9840;820;01/10/2024;52;FAUX
9841;821;01/01/2022;78;FAUX
9842;821;01/04/2022;78;VRAI
9843;821;01/07/2022;85;FAUX
9844;821;01/10/2022;86;FAUX
9845;821;01/01/2023;50;FAUX
9846;821;01/04/2023;75;VRAI
9847;821;01/07/2023;53;VRAI
9848;821;01/10/2023;63;FAUX
9849;821;01/01/2024;67;FAUX
9850;821;01/04/2024;50;VRAI
9851;821;01/07/2024;71;FAUX
9852;821;01/10/2024;71;FAUX
9853;822;01/01/2022;65;FAUX
9854;822;01/04/2022;77;VRAI
9855;822;01/07/2022;71;FAUX
9856;822;01/10/2022;55;VRAI
9857;822;01/01/2023;91;FAUX
9858;822;01/04/2023;56;VRAI
9859;822;01/07/2023;66;VRAI
9860;822;01/10/2023;69;FAUX
9861;822;01/01/2024;51;VRAI
9862;822;01/04/2024;81;VRAI
9863;822;01/07/2024;68;FAUX
9864;822;01/10/2024;58;VRAI
9865;823;01/01/2022;63;FAUX
9866;823;01/04/2022;70;FAUX
9867;823;01/07/2022;70;FAUX
9868;823;01/10/2022;71;VRAI
9869;823;01/01/2023;51;VRAI
9870;823;01/04/2023;68;FAUX
9871;823;01/07/2023;73;FAUX
9872;823;01/10/2023;87;FAUX
9873;823;01/01/2024;74;FAUX
9874;823;01/04/2024;72;FAUX
9875;823;01/07/2024;83;FAUX
9876;823;01/10/2024;73;FAUX
9877;824;01/01/2022;74;VRAI
9878;824;01/04/2022;52;VRAI
9879;824;01/07/2022;77;FAUX
9880;824;01/10/2022;75;FAUX
9881;824;01/01/2023;93;FAUX
9882;824;01/04/2023;54;VRAI
9883;824;01/07/2023;91;VRAI
9884;824;01/10/2023;76;VRAI
9885;824;01/01/2024;90;FAUX
9886;824;01/04/2024;87;VRAI
9887;824;01/07/2024;97;VRAI
9888;824;01/10/2024;81;FAUX
9889;825;01/01/2022;77;FAUX
9890;825;01/04/2022;67;FAUX
9891;825;01/07/2022;81;FAUX
9892;825;01/10/2022;61;VRAI
9893;825;01/01/2023;57;VRAI
9894;825;01/04/2023;95;VRAI
9895;825;01/07/2023;87;FAUX
9896;825;01/10/2023;51;VRAI
9897;825;01/01/2024;93;VRAI
9898;825;01/04/2024;83;VRAI
9899;825;01/07/2024;56;VRAI
9900;825;01/10/2024;91;VRAI
9901;826;01/01/2022;75;FAUX
9902;826;01/04/2022;76;VRAI
9903;826;01/07/2022;77;FAUX
9904;826;01/10/2022;55;FAUX
9905;826;01/01/2023;81;VRAI
9906;826;01/04/2023;81;FAUX
9907;826;01/07/2023;68;FAUX
9908;826;01/10/2023;73;FAUX
9909;826;01/01/2024;66;FAUX
9910;826;01/04/2024;67;FAUX
9911;826;01/07/2024;90;VRAI
9912;826;01/10/2024;97;FAUX
9913;827;01/01/2022;65;FAUX
9914;827;01/04/2022;85;VRAI
9915;827;01/07/2022;71;VRAI
9916;827;01/10/2022;82;FAUX
9917;827;01/01/2023;69;VRAI
9918;827;01/04/2023;80;FAUX
9919;827;01/07/2023;57;FAUX
9920;827;01/10/2023;50;VRAI
9921;827;01/01/2024;74;FAUX
9922;827;01/04/2024;95;FAUX
9923;827;01/07/2024;59;FAUX
9924;827;01/10/2024;97;VRAI
9925;828;01/01/2022;69;FAUX
9926;828;01/04/2022;69;VRAI
9927;828;01/07/2022;89;VRAI
9928;828;01/10/2022;60;VRAI
9929;828;01/01/2023;87;VRAI
9930;828;01/04/2023;68;FAUX
9931;828;01/07/2023;64;FAUX
9932;828;01/10/2023;59;FAUX
9933;828;01/01/2024;95;FAUX
9934;828;01/04/2024;94;VRAI
9935;828;01/07/2024;84;FAUX
9936;828;01/10/2024;77;VRAI
9937;829;01/01/2022;51;VRAI
9938;829;01/04/2022;63;FAUX
9939;829;01/07/2022;78;VRAI
9940;829;01/10/2022;96;VRAI
9941;829;01/01/2023;50;VRAI
9942;829;01/04/2023;69;FAUX
9943;829;01/07/2023;83;FAUX
9944;829;01/10/2023;82;VRAI
9945;829;01/01/2024;52;FAUX
9946;829;01/04/2024;53;FAUX
9947;829;01/07/2024;82;VRAI
9948;829;01/10/2024;89;FAUX
9949;830;01/01/2022;67;FAUX
9950;830;01/04/2022;57;VRAI
9951;830;01/07/2022;85;VRAI
9952;830;01/10/2022;64;FAUX
9953;830;01/01/2023;82;FAUX
9954;830;01/04/2023;72;VRAI
9955;830;01/07/2023;52;FAUX
9956;830;01/10/2023;94;FAUX
9957;830;01/01/2024;66;FAUX
9958;830;01/04/2024;81;FAUX
9959;830;01/07/2024;56;VRAI
9960;830;01/10/2024;63;FAUX
9961;831;01/01/2022;64;FAUX
9962;831;01/04/2022;61;FAUX
9963;831;01/07/2022;65;VRAI
9964;831;01/10/2022;83;FAUX
9965;831;01/01/2023;73;FAUX
9966;831;01/04/2023;78;FAUX
9967;831;01/07/2023;54;VRAI
9968;831;01/10/2023;79;VRAI
9969;831;01/01/2024;99;FAUX
9970;831;01/04/2024;54;VRAI
9971;831;01/07/2024;62;VRAI
9972;831;01/10/2024;98;VRAI
9973;832;01/01/2022;99;FAUX
9974;832;01/04/2022;93;FAUX
9975;832;01/07/2022;75;FAUX
9976;832;01/10/2022;69;FAUX
9977;832;01/01/2023;56;VRAI
9978;832;01/04/2023;59;VRAI
9979;832;01/07/2023;66;VRAI
9980;832;01/10/2023;83;VRAI
9981;832;01/01/2024;70;VRAI
9982;832;01/04/2024;99;VRAI
9983;832;01/07/2024;53;VRAI
9984;832;01/10/2024;98;VRAI
9985;833;01/01/2022;98;FAUX
9986;833;01/04/2022;97;FAUX
9987;833;01/07/2022;74;FAUX
9988;833;01/10/2022;72;VRAI
9989;833;01/01/2023;82;VRAI
9990;833;01/04/2023;64;VRAI
9991;833;01/07/2023;54;FAUX
9992;833;01/10/2023;94;FAUX
9993;833;01/01/2024;81;FAUX
9994;833;01/04/2024;92;FAUX
9995;833;01/07/2024;62;FAUX
9996;833;01/10/2024;75;FAUX
9997;834;01/01/2022;66;VRAI
9998;834;01/04/2022;98;VRAI
9999;834;01/07/2022;76;VRAI
10000;834;01/10/2022;86;VRAI
10001;834;01/01/2023;97;FAUX
10002;834;01/04/2023;80;FAUX
10003;834;01/07/2023;51;VRAI
10004;834;01/10/2023;62;FAUX
10005;834;01/01/2024;60;FAUX
10006;834;01/04/2024;70;FAUX
10007;834;01/07/2024;89;FAUX
10008;834;01/10/2024;69;VRAI
10009;835;01/01/2022;65;VRAI
10010;835;01/04/2022;91;VRAI
10011;835;01/07/2022;63;FAUX
10012;835;01/10/2022;53;FAUX
10013;835;01/01/2023;97;FAUX
10014;835;01/04/2023;96;FAUX
10015;835;01/07/2023;58;VRAI
10016;835;01/10/2023;58;FAUX
10017;835;01/01/2024;85;VRAI
10018;835;01/04/2024;73;FAUX
10019;835;01/07/2024;58;VRAI
10020;835;01/10/2024;50;FAUX
10021;836;01/01/2022;84;FAUX
10022;836;01/04/2022;61;FAUX
10023;836;01/07/2022;63;FAUX
10024;836;01/10/2022;59;FAUX
10025;836;01/01/2023;73;VRAI
10026;836;01/04/2023;79;VRAI
10027;836;01/07/2023;57;FAUX
10028;836;01/10/2023;84;FAUX
10029;836;01/01/2024;90;FAUX
10030;836;01/04/2024;70;VRAI
10031;836;01/07/2024;54;VRAI
10032;836;01/10/2024;56;FAUX
10033;837;01/01/2022;56;VRAI
10034;837;01/04/2022;74;FAUX
10035;837;01/07/2022;97;VRAI
10036;837;01/10/2022;66;VRAI
10037;837;01/01/2023;93;VRAI
10038;837;01/04/2023;75;VRAI
10039;837;01/07/2023;54;VRAI
10040;837;01/10/2023;82;FAUX
10041;837;01/01/2024;77;FAUX
10042;837;01/04/2024;53;FAUX
10043;837;01/07/2024;86;FAUX
10044;837;01/10/2024;85;FAUX
10045;838;01/01/2022;84;VRAI
10046;838;01/04/2022;57;VRAI
10047;838;01/07/2022;67;FAUX
10048;838;01/10/2022;61;VRAI
10049;838;01/01/2023;82;VRAI
10050;838;01/04/2023;61;VRAI
10051;838;01/07/2023;62;VRAI
10052;838;01/10/2023;76;VRAI
10053;838;01/01/2024;89;VRAI
10054;838;01/04/2024;98;VRAI
10055;838;01/07/2024;94;FAUX
10056;838;01/10/2024;66;VRAI
10057;839;01/01/2022;52;VRAI
10058;839;01/04/2022;71;FAUX
10059;839;01/07/2022;63;VRAI
10060;839;01/10/2022;91;FAUX
10061;839;01/01/2023;97;FAUX
10062;839;01/04/2023;62;FAUX
10063;839;01/07/2023;55;FAUX
10064;839;01/10/2023;86;VRAI
10065;839;01/01/2024;55;VRAI
10066;839;01/04/2024;60;FAUX
10067;839;01/07/2024;74;FAUX
10068;839;01/10/2024;93;FAUX
10069;840;01/01/2022;69;FAUX
10070;840;01/04/2022;86;FAUX
10071;840;01/07/2022;80;VRAI
10072;840;01/10/2022;55;VRAI
10073;840;01/01/2023;81;VRAI
10074;840;01/04/2023;86;VRAI
10075;840;01/07/2023;72;FAUX
10076;840;01/10/2023;67;VRAI
10077;840;01/01/2024;93;FAUX
10078;840;01/04/2024;59;FAUX
10079;840;01/07/2024;95;FAUX
10080;840;01/10/2024;68;FAUX
10081;841;01/01/2022;86;VRAI
10082;841;01/04/2022;97;FAUX
10083;841;01/07/2022;94;VRAI
10084;841;01/10/2022;83;FAUX
10085;841;01/01/2023;93;VRAI
10086;841;01/04/2023;68;FAUX
10087;841;01/07/2023;76;FAUX
10088;841;01/10/2023;79;VRAI
10089;841;01/01/2024;76;VRAI
10090;841;01/04/2024;56;FAUX
10091;841;01/07/2024;74;FAUX
10092;841;01/10/2024;87;FAUX
10093;842;01/01/2022;82;VRAI
10094;842;01/04/2022;81;FAUX
10095;842;01/07/2022;74;FAUX
10096;842;01/10/2022;87;FAUX
10097;842;01/01/2023;53;FAUX
10098;842;01/04/2023;67;FAUX
10099;842;01/07/2023;84;VRAI
10100;842;01/10/2023;89;FAUX
10101;842;01/01/2024;72;VRAI
10102;842;01/04/2024;50;FAUX
10103;842;01/07/2024;64;VRAI
10104;842;01/10/2024;81;VRAI
10105;843;01/01/2022;69;VRAI
10106;843;01/04/2022;60;VRAI
10107;843;01/07/2022;74;FAUX
10108;843;01/10/2022;74;FAUX
10109;843;01/01/2023;94;VRAI
10110;843;01/04/2023;80;VRAI
10111;843;01/07/2023;50;FAUX
10112;843;01/10/2023;65;FAUX
10113;843;01/01/2024;77;VRAI
10114;843;01/04/2024;79;VRAI
10115;843;01/07/2024;52;FAUX
10116;843;01/10/2024;55;VRAI
10117;844;01/01/2022;78;VRAI
10118;844;01/04/2022;82;VRAI
10119;844;01/07/2022;94;VRAI
10120;844;01/10/2022;99;FAUX
10121;844;01/01/2023;96;FAUX
10122;844;01/04/2023;96;FAUX
10123;844;01/07/2023;88;VRAI
10124;844;01/10/2023;89;FAUX
10125;844;01/01/2024;62;FAUX
10126;844;01/04/2024;65;VRAI
10127;844;01/07/2024;59;VRAI
10128;844;01/10/2024;95;VRAI
10129;845;01/01/2022;87;FAUX
10130;845;01/04/2022;75;FAUX
10131;845;01/07/2022;88;FAUX
10132;845;01/10/2022;98;VRAI
10133;845;01/01/2023;73;VRAI
10134;845;01/04/2023;89;FAUX
10135;845;01/07/2023;85;FAUX
10136;845;01/10/2023;55;VRAI
10137;845;01/01/2024;80;VRAI
10138;845;01/04/2024;57;VRAI
10139;845;01/07/2024;89;VRAI
10140;845;01/10/2024;70;VRAI
10141;846;01/01/2022;94;FAUX
10142;846;01/04/2022;99;VRAI
10143;846;01/07/2022;56;VRAI
10144;846;01/10/2022;64;VRAI
10145;846;01/01/2023;52;FAUX
10146;846;01/04/2023;63;FAUX
10147;846;01/07/2023;53;FAUX
10148;846;01/10/2023;52;VRAI
10149;846;01/01/2024;74;VRAI
10150;846;01/04/2024;60;FAUX
10151;846;01/07/2024;75;FAUX
10152;846;01/10/2024;77;FAUX
10153;847;01/01/2022;59;FAUX
10154;847;01/04/2022;88;VRAI
10155;847;01/07/2022;88;VRAI
10156;847;01/10/2022;77;FAUX
10157;847;01/01/2023;82;VRAI
10158;847;01/04/2023;60;VRAI
10159;847;01/07/2023;93;VRAI
10160;847;01/10/2023;96;VRAI
10161;847;01/01/2024;52;FAUX
10162;847;01/04/2024;64;VRAI
10163;847;01/07/2024;63;VRAI
10164;847;01/10/2024;72;FAUX
10165;848;01/01/2022;57;FAUX
10166;848;01/04/2022;85;FAUX
10167;848;01/07/2022;55;VRAI
10168;848;01/10/2022;77;FAUX
10169;848;01/01/2023;87;FAUX
10170;848;01/04/2023;95;VRAI
10171;848;01/07/2023;66;VRAI
10172;848;01/10/2023;77;FAUX
10173;848;01/01/2024;56;FAUX
10174;848;01/04/2024;77;VRAI
10175;848;01/07/2024;89;FAUX
10176;848;01/10/2024;97;FAUX
10177;849;01/01/2022;93;FAUX
10178;849;01/04/2022;54;VRAI
10179;849;01/07/2022;63;FAUX
10180;849;01/10/2022;56;VRAI
10181;849;01/01/2023;66;VRAI
10182;849;01/04/2023;58;VRAI
10183;849;01/07/2023;71;VRAI
10184;849;01/10/2023;58;VRAI
10185;849;01/01/2024;65;FAUX
10186;849;01/04/2024;83;VRAI
10187;849;01/07/2024;62;VRAI
10188;849;01/10/2024;61;FAUX
10189;850;01/01/2022;59;FAUX
10190;850;01/04/2022;77;FAUX
10191;850;01/07/2022;68;FAUX
10192;850;01/10/2022;55;FAUX
10193;850;01/01/2023;79;VRAI
10194;850;01/04/2023;80;FAUX
10195;850;01/07/2023;76;VRAI
10196;850;01/10/2023;70;VRAI
10197;850;01/01/2024;58;VRAI
10198;850;01/04/2024;84;FAUX
10199;850;01/07/2024;96;FAUX
10200;850;01/10/2024;70;VRAI
10201;851;01/01/2022;73;VRAI
10202;851;01/04/2022;55;VRAI
10203;851;01/07/2022;84;FAUX
10204;851;01/10/2022;86;VRAI
10205;851;01/01/2023;74;FAUX
10206;851;01/04/2023;50;VRAI
10207;851;01/07/2023;84;FAUX
10208;851;01/10/2023;68;VRAI
10209;851;01/01/2024;61;FAUX
10210;851;01/04/2024;89;VRAI
10211;851;01/07/2024;92;FAUX
10212;851;01/10/2024;82;VRAI
10213;852;01/01/2022;65;FAUX
10214;852;01/04/2022;63;VRAI
10215;852;01/07/2022;55;VRAI
10216;852;01/10/2022;85;FAUX
10217;852;01/01/2023;89;FAUX
10218;852;01/04/2023;68;VRAI
10219;852;01/07/2023;52;FAUX
10220;852;01/10/2023;94;VRAI
10221;852;01/01/2024;83;VRAI
10222;852;01/04/2024;97;FAUX
10223;852;01/07/2024;96;VRAI
10224;852;01/10/2024;91;FAUX
10225;853;01/01/2022;55;VRAI
10226;853;01/04/2022;95;FAUX
10227;853;01/07/2022;91;VRAI
10228;853;01/10/2022;89;FAUX
10229;853;01/01/2023;97;FAUX
10230;853;01/04/2023;59;VRAI
10231;853;01/07/2023;82;FAUX
10232;853;01/10/2023;61;FAUX
10233;853;01/01/2024;81;VRAI
10234;853;01/04/2024;73;FAUX
10235;853;01/07/2024;54;VRAI
10236;853;01/10/2024;54;VRAI
10237;854;01/01/2022;81;VRAI
10238;854;01/04/2022;98;VRAI
10239;854;01/07/2022;95;FAUX
10240;854;01/10/2022;79;VRAI
10241;854;01/01/2023;66;VRAI
10242;854;01/04/2023;62;FAUX
10243;854;01/07/2023;97;FAUX
10244;854;01/10/2023;67;VRAI
10245;854;01/01/2024;84;VRAI
10246;854;01/04/2024;82;VRAI
10247;854;01/07/2024;85;VRAI
10248;854;01/10/2024;88;FAUX
10249;855;01/01/2022;61;VRAI
10250;855;01/04/2022;97;FAUX
10251;855;01/07/2022;76;FAUX
10252;855;01/10/2022;89;VRAI
10253;855;01/01/2023;75;FAUX
10254;855;01/04/2023;81;VRAI
10255;855;01/07/2023;87;FAUX
10256;855;01/10/2023;71;VRAI
10257;855;01/01/2024;96;FAUX
10258;855;01/04/2024;62;FAUX
10259;855;01/07/2024;67;VRAI
10260;855;01/10/2024;67;FAUX
10261;856;01/01/2022;51;FAUX
10262;856;01/04/2022;51;VRAI
10263;856;01/07/2022;78;FAUX
10264;856;01/10/2022;57;VRAI
10265;856;01/01/2023;61;FAUX
10266;856;01/04/2023;53;VRAI
10267;856;01/07/2023;73;VRAI
10268;856;01/10/2023;65;VRAI
10269;856;01/01/2024;96;FAUX
10270;856;01/04/2024;71;VRAI
10271;856;01/07/2024;59;VRAI
10272;856;01/10/2024;85;FAUX
10273;857;01/01/2022;95;FAUX
10274;857;01/04/2022;63;VRAI
10275;857;01/07/2022;95;FAUX
10276;857;01/10/2022;99;VRAI
10277;857;01/01/2023;72;FAUX
10278;857;01/04/2023;75;VRAI
10279;857;01/07/2023;76;VRAI
10280;857;01/10/2023;61;VRAI
10281;857;01/01/2024;68;FAUX
10282;857;01/04/2024;83;FAUX
10283;857;01/07/2024;78;VRAI
10284;857;01/10/2024;70;VRAI
10285;858;01/01/2022;91;VRAI
10286;858;01/04/2022;61;VRAI
10287;858;01/07/2022;56;VRAI
10288;858;01/10/2022;51;VRAI
10289;858;01/01/2023;59;FAUX
10290;858;01/04/2023;93;FAUX
10291;858;01/07/2023;76;VRAI
10292;858;01/10/2023;59;VRAI
10293;858;01/01/2024;58;FAUX
10294;858;01/04/2024;86;VRAI
10295;858;01/07/2024;86;FAUX
10296;858;01/10/2024;57;FAUX
10297;859;01/01/2022;80;VRAI
10298;859;01/04/2022;98;FAUX
10299;859;01/07/2022;92;FAUX
10300;859;01/10/2022;65;FAUX
10301;859;01/01/2023;55;FAUX
10302;859;01/04/2023;77;VRAI
10303;859;01/07/2023;91;VRAI
10304;859;01/10/2023;79;VRAI
10305;859;01/01/2024;77;FAUX
10306;859;01/04/2024;77;FAUX
10307;859;01/07/2024;64;VRAI
10308;859;01/10/2024;99;VRAI
10309;860;01/01/2022;96;FAUX
10310;860;01/04/2022;71;VRAI
10311;860;01/07/2022;83;FAUX
10312;860;01/10/2022;96;FAUX
10313;860;01/01/2023;94;FAUX
10314;860;01/04/2023;60;FAUX
10315;860;01/07/2023;83;VRAI
10316;860;01/10/2023;62;FAUX
10317;860;01/01/2024;74;FAUX
10318;860;01/04/2024;70;VRAI
10319;860;01/07/2024;54;VRAI
10320;860;01/10/2024;71;VRAI
10321;861;01/01/2022;62;VRAI
10322;861;01/04/2022;72;VRAI
10323;861;01/07/2022;55;FAUX
10324;861;01/10/2022;61;FAUX
10325;861;01/01/2023;58;FAUX
10326;861;01/04/2023;77;VRAI
10327;861;01/07/2023;81;VRAI
10328;861;01/10/2023;73;FAUX
10329;861;01/01/2024;64;VRAI
10330;861;01/04/2024;84;VRAI
10331;861;01/07/2024;74;VRAI
10332;861;01/10/2024;84;VRAI
10333;862;01/01/2022;90;VRAI
10334;862;01/04/2022;66;VRAI
10335;862;01/07/2022;99;VRAI
10336;862;01/10/2022;96;VRAI
10337;862;01/01/2023;59;FAUX
10338;862;01/04/2023;91;VRAI
10339;862;01/07/2023;75;FAUX
10340;862;01/10/2023;68;FAUX
10341;862;01/01/2024;57;VRAI
10342;862;01/04/2024;50;FAUX
10343;862;01/07/2024;74;FAUX
10344;862;01/10/2024;96;FAUX
10345;863;01/01/2022;79;VRAI
10346;863;01/04/2022;52;FAUX
10347;863;01/07/2022;66;VRAI
10348;863;01/10/2022;91;VRAI
10349;863;01/01/2023;60;FAUX
10350;863;01/04/2023;53;VRAI
10351;863;01/07/2023;68;VRAI
10352;863;01/10/2023;95;VRAI
10353;863;01/01/2024;72;VRAI
10354;863;01/04/2024;62;VRAI
10355;863;01/07/2024;50;FAUX
10356;863;01/10/2024;67;FAUX
10357;864;01/01/2022;94;VRAI
10358;864;01/04/2022;85;FAUX
10359;864;01/07/2022;53;FAUX
10360;864;01/10/2022;53;VRAI
10361;864;01/01/2023;58;VRAI
10362;864;01/04/2023;70;VRAI
10363;864;01/07/2023;51;VRAI
10364;864;01/10/2023;72;FAUX
10365;864;01/01/2024;96;VRAI
10366;864;01/04/2024;85;FAUX
10367;864;01/07/2024;82;VRAI
10368;864;01/10/2024;85;FAUX
10369;865;01/01/2022;72;VRAI
10370;865;01/04/2022;90;FAUX
10371;865;01/07/2022;77;VRAI
10372;865;01/10/2022;77;VRAI
10373;865;01/01/2023;59;VRAI
10374;865;01/04/2023;64;FAUX
10375;865;01/07/2023;66;VRAI
10376;865;01/10/2023;84;VRAI
10377;865;01/01/2024;65;VRAI
10378;865;01/04/2024;88;FAUX
10379;865;01/07/2024;58;VRAI
10380;865;01/10/2024;84;VRAI
10381;866;01/01/2022;89;FAUX
10382;866;01/04/2022;73;FAUX
10383;866;01/07/2022;99;FAUX
10384;866;01/10/2022;68;VRAI
10385;866;01/01/2023;74;FAUX
10386;866;01/04/2023;80;VRAI
10387;866;01/07/2023;87;VRAI
10388;866;01/10/2023;76;FAUX
10389;866;01/01/2024;60;VRAI
10390;866;01/04/2024;93;VRAI
10391;866;01/07/2024;68;VRAI
10392;866;01/10/2024;96;VRAI
10393;867;01/01/2022;65;VRAI
10394;867;01/04/2022;60;VRAI
10395;867;01/07/2022;59;FAUX
10396;867;01/10/2022;54;VRAI
10397;867;01/01/2023;74;VRAI
10398;867;01/04/2023;89;VRAI
10399;867;01/07/2023;96;FAUX
10400;867;01/10/2023;83;FAUX
10401;867;01/01/2024;73;FAUX
10402;867;01/04/2024;70;VRAI
10403;867;01/07/2024;78;VRAI
10404;867;01/10/2024;72;VRAI
10405;868;01/01/2022;57;FAUX
10406;868;01/04/2022;62;VRAI
10407;868;01/07/2022;90;FAUX
10408;868;01/10/2022;63;FAUX
10409;868;01/01/2023;60;FAUX
10410;868;01/04/2023;52;VRAI
10411;868;01/07/2023;97;FAUX
10412;868;01/10/2023;79;VRAI
10413;868;01/01/2024;86;FAUX
10414;868;01/04/2024;56;VRAI
10415;868;01/07/2024;69;FAUX
10416;868;01/10/2024;60;FAUX
10417;869;01/01/2022;74;VRAI
10418;869;01/04/2022;73;FAUX
10419;869;01/07/2022;76;VRAI
10420;869;01/10/2022;78;VRAI
10421;869;01/01/2023;60;VRAI
10422;869;01/04/2023;68;FAUX
10423;869;01/07/2023;88;VRAI
10424;869;01/10/2023;75;FAUX
10425;869;01/01/2024;55;VRAI
10426;869;01/04/2024;63;FAUX
10427;869;01/07/2024;85;FAUX
10428;869;01/10/2024;89;VRAI
10429;870;01/01/2022;51;VRAI
10430;870;01/04/2022;92;FAUX
10431;870;01/07/2022;69;FAUX
10432;870;01/10/2022;88;FAUX
10433;870;01/01/2023;78;FAUX
10434;870;01/04/2023;73;VRAI
10435;870;01/07/2023;73;FAUX
10436;870;01/10/2023;79;FAUX
10437;870;01/01/2024;68;FAUX
10438;870;01/04/2024;86;FAUX
10439;870;01/07/2024;89;VRAI
10440;870;01/10/2024;53;VRAI
10441;871;01/01/2022;69;FAUX
10442;871;01/04/2022;69;FAUX
10443;871;01/07/2022;70;FAUX
10444;871;01/10/2022;79;FAUX
10445;871;01/01/2023;97;VRAI
10446;871;01/04/2023;89;VRAI
10447;871;01/07/2023;89;VRAI
10448;871;01/10/2023;87;VRAI
10449;871;01/01/2024;78;FAUX
10450;871;01/04/2024;78;VRAI
10451;871;01/07/2024;59;VRAI
10452;871;01/10/2024;60;FAUX
10453;872;01/01/2022;98;FAUX
10454;872;01/04/2022;84;FAUX
10455;872;01/07/2022;89;FAUX
10456;872;01/10/2022;61;VRAI
10457;872;01/01/2023;65;FAUX
10458;872;01/04/2023;70;FAUX
10459;872;01/07/2023;76;FAUX
10460;872;01/10/2023;50;VRAI
10461;872;01/01/2024;71;VRAI
10462;872;01/04/2024;69;VRAI
10463;872;01/07/2024;63;VRAI
10464;872;01/10/2024;68;FAUX
10465;873;01/01/2022;83;FAUX
10466;873;01/04/2022;82;VRAI
10467;873;01/07/2022;86;FAUX
10468;873;01/10/2022;76;VRAI
10469;873;01/01/2023;66;VRAI
10470;873;01/04/2023;99;VRAI
10471;873;01/07/2023;80;VRAI
10472;873;01/10/2023;90;FAUX
10473;873;01/01/2024;80;VRAI
10474;873;01/04/2024;89;VRAI
10475;873;01/07/2024;82;FAUX
10476;873;01/10/2024;62;VRAI
10477;874;01/01/2022;86;FAUX
10478;874;01/04/2022;70;FAUX
10479;874;01/07/2022;97;FAUX
10480;874;01/10/2022;93;VRAI
10481;874;01/01/2023;53;VRAI
10482;874;01/04/2023;58;FAUX
10483;874;01/07/2023;82;VRAI
10484;874;01/10/2023;86;FAUX
10485;874;01/01/2024;74;VRAI
10486;874;01/04/2024;90;VRAI
10487;874;01/07/2024;89;VRAI
10488;874;01/10/2024;99;VRAI
10489;875;01/01/2022;85;VRAI
10490;875;01/04/2022;94;FAUX
10491;875;01/07/2022;67;FAUX
10492;875;01/10/2022;54;FAUX
10493;875;01/01/2023;89;VRAI
10494;875;01/04/2023;68;VRAI
10495;875;01/07/2023;75;VRAI
10496;875;01/10/2023;78;VRAI
10497;875;01/01/2024;83;VRAI
10498;875;01/04/2024;97;FAUX
10499;875;01/07/2024;67;FAUX
10500;875;01/10/2024;76;FAUX
10501;876;01/01/2022;88;FAUX
10502;876;01/04/2022;55;VRAI
10503;876;01/07/2022;90;FAUX
10504;876;01/10/2022;79;FAUX
10505;876;01/01/2023;70;VRAI
10506;876;01/04/2023;93;FAUX
10507;876;01/07/2023;72;FAUX
10508;876;01/10/2023;72;FAUX
10509;876;01/01/2024;85;VRAI
10510;876;01/04/2024;56;FAUX
10511;876;01/07/2024;69;VRAI
10512;876;01/10/2024;67;FAUX
10513;877;01/01/2022;89;VRAI
10514;877;01/04/2022;64;VRAI
10515;877;01/07/2022;96;FAUX
10516;877;01/10/2022;50;VRAI
10517;877;01/01/2023;70;FAUX
10518;877;01/04/2023;56;VRAI
10519;877;01/07/2023;99;FAUX
10520;877;01/10/2023;93;FAUX
10521;877;01/01/2024;89;FAUX
10522;877;01/04/2024;87;VRAI
10523;877;01/07/2024;51;FAUX
10524;877;01/10/2024;57;FAUX
10525;878;01/01/2022;53;VRAI
10526;878;01/04/2022;70;VRAI
10527;878;01/07/2022;58;VRAI
10528;878;01/10/2022;78;VRAI
10529;878;01/01/2023;73;FAUX
10530;878;01/04/2023;61;FAUX
10531;878;01/07/2023;68;FAUX
10532;878;01/10/2023;65;FAUX
10533;878;01/01/2024;62;VRAI
10534;878;01/04/2024;72;FAUX
10535;878;01/07/2024;87;VRAI
10536;878;01/10/2024;66;FAUX
10537;879;01/01/2022;98;VRAI
10538;879;01/04/2022;52;FAUX
10539;879;01/07/2022;62;FAUX
10540;879;01/10/2022;87;FAUX
10541;879;01/01/2023;70;VRAI
10542;879;01/04/2023;94;FAUX
10543;879;01/07/2023;88;VRAI
10544;879;01/10/2023;63;FAUX
10545;879;01/01/2024;53;VRAI
10546;879;01/04/2024;88;FAUX
10547;879;01/07/2024;62;FAUX
10548;879;01/10/2024;94;FAUX
10549;880;01/01/2022;84;FAUX
10550;880;01/04/2022;89;VRAI
10551;880;01/07/2022;98;VRAI
10552;880;01/10/2022;85;FAUX
10553;880;01/01/2023;71;FAUX
10554;880;01/04/2023;55;FAUX
10555;880;01/07/2023;85;VRAI
10556;880;01/10/2023;65;VRAI
10557;880;01/01/2024;95;VRAI
10558;880;01/04/2024;87;VRAI
10559;880;01/07/2024;67;FAUX
10560;880;01/10/2024;76;FAUX
10561;881;01/01/2022;96;VRAI
10562;881;01/04/2022;64;VRAI
10563;881;01/07/2022;76;FAUX
10564;881;01/10/2022;70;VRAI
10565;881;01/01/2023;78;VRAI
10566;881;01/04/2023;61;FAUX
10567;881;01/07/2023;77;VRAI
10568;881;01/10/2023;86;VRAI
10569;881;01/01/2024;80;FAUX
10570;881;01/04/2024;82;VRAI
10571;881;01/07/2024;96;FAUX
10572;881;01/10/2024;60;FAUX
10573;882;01/01/2022;78;VRAI
10574;882;01/04/2022;62;VRAI
10575;882;01/07/2022;93;FAUX
10576;882;01/10/2022;68;FAUX
10577;882;01/01/2023;85;FAUX
10578;882;01/04/2023;53;VRAI
10579;882;01/07/2023;87;VRAI
10580;882;01/10/2023;92;VRAI
10581;882;01/01/2024;90;VRAI
10582;882;01/04/2024;78;VRAI
10583;882;01/07/2024;78;FAUX
10584;882;01/10/2024;84;FAUX
10585;883;01/01/2022;66;VRAI
10586;883;01/04/2022;61;VRAI
10587;883;01/07/2022;99;FAUX
10588;883;01/10/2022;59;FAUX
10589;883;01/01/2023;79;FAUX
10590;883;01/04/2023;90;VRAI
10591;883;01/07/2023;62;VRAI
10592;883;01/10/2023;55;FAUX
10593;883;01/01/2024;56;FAUX
10594;883;01/04/2024;70;FAUX
10595;883;01/07/2024;92;VRAI
10596;883;01/10/2024;77;FAUX
10597;884;01/01/2022;93;VRAI
10598;884;01/04/2022;70;FAUX
10599;884;01/07/2022;76;VRAI
10600;884;01/10/2022;62;FAUX
10601;884;01/01/2023;78;VRAI
10602;884;01/04/2023;77;VRAI
10603;884;01/07/2023;78;FAUX
10604;884;01/10/2023;97;FAUX
10605;884;01/01/2024;85;FAUX
10606;884;01/04/2024;77;VRAI
10607;884;01/07/2024;82;FAUX
10608;884;01/10/2024;52;FAUX
10609;885;01/01/2022;81;FAUX
10610;885;01/04/2022;50;FAUX
10611;885;01/07/2022;62;FAUX
10612;885;01/10/2022;78;VRAI
10613;885;01/01/2023;80;VRAI
10614;885;01/04/2023;62;FAUX
10615;885;01/07/2023;51;VRAI
10616;885;01/10/2023;99;VRAI
10617;885;01/01/2024;67;VRAI
10618;885;01/04/2024;57;VRAI
10619;885;01/07/2024;61;VRAI
10620;885;01/10/2024;79;VRAI
10621;886;01/01/2022;58;FAUX
10622;886;01/04/2022;53;VRAI
10623;886;01/07/2022;66;VRAI
10624;886;01/10/2022;51;VRAI
10625;886;01/01/2023;99;FAUX
10626;886;01/04/2023;75;FAUX
10627;886;01/07/2023;81;VRAI
10628;886;01/10/2023;92;VRAI
10629;886;01/01/2024;75;VRAI
10630;886;01/04/2024;78;VRAI
10631;886;01/07/2024;73;VRAI
10632;886;01/10/2024;80;VRAI
10633;887;01/01/2022;54;FAUX
10634;887;01/04/2022;94;VRAI
10635;887;01/07/2022;81;FAUX
10636;887;01/10/2022;57;FAUX
10637;887;01/01/2023;83;VRAI
10638;887;01/04/2023;91;FAUX
10639;887;01/07/2023;51;VRAI
10640;887;01/10/2023;64;VRAI
10641;887;01/01/2024;55;VRAI
10642;887;01/04/2024;52;VRAI
10643;887;01/07/2024;92;FAUX
10644;887;01/10/2024;84;VRAI
10645;888;01/01/2022;84;VRAI
10646;888;01/04/2022;92;FAUX
10647;888;01/07/2022;83;VRAI
10648;888;01/10/2022;59;FAUX
10649;888;01/01/2023;69;VRAI
10650;888;01/04/2023;55;VRAI
10651;888;01/07/2023;95;VRAI
10652;888;01/10/2023;51;FAUX
10653;888;01/01/2024;82;VRAI
10654;888;01/04/2024;85;VRAI
10655;888;01/07/2024;84;VRAI
10656;888;01/10/2024;94;FAUX
10657;889;01/01/2022;92;FAUX
10658;889;01/04/2022;66;VRAI
10659;889;01/07/2022;70;VRAI
10660;889;01/10/2022;73;VRAI
10661;889;01/01/2023;89;VRAI
10662;889;01/04/2023;79;FAUX
10663;889;01/07/2023;56;VRAI
10664;889;01/10/2023;56;VRAI
10665;889;01/01/2024;73;VRAI
10666;889;01/04/2024;90;FAUX
10667;889;01/07/2024;83;FAUX
10668;889;01/10/2024;76;FAUX
10669;890;01/01/2022;59;VRAI
10670;890;01/04/2022;80;VRAI
10671;890;01/07/2022;51;FAUX
10672;890;01/10/2022;59;FAUX
10673;890;01/01/2023;54;FAUX
10674;890;01/04/2023;53;VRAI
10675;890;01/07/2023;83;VRAI
10676;890;01/10/2023;99;VRAI
10677;890;01/01/2024;60;VRAI
10678;890;01/04/2024;99;FAUX
10679;890;01/07/2024;77;FAUX
10680;890;01/10/2024;93;FAUX
10681;891;01/01/2022;82;FAUX
10682;891;01/04/2022;74;VRAI
10683;891;01/07/2022;61;VRAI
10684;891;01/10/2022;75;VRAI
10685;891;01/01/2023;87;VRAI
10686;891;01/04/2023;86;FAUX
10687;891;01/07/2023;93;VRAI
10688;891;01/10/2023;94;VRAI
10689;891;01/01/2024;98;FAUX
10690;891;01/04/2024;64;FAUX
10691;891;01/07/2024;81;FAUX
10692;891;01/10/2024;83;FAUX
10693;892;01/01/2022;69;VRAI
10694;892;01/04/2022;61;VRAI
10695;892;01/07/2022;98;FAUX
10696;892;01/10/2022;66;VRAI
10697;892;01/01/2023;66;VRAI
10698;892;01/04/2023;60;FAUX
10699;892;01/07/2023;88;FAUX
10700;892;01/10/2023;51;FAUX
10701;892;01/01/2024;78;VRAI
10702;892;01/04/2024;73;FAUX
10703;892;01/07/2024;65;VRAI
10704;892;01/10/2024;98;VRAI
10705;893;01/01/2022;58;VRAI
10706;893;01/04/2022;90;VRAI
10707;893;01/07/2022;63;VRAI
10708;893;01/10/2022;74;VRAI
10709;893;01/01/2023;93;FAUX
10710;893;01/04/2023;84;VRAI
10711;893;01/07/2023;76;FAUX
10712;893;01/10/2023;75;VRAI
10713;893;01/01/2024;94;VRAI
10714;893;01/04/2024;94;FAUX
10715;893;01/07/2024;55;VRAI
10716;893;01/10/2024;55;FAUX
10717;894;01/01/2022;52;VRAI
10718;894;01/04/2022;62;FAUX
10719;894;01/07/2022;62;VRAI
10720;894;01/10/2022;89;VRAI
10721;894;01/01/2023;80;FAUX
10722;894;01/04/2023;66;VRAI
10723;894;01/07/2023;94;FAUX
10724;894;01/10/2023;62;VRAI
10725;894;01/01/2024;63;VRAI
10726;894;01/04/2024;74;VRAI
10727;894;01/07/2024;63;VRAI
10728;894;01/10/2024;56;FAUX
10729;895;01/01/2022;98;FAUX
10730;895;01/04/2022;91;FAUX
10731;895;01/07/2022;96;FAUX
10732;895;01/10/2022;93;VRAI
10733;895;01/01/2023;52;VRAI
10734;895;01/04/2023;93;FAUX
10735;895;01/07/2023;96;FAUX
10736;895;01/10/2023;50;VRAI
10737;895;01/01/2024;60;VRAI
10738;895;01/04/2024;56;FAUX
10739;895;01/07/2024;87;FAUX
10740;895;01/10/2024;52;FAUX
10741;896;01/01/2022;75;FAUX
10742;896;01/04/2022;79;FAUX
10743;896;01/07/2022;85;VRAI
10744;896;01/10/2022;86;VRAI
10745;896;01/01/2023;67;VRAI
10746;896;01/04/2023;70;FAUX
10747;896;01/07/2023;97;FAUX
10748;896;01/10/2023;97;FAUX
10749;896;01/01/2024;71;VRAI
10750;896;01/04/2024;97;VRAI
10751;896;01/07/2024;80;FAUX
10752;896;01/10/2024;91;FAUX
10753;897;01/01/2022;95;FAUX
10754;897;01/04/2022;55;FAUX
10755;897;01/07/2022;52;VRAI
10756;897;01/10/2022;65;VRAI
10757;897;01/01/2023;93;VRAI
10758;897;01/04/2023;73;FAUX
10759;897;01/07/2023;81;VRAI
10760;897;01/10/2023;62;FAUX
10761;897;01/01/2024;92;FAUX
10762;897;01/04/2024;97;VRAI
10763;897;01/07/2024;51;FAUX
10764;897;01/10/2024;76;FAUX
10765;898;01/01/2022;74;FAUX
10766;898;01/04/2022;81;VRAI
10767;898;01/07/2022;50;VRAI
10768;898;01/10/2022;79;VRAI
10769;898;01/01/2023;61;FAUX
10770;898;01/04/2023;81;FAUX
10771;898;01/07/2023;66;FAUX
10772;898;01/10/2023;94;FAUX
10773;898;01/01/2024;81;FAUX
10774;898;01/04/2024;61;VRAI
10775;898;01/07/2024;80;VRAI
10776;898;01/10/2024;78;VRAI
10777;899;01/01/2022;75;FAUX
10778;899;01/04/2022;77;VRAI
10779;899;01/07/2022;58;VRAI
10780;899;01/10/2022;99;FAUX
10781;899;01/01/2023;83;VRAI
10782;899;01/04/2023;69;VRAI
10783;899;01/07/2023;99;VRAI
10784;899;01/10/2023;88;FAUX
10785;899;01/01/2024;78;VRAI
10786;899;01/04/2024;67;VRAI
10787;899;01/07/2024;71;FAUX
10788;899;01/10/2024;56;VRAI
10789;900;01/01/2022;79;FAUX
10790;900;01/04/2022;93;FAUX
10791;900;01/07/2022;90;FAUX
10792;900;01/10/2022;60;VRAI
10793;900;01/01/2023;84;VRAI
10794;900;01/04/2023;94;VRAI
10795;900;01/07/2023;77;VRAI
10796;900;01/10/2023;83;FAUX
10797;900;01/01/2024;55;FAUX
10798;900;01/04/2024;53;VRAI
10799;900;01/07/2024;89;FAUX
10800;900;01/10/2024;70;FAUX
10801;901;01/01/2022;52;VRAI
10802;901;01/04/2022;57;VRAI
10803;901;01/07/2022;60;FAUX
10804;901;01/10/2022;59;FAUX
10805;901;01/01/2023;77;FAUX
10806;901;01/04/2023;93;FAUX
10807;901;01/07/2023;77;VRAI
10808;901;01/10/2023;57;VRAI
10809;901;01/01/2024;97;VRAI
10810;901;01/04/2024;70;FAUX
10811;901;01/07/2024;58;FAUX
10812;901;01/10/2024;90;VRAI
10813;902;01/01/2022;83;VRAI
10814;902;01/04/2022;58;FAUX
10815;902;01/07/2022;60;VRAI
10816;902;01/10/2022;87;VRAI
10817;902;01/01/2023;65;FAUX
10818;902;01/04/2023;83;VRAI
10819;902;01/07/2023;64;VRAI
10820;902;01/10/2023;87;VRAI
10821;902;01/01/2024;81;VRAI
10822;902;01/04/2024;79;FAUX
10823;902;01/07/2024;66;FAUX
10824;902;01/10/2024;68;VRAI
10825;903;01/01/2022;92;VRAI
10826;903;01/04/2022;70;FAUX
10827;903;01/07/2022;52;FAUX
10828;903;01/10/2022;51;VRAI
10829;903;01/01/2023;67;VRAI
10830;903;01/04/2023;94;VRAI
10831;903;01/07/2023;73;FAUX
10832;903;01/10/2023;95;FAUX
10833;903;01/01/2024;94;FAUX
10834;903;01/04/2024;67;VRAI
10835;903;01/07/2024;53;VRAI
10836;903;01/10/2024;59;VRAI
10837;904;01/01/2022;54;FAUX
10838;904;01/04/2022;89;FAUX
10839;904;01/07/2022;83;FAUX
10840;904;01/10/2022;57;FAUX
10841;904;01/01/2023;80;VRAI
10842;904;01/04/2023;52;VRAI
10843;904;01/07/2023;85;VRAI
10844;904;01/10/2023;88;FAUX
10845;904;01/01/2024;58;VRAI
10846;904;01/04/2024;66;VRAI
10847;904;01/07/2024;69;FAUX
10848;904;01/10/2024;95;VRAI
10849;905;01/01/2022;62;FAUX
10850;905;01/04/2022;94;VRAI
10851;905;01/07/2022;66;VRAI
10852;905;01/10/2022;99;VRAI
10853;905;01/01/2023;53;FAUX
10854;905;01/04/2023;69;VRAI
10855;905;01/07/2023;91;FAUX
10856;905;01/10/2023;94;FAUX
10857;905;01/01/2024;57;FAUX
10858;905;01/04/2024;94;VRAI
10859;905;01/07/2024;79;VRAI
10860;905;01/10/2024;82;VRAI
10861;906;01/01/2022;85;VRAI
10862;906;01/04/2022;69;VRAI
10863;906;01/07/2022;74;FAUX
10864;906;01/10/2022;92;VRAI
10865;906;01/01/2023;96;VRAI
10866;906;01/04/2023;91;VRAI
10867;906;01/07/2023;52;FAUX
10868;906;01/10/2023;64;VRAI
10869;906;01/01/2024;91;FAUX
10870;906;01/04/2024;50;VRAI
10871;906;01/07/2024;96;VRAI
10872;906;01/10/2024;69;FAUX
10873;907;01/01/2022;61;VRAI
10874;907;01/04/2022;65;VRAI
10875;907;01/07/2022;57;FAUX
10876;907;01/10/2022;63;FAUX
10877;907;01/01/2023;79;VRAI
10878;907;01/04/2023;83;FAUX
10879;907;01/07/2023;93;VRAI
10880;907;01/10/2023;83;FAUX
10881;907;01/01/2024;98;VRAI
10882;907;01/04/2024;56;FAUX
10883;907;01/07/2024;55;FAUX
10884;907;01/10/2024;57;VRAI
10885;908;01/01/2022;64;FAUX
10886;908;01/04/2022;88;VRAI
10887;908;01/07/2022;59;VRAI
10888;908;01/10/2022;79;FAUX
10889;908;01/01/2023;71;VRAI
10890;908;01/04/2023;50;VRAI
10891;908;01/07/2023;68;FAUX
10892;908;01/10/2023;83;VRAI
10893;908;01/01/2024;80;VRAI
10894;908;01/04/2024;73;FAUX
10895;908;01/07/2024;62;FAUX
10896;908;01/10/2024;65;VRAI
10897;909;01/01/2022;69;VRAI
10898;909;01/04/2022;97;VRAI
10899;909;01/07/2022;88;VRAI
10900;909;01/10/2022;53;FAUX
10901;909;01/01/2023;94;FAUX
10902;909;01/04/2023;83;VRAI
10903;909;01/07/2023;92;VRAI
10904;909;01/10/2023;73;VRAI
10905;909;01/01/2024;95;FAUX
10906;909;01/04/2024;94;VRAI
10907;909;01/07/2024;71;FAUX
10908;909;01/10/2024;74;VRAI
10909;910;01/01/2022;52;VRAI
10910;910;01/04/2022;62;VRAI
10911;910;01/07/2022;62;VRAI
10912;910;01/10/2022;67;VRAI
10913;910;01/01/2023;92;FAUX
10914;910;01/04/2023;66;VRAI
10915;910;01/07/2023;70;FAUX
10916;910;01/10/2023;99;FAUX
10917;910;01/01/2024;89;VRAI
10918;910;01/04/2024;61;FAUX
10919;910;01/07/2024;60;FAUX
10920;910;01/10/2024;86;FAUX
10921;911;01/01/2022;84;FAUX
10922;911;01/04/2022;64;FAUX
10923;911;01/07/2022;94;VRAI
10924;911;01/10/2022;96;VRAI
10925;911;01/01/2023;80;FAUX
10926;911;01/04/2023;57;VRAI
10927;911;01/07/2023;93;FAUX
10928;911;01/10/2023;84;FAUX
10929;911;01/01/2024;70;FAUX
10930;911;01/04/2024;51;FAUX
10931;911;01/07/2024;95;FAUX
10932;911;01/10/2024;66;VRAI
10933;912;01/01/2022;97;VRAI
10934;912;01/04/2022;73;VRAI
10935;912;01/07/2022;56;VRAI
10936;912;01/10/2022;96;VRAI
10937;912;01/01/2023;61;VRAI
10938;912;01/04/2023;60;FAUX
10939;912;01/07/2023;96;VRAI
10940;912;01/10/2023;99;VRAI
10941;912;01/01/2024;97;FAUX
10942;912;01/04/2024;76;VRAI
10943;912;01/07/2024;91;FAUX
10944;912;01/10/2024;51;VRAI
10945;913;01/01/2022;85;VRAI
10946;913;01/04/2022;97;FAUX
10947;913;01/07/2022;56;VRAI
10948;913;01/10/2022;61;VRAI
10949;913;01/01/2023;66;VRAI
10950;913;01/04/2023;81;FAUX
10951;913;01/07/2023;72;FAUX
10952;913;01/10/2023;79;VRAI
10953;913;01/01/2024;59;VRAI
10954;913;01/04/2024;87;VRAI
10955;913;01/07/2024;79;FAUX
10956;913;01/10/2024;75;VRAI
10957;914;01/01/2022;94;FAUX
10958;914;01/04/2022;52;FAUX
10959;914;01/07/2022;75;VRAI
10960;914;01/10/2022;63;VRAI
10961;914;01/01/2023;63;FAUX
10962;914;01/04/2023;89;FAUX
10963;914;01/07/2023;58;FAUX
10964;914;01/10/2023;89;VRAI
10965;914;01/01/2024;91;FAUX
10966;914;01/04/2024;85;FAUX
10967;914;01/07/2024;61;FAUX
10968;914;01/10/2024;89;VRAI
10969;915;01/01/2022;67;VRAI
10970;915;01/04/2022;80;VRAI
10971;915;01/07/2022;80;FAUX
10972;915;01/10/2022;62;VRAI
10973;915;01/01/2023;52;VRAI
10974;915;01/04/2023;84;VRAI
10975;915;01/07/2023;70;FAUX
10976;915;01/10/2023;68;FAUX
10977;915;01/01/2024;53;VRAI
10978;915;01/04/2024;62;VRAI
10979;915;01/07/2024;97;VRAI
10980;915;01/10/2024;81;VRAI
10981;916;01/01/2022;79;FAUX
10982;916;01/04/2022;69;FAUX
10983;916;01/07/2022;99;VRAI
10984;916;01/10/2022;60;VRAI
10985;916;01/01/2023;97;VRAI
10986;916;01/04/2023;97;FAUX
10987;916;01/07/2023;66;FAUX
10988;916;01/10/2023;84;FAUX
10989;916;01/01/2024;68;FAUX
10990;916;01/04/2024;83;FAUX
10991;916;01/07/2024;61;VRAI
10992;916;01/10/2024;66;VRAI
10993;917;01/01/2022;55;VRAI
10994;917;01/04/2022;62;VRAI
10995;917;01/07/2022;71;VRAI
10996;917;01/10/2022;56;VRAI
10997;917;01/01/2023;94;VRAI
10998;917;01/04/2023;50;FAUX
10999;917;01/07/2023;68;VRAI
11000;917;01/10/2023;96;FAUX
11001;917;01/01/2024;78;VRAI
11002;917;01/04/2024;69;FAUX
11003;917;01/07/2024;88;VRAI
11004;917;01/10/2024;72;VRAI
11005;918;01/01/2022;84;FAUX
11006;918;01/04/2022;96;VRAI
11007;918;01/07/2022;71;FAUX
11008;918;01/10/2022;56;VRAI
11009;918;01/01/2023;94;FAUX
11010;918;01/04/2023;93;VRAI
11011;918;01/07/2023;76;FAUX
11012;918;01/10/2023;66;VRAI
11013;918;01/01/2024;95;FAUX
11014;918;01/04/2024;71;FAUX
11015;918;01/07/2024;82;FAUX
11016;918;01/10/2024;84;VRAI
11017;919;01/01/2022;60;VRAI
11018;919;01/04/2022;77;VRAI
11019;919;01/07/2022;90;VRAI
11020;919;01/10/2022;52;VRAI
11021;919;01/01/2023;83;VRAI
11022;919;01/04/2023;70;FAUX
11023;919;01/07/2023;86;FAUX
11024;919;01/10/2023;98;VRAI
11025;919;01/01/2024;86;VRAI
11026;919;01/04/2024;70;FAUX
11027;919;01/07/2024;59;VRAI
11028;919;01/10/2024;56;VRAI
11029;920;01/01/2022;89;FAUX
11030;920;01/04/2022;57;VRAI
11031;920;01/07/2022;62;FAUX
11032;920;01/10/2022;68;VRAI
11033;920;01/01/2023;51;VRAI
11034;920;01/04/2023;55;VRAI
11035;920;01/07/2023;90;VRAI
11036;920;01/10/2023;54;VRAI
11037;920;01/01/2024;79;VRAI
11038;920;01/04/2024;88;FAUX
11039;920;01/07/2024;85;VRAI
11040;920;01/10/2024;99;FAUX
11041;921;01/01/2022;98;FAUX
11042;921;01/04/2022;85;FAUX
11043;921;01/07/2022;65;FAUX
11044;921;01/10/2022;54;VRAI
11045;921;01/01/2023;83;FAUX
11046;921;01/04/2023;85;VRAI
11047;921;01/07/2023;69;VRAI
11048;921;01/10/2023;69;FAUX
11049;921;01/01/2024;70;VRAI
11050;921;01/04/2024;68;VRAI
11051;921;01/07/2024;52;FAUX
11052;921;01/10/2024;54;FAUX
11053;922;01/01/2022;55;VRAI
11054;922;01/04/2022;98;FAUX
11055;922;01/07/2022;73;FAUX
11056;922;01/10/2022;50;FAUX
11057;922;01/01/2023;85;VRAI
11058;922;01/04/2023;90;FAUX
11059;922;01/07/2023;93;FAUX
11060;922;01/10/2023;72;VRAI
11061;922;01/01/2024;78;VRAI
11062;922;01/04/2024;90;FAUX
11063;922;01/07/2024;73;VRAI
11064;922;01/10/2024;97;VRAI
11065;923;01/01/2022;82;FAUX
11066;923;01/04/2022;71;VRAI
11067;923;01/07/2022;66;FAUX
11068;923;01/10/2022;54;VRAI
11069;923;01/01/2023;74;FAUX
11070;923;01/04/2023;66;VRAI
11071;923;01/07/2023;66;VRAI
11072;923;01/10/2023;82;VRAI
11073;923;01/01/2024;97;VRAI
11074;923;01/04/2024;97;FAUX
11075;923;01/07/2024;92;FAUX
11076;923;01/10/2024;62;VRAI
11077;924;01/01/2022;73;VRAI
11078;924;01/04/2022;57;VRAI
11079;924;01/07/2022;96;FAUX
11080;924;01/10/2022;88;VRAI
11081;924;01/01/2023;90;VRAI
11082;924;01/04/2023;80;VRAI
11083;924;01/07/2023;91;FAUX
11084;924;01/10/2023;97;VRAI
11085;924;01/01/2024;57;VRAI
11086;924;01/04/2024;61;VRAI
11087;924;01/07/2024;83;FAUX
11088;924;01/10/2024;85;FAUX
11089;925;01/01/2022;61;VRAI
11090;925;01/04/2022;66;FAUX
11091;925;01/07/2022;70;FAUX
11092;925;01/10/2022;91;FAUX
11093;925;01/01/2023;57;FAUX
11094;925;01/04/2023;67;FAUX
11095;925;01/07/2023;51;FAUX
11096;925;01/10/2023;81;FAUX
11097;925;01/01/2024;57;VRAI
11098;925;01/04/2024;59;VRAI
11099;925;01/07/2024;63;FAUX
11100;925;01/10/2024;96;FAUX
11101;926;01/01/2022;91;FAUX
11102;926;01/04/2022;88;VRAI
11103;926;01/07/2022;73;FAUX
11104;926;01/10/2022;71;VRAI
11105;926;01/01/2023;86;FAUX
11106;926;01/04/2023;51;FAUX
11107;926;01/07/2023;70;VRAI
11108;926;01/10/2023;56;FAUX
11109;926;01/01/2024;53;FAUX
11110;926;01/04/2024;92;FAUX
11111;926;01/07/2024;90;FAUX
11112;926;01/10/2024;71;VRAI
11113;927;01/01/2022;58;FAUX
11114;927;01/04/2022;61;FAUX
11115;927;01/07/2022;50;FAUX
11116;927;01/10/2022;82;FAUX
11117;927;01/01/2023;53;FAUX
11118;927;01/04/2023;78;FAUX
11119;927;01/07/2023;58;VRAI
11120;927;01/10/2023;75;VRAI
11121;927;01/01/2024;96;FAUX
11122;927;01/04/2024;66;VRAI
11123;927;01/07/2024;53;FAUX
11124;927;01/10/2024;95;VRAI
11125;928;01/01/2022;78;VRAI
11126;928;01/04/2022;70;FAUX
11127;928;01/07/2022;50;FAUX
11128;928;01/10/2022;50;VRAI
11129;928;01/01/2023;95;FAUX
11130;928;01/04/2023;56;FAUX
11131;928;01/07/2023;64;FAUX
11132;928;01/10/2023;60;FAUX
11133;928;01/01/2024;95;VRAI
11134;928;01/04/2024;72;VRAI
11135;928;01/07/2024;76;VRAI
11136;928;01/10/2024;66;FAUX
11137;929;01/01/2022;62;FAUX
11138;929;01/04/2022;78;VRAI
11139;929;01/07/2022;69;FAUX
11140;929;01/10/2022;80;FAUX
11141;929;01/01/2023;73;VRAI
11142;929;01/04/2023;88;VRAI
11143;929;01/07/2023;91;VRAI
11144;929;01/10/2023;53;VRAI
11145;929;01/01/2024;81;VRAI
11146;929;01/04/2024;79;VRAI
11147;929;01/07/2024;68;VRAI
11148;929;01/10/2024;85;FAUX
11149;930;01/01/2022;56;FAUX
11150;930;01/04/2022;94;FAUX
11151;930;01/07/2022;61;FAUX
11152;930;01/10/2022;81;FAUX
11153;930;01/01/2023;71;VRAI
11154;930;01/04/2023;97;FAUX
11155;930;01/07/2023;73;FAUX
11156;930;01/10/2023;80;FAUX
11157;930;01/01/2024;73;VRAI
11158;930;01/04/2024;66;FAUX
11159;930;01/07/2024;68;FAUX
11160;930;01/10/2024;87;VRAI
11161;931;01/01/2022;83;VRAI
11162;931;01/04/2022;82;FAUX
11163;931;01/07/2022;85;VRAI
11164;931;01/10/2022;96;VRAI
11165;931;01/01/2023;84;FAUX
11166;931;01/04/2023;65;FAUX
11167;931;01/07/2023;67;FAUX
11168;931;01/10/2023;99;VRAI
11169;931;01/01/2024;81;VRAI
11170;931;01/04/2024;72;VRAI
11171;931;01/07/2024;95;VRAI
11172;931;01/10/2024;67;VRAI
11173;932;01/01/2022;91;FAUX
11174;932;01/04/2022;73;FAUX
11175;932;01/07/2022;99;VRAI
11176;932;01/10/2022;95;FAUX
11177;932;01/01/2023;71;FAUX
11178;932;01/04/2023;71;FAUX
11179;932;01/07/2023;75;VRAI
11180;932;01/10/2023;87;VRAI
11181;932;01/01/2024;91;VRAI
11182;932;01/04/2024;98;VRAI
11183;932;01/07/2024;63;FAUX
11184;932;01/10/2024;80;FAUX
11185;933;01/01/2022;83;VRAI
11186;933;01/04/2022;88;FAUX
11187;933;01/07/2022;72;FAUX
11188;933;01/10/2022;93;VRAI
11189;933;01/01/2023;67;VRAI
11190;933;01/04/2023;50;VRAI
11191;933;01/07/2023;75;VRAI
11192;933;01/10/2023;64;VRAI
11193;933;01/01/2024;53;VRAI
11194;933;01/04/2024;91;FAUX
11195;933;01/07/2024;94;VRAI
11196;933;01/10/2024;50;FAUX
11197;934;01/01/2022;60;FAUX
11198;934;01/04/2022;87;VRAI
11199;934;01/07/2022;75;VRAI
11200;934;01/10/2022;76;FAUX
11201;934;01/01/2023;62;VRAI
11202;934;01/04/2023;57;FAUX
11203;934;01/07/2023;72;FAUX
11204;934;01/10/2023;93;VRAI
11205;934;01/01/2024;76;VRAI
11206;934;01/04/2024;95;FAUX
11207;934;01/07/2024;96;VRAI
11208;934;01/10/2024;56;VRAI
11209;935;01/01/2022;59;VRAI
11210;935;01/04/2022;88;FAUX
11211;935;01/07/2022;52;VRAI
11212;935;01/10/2022;78;VRAI
11213;935;01/01/2023;94;FAUX
11214;935;01/04/2023;65;FAUX
11215;935;01/07/2023;99;VRAI
11216;935;01/10/2023;98;VRAI
11217;935;01/01/2024;64;FAUX
11218;935;01/04/2024;55;FAUX
11219;935;01/07/2024;68;FAUX
11220;935;01/10/2024;51;VRAI
11221;936;01/01/2022;95;FAUX
11222;936;01/04/2022;74;FAUX
11223;936;01/07/2022;98;FAUX
11224;936;01/10/2022;87;FAUX
11225;936;01/01/2023;81;VRAI
11226;936;01/04/2023;90;FAUX
11227;936;01/07/2023;88;FAUX
11228;936;01/10/2023;92;FAUX
11229;936;01/01/2024;72;FAUX
11230;936;01/04/2024;59;FAUX
11231;936;01/07/2024;57;VRAI
11232;936;01/10/2024;94;VRAI
11233;937;01/01/2022;77;FAUX
11234;937;01/04/2022;83;FAUX
11235;937;01/07/2022;82;VRAI
11236;937;01/10/2022;56;FAUX
11237;937;01/01/2023;75;FAUX
11238;937;01/04/2023;59;VRAI
11239;937;01/07/2023;86;VRAI
11240;937;01/10/2023;73;VRAI
11241;937;01/01/2024;89;VRAI
11242;937;01/04/2024;70;FAUX
11243;937;01/07/2024;87;VRAI
11244;937;01/10/2024;64;VRAI
11245;938;01/01/2022;94;FAUX
11246;938;01/04/2022;92;FAUX
11247;938;01/07/2022;70;FAUX
11248;938;01/10/2022;69;VRAI
11249;938;01/01/2023;52;FAUX
11250;938;01/04/2023;72;FAUX
11251;938;01/07/2023;96;VRAI
11252;938;01/10/2023;76;VRAI
11253;938;01/01/2024;74;FAUX
11254;938;01/04/2024;71;FAUX
11255;938;01/07/2024;87;FAUX
11256;938;01/10/2024;77;FAUX
11257;939;01/01/2022;60;FAUX
11258;939;01/04/2022;51;VRAI
11259;939;01/07/2022;86;FAUX
11260;939;01/10/2022;53;VRAI
11261;939;01/01/2023;94;VRAI
11262;939;01/04/2023;96;FAUX
11263;939;01/07/2023;72;VRAI
11264;939;01/10/2023;56;FAUX
11265;939;01/01/2024;72;VRAI
11266;939;01/04/2024;57;FAUX
11267;939;01/07/2024;96;VRAI
11268;939;01/10/2024;86;FAUX
11269;940;01/01/2022;97;VRAI
11270;940;01/04/2022;86;VRAI
11271;940;01/07/2022;87;VRAI
11272;940;01/10/2022;93;VRAI
11273;940;01/01/2023;89;VRAI
11274;940;01/04/2023;63;FAUX
11275;940;01/07/2023;98;FAUX
11276;940;01/10/2023;51;VRAI
11277;940;01/01/2024;94;VRAI
11278;940;01/04/2024;84;FAUX
11279;940;01/07/2024;77;FAUX
11280;940;01/10/2024;81;FAUX
11281;941;01/01/2022;94;VRAI
11282;941;01/04/2022;56;VRAI
11283;941;01/07/2022;97;VRAI
11284;941;01/10/2022;86;FAUX
11285;941;01/01/2023;66;FAUX
11286;941;01/04/2023;53;VRAI
11287;941;01/07/2023;63;VRAI
11288;941;01/10/2023;51;FAUX
11289;941;01/01/2024;73;FAUX
11290;941;01/04/2024;76;FAUX
11291;941;01/07/2024;78;VRAI
11292;941;01/10/2024;97;FAUX
11293;942;01/01/2022;97;VRAI
11294;942;01/04/2022;53;VRAI
11295;942;01/07/2022;63;FAUX
11296;942;01/10/2022;91;FAUX
11297;942;01/01/2023;53;FAUX
11298;942;01/04/2023;70;VRAI
11299;942;01/07/2023;74;FAUX
11300;942;01/10/2023;96;VRAI
11301;942;01/01/2024;65;VRAI
11302;942;01/04/2024;85;FAUX
11303;942;01/07/2024;80;FAUX
11304;942;01/10/2024;62;VRAI
11305;943;01/01/2022;53;VRAI
11306;943;01/04/2022;91;VRAI
11307;943;01/07/2022;93;VRAI
11308;943;01/10/2022;91;VRAI
11309;943;01/01/2023;86;VRAI
11310;943;01/04/2023;69;FAUX
11311;943;01/07/2023;93;VRAI
11312;943;01/10/2023;65;VRAI
11313;943;01/01/2024;98;FAUX
11314;943;01/04/2024;61;VRAI
11315;943;01/07/2024;70;FAUX
11316;943;01/10/2024;86;FAUX
11317;944;01/01/2022;79;VRAI
11318;944;01/04/2022;54;VRAI
11319;944;01/07/2022;78;VRAI
11320;944;01/10/2022;79;FAUX
11321;944;01/01/2023;95;FAUX
11322;944;01/04/2023;50;VRAI
11323;944;01/07/2023;66;VRAI
11324;944;01/10/2023;91;VRAI
11325;944;01/01/2024;76;FAUX
11326;944;01/04/2024;93;FAUX
11327;944;01/07/2024;80;VRAI
11328;944;01/10/2024;97;FAUX
11329;945;01/01/2022;55;FAUX
11330;945;01/04/2022;53;FAUX
11331;945;01/07/2022;92;VRAI
11332;945;01/10/2022;83;FAUX
11333;945;01/01/2023;55;FAUX
11334;945;01/04/2023;84;VRAI
11335;945;01/07/2023;88;FAUX
11336;945;01/10/2023;51;FAUX
11337;945;01/01/2024;64;VRAI
11338;945;01/04/2024;76;FAUX
11339;945;01/07/2024;50;VRAI
11340;945;01/10/2024;59;VRAI
11341;946;01/01/2022;97;FAUX
11342;946;01/04/2022;61;VRAI
11343;946;01/07/2022;94;FAUX
11344;946;01/10/2022;64;FAUX
11345;946;01/01/2023;81;FAUX
11346;946;01/04/2023;75;FAUX
11347;946;01/07/2023;99;FAUX
11348;946;01/10/2023;75;VRAI
11349;946;01/01/2024;54;FAUX
11350;946;01/04/2024;87;FAUX
11351;946;01/07/2024;95;FAUX
11352;946;01/10/2024;77;VRAI
11353;947;01/01/2022;50;VRAI
11354;947;01/04/2022;92;VRAI
11355;947;01/07/2022;98;FAUX
11356;947;01/10/2022;74;FAUX
11357;947;01/01/2023;65;VRAI
11358;947;01/04/2023;62;FAUX
11359;947;01/07/2023;93;FAUX
11360;947;01/10/2023;57;FAUX
11361;947;01/01/2024;68;VRAI
11362;947;01/04/2024;65;FAUX
11363;947;01/07/2024;69;FAUX
11364;947;01/10/2024;61;FAUX
11365;948;01/01/2022;74;FAUX
11366;948;01/04/2022;60;FAUX
11367;948;01/07/2022;95;FAUX
11368;948;01/10/2022;62;FAUX
11369;948;01/01/2023;87;FAUX
11370;948;01/04/2023;88;FAUX
11371;948;01/07/2023;77;VRAI
11372;948;01/10/2023;88;VRAI
11373;948;01/01/2024;92;FAUX
11374;948;01/04/2024;76;VRAI
11375;948;01/07/2024;80;FAUX
11376;948;01/10/2024;67;FAUX
11377;949;01/01/2022;91;VRAI
11378;949;01/04/2022;87;FAUX
11379;949;01/07/2022;71;FAUX
11380;949;01/10/2022;68;FAUX
11381;949;01/01/2023;63;FAUX
11382;949;01/04/2023;99;VRAI
11383;949;01/07/2023;66;FAUX
11384;949;01/10/2023;99;VRAI
11385;949;01/01/2024;86;VRAI
11386;949;01/04/2024;50;FAUX
11387;949;01/07/2024;56;VRAI
11388;949;01/10/2024;63;FAUX
11389;950;01/01/2022;68;FAUX
11390;950;01/04/2022;52;FAUX
11391;950;01/07/2022;57;VRAI
11392;950;01/10/2022;99;VRAI
11393;950;01/01/2023;92;VRAI
11394;950;01/04/2023;68;FAUX
11395;950;01/07/2023;76;VRAI
11396;950;01/10/2023;97;FAUX
11397;950;01/01/2024;74;VRAI
11398;950;01/04/2024;87;FAUX
11399;950;01/07/2024;99;VRAI
11400;950;01/10/2024;93;VRAI
11401;951;01/01/2022;82;VRAI
11402;951;01/04/2022;63;FAUX
11403;951;01/07/2022;67;VRAI
11404;951;01/10/2022;82;FAUX
11405;951;01/01/2023;91;VRAI
11406;951;01/04/2023;64;VRAI
11407;951;01/07/2023;60;FAUX
11408;951;01/10/2023;64;VRAI
11409;951;01/01/2024;97;FAUX
11410;951;01/04/2024;64;VRAI
11411;951;01/07/2024;98;VRAI
11412;951;01/10/2024;92;FAUX
11413;952;01/01/2022;97;VRAI
11414;952;01/04/2022;64;VRAI
11415;952;01/07/2022;60;VRAI
11416;952;01/10/2022;67;FAUX
11417;952;01/01/2023;80;VRAI
11418;952;01/04/2023;71;VRAI
11419;952;01/07/2023;66;VRAI
11420;952;01/10/2023;60;VRAI
11421;952;01/01/2024;57;VRAI
11422;952;01/04/2024;53;FAUX
11423;952;01/07/2024;68;FAUX
11424;952;01/10/2024;90;VRAI
11425;953;01/01/2022;67;VRAI
11426;953;01/04/2022;95;FAUX
11427;953;01/07/2022;59;VRAI
11428;953;01/10/2022;63;VRAI
11429;953;01/01/2023;61;FAUX
11430;953;01/04/2023;76;FAUX
11431;953;01/07/2023;86;VRAI
11432;953;01/10/2023;85;FAUX
11433;953;01/01/2024;62;FAUX
11434;953;01/04/2024;57;VRAI
11435;953;01/07/2024;92;VRAI
11436;953;01/10/2024;66;FAUX
11437;954;01/01/2022;95;FAUX
11438;954;01/04/2022;69;VRAI
11439;954;01/07/2022;57;FAUX
11440;954;01/10/2022;76;FAUX
11441;954;01/01/2023;70;VRAI
11442;954;01/04/2023;54;FAUX
11443;954;01/07/2023;66;FAUX
11444;954;01/10/2023;68;VRAI
11445;954;01/01/2024;72;VRAI
11446;954;01/04/2024;63;FAUX
11447;954;01/07/2024;80;VRAI
11448;954;01/10/2024;71;VRAI
11449;955;01/01/2022;88;FAUX
11450;955;01/04/2022;80;VRAI
11451;955;01/07/2022;84;VRAI
11452;955;01/10/2022;79;FAUX
11453;955;01/01/2023;85;VRAI
11454;955;01/04/2023;96;FAUX
11455;955;01/07/2023;53;FAUX
11456;955;01/10/2023;96;FAUX
11457;955;01/01/2024;77;FAUX
11458;955;01/04/2024;76;VRAI
11459;955;01/07/2024;93;VRAI
11460;955;01/10/2024;84;VRAI
11461;956;01/01/2022;93;VRAI
11462;956;01/04/2022;68;FAUX
11463;956;01/07/2022;87;FAUX
11464;956;01/10/2022;89;VRAI
11465;956;01/01/2023;55;FAUX
11466;956;01/04/2023;76;VRAI
11467;956;01/07/2023;77;VRAI
11468;956;01/10/2023;90;FAUX
11469;956;01/01/2024;97;FAUX
11470;956;01/04/2024;65;VRAI
11471;956;01/07/2024;67;VRAI
11472;956;01/10/2024;92;VRAI
11473;957;01/01/2022;59;VRAI
11474;957;01/04/2022;59;FAUX
11475;957;01/07/2022;65;VRAI
11476;957;01/10/2022;93;FAUX
11477;957;01/01/2023;86;FAUX
11478;957;01/04/2023;68;VRAI
11479;957;01/07/2023;53;FAUX
11480;957;01/10/2023;83;FAUX
11481;957;01/01/2024;80;FAUX
11482;957;01/04/2024;51;VRAI
11483;957;01/07/2024;51;FAUX
11484;957;01/10/2024;55;VRAI
11485;958;01/01/2022;72;VRAI
11486;958;01/04/2022;96;FAUX
11487;958;01/07/2022;93;VRAI
11488;958;01/10/2022;95;FAUX
11489;958;01/01/2023;92;FAUX
11490;958;01/04/2023;68;VRAI
11491;958;01/07/2023;73;FAUX
11492;958;01/10/2023;76;VRAI
11493;958;01/01/2024;79;VRAI
11494;958;01/04/2024;63;FAUX
11495;958;01/07/2024;93;VRAI
11496;958;01/10/2024;61;VRAI
11497;959;01/01/2022;78;VRAI
11498;959;01/04/2022;62;VRAI
11499;959;01/07/2022;73;VRAI
11500;959;01/10/2022;79;VRAI
11501;959;01/01/2023;59;VRAI
11502;959;01/04/2023;87;FAUX
11503;959;01/07/2023;96;VRAI
11504;959;01/10/2023;58;VRAI
11505;959;01/01/2024;72;VRAI
11506;959;01/04/2024;58;VRAI
11507;959;01/07/2024;79;VRAI
11508;959;01/10/2024;74;VRAI
11509;960;01/01/2022;96;FAUX
11510;960;01/04/2022;81;VRAI
11511;960;01/07/2022;85;VRAI
11512;960;01/10/2022;69;VRAI
11513;960;01/01/2023;85;FAUX
11514;960;01/04/2023;68;FAUX
11515;960;01/07/2023;86;FAUX
11516;960;01/10/2023;52;VRAI
11517;960;01/01/2024;77;FAUX
11518;960;01/04/2024;96;VRAI
11519;960;01/07/2024;95;FAUX
11520;960;01/10/2024;55;VRAI
11521;961;01/01/2022;80;VRAI
11522;961;01/04/2022;98;FAUX
11523;961;01/07/2022;83;VRAI
11524;961;01/10/2022;60;FAUX
11525;961;01/01/2023;55;VRAI
11526;961;01/04/2023;56;VRAI
11527;961;01/07/2023;81;FAUX
11528;961;01/10/2023;82;VRAI
11529;961;01/01/2024;96;FAUX
11530;961;01/04/2024;93;VRAI
11531;961;01/07/2024;76;FAUX
11532;961;01/10/2024;71;VRAI
11533;962;01/01/2022;78;VRAI
11534;962;01/04/2022;97;FAUX
11535;962;01/07/2022;51;VRAI
11536;962;01/10/2022;96;VRAI
11537;962;01/01/2023;56;VRAI
11538;962;01/04/2023;70;VRAI
11539;962;01/07/2023;66;VRAI
11540;962;01/10/2023;59;VRAI
11541;962;01/01/2024;82;FAUX
11542;962;01/04/2024;86;FAUX
11543;962;01/07/2024;57;VRAI
11544;962;01/10/2024;56;FAUX
11545;963;01/01/2022;56;VRAI
11546;963;01/04/2022;90;FAUX
11547;963;01/07/2022;85;VRAI
11548;963;01/10/2022;56;FAUX
11549;963;01/01/2023;67;VRAI
11550;963;01/04/2023;92;VRAI
11551;963;01/07/2023;63;FAUX
11552;963;01/10/2023;63;VRAI
11553;963;01/01/2024;98;VRAI
11554;963;01/04/2024;76;FAUX
11555;963;01/07/2024;75;VRAI
11556;963;01/10/2024;73;VRAI
11557;964;01/01/2022;91;FAUX
11558;964;01/04/2022;77;FAUX
11559;964;01/07/2022;92;FAUX
11560;964;01/10/2022;81;FAUX
11561;964;01/01/2023;55;FAUX
11562;964;01/04/2023;95;FAUX
11563;964;01/07/2023;52;VRAI
11564;964;01/10/2023;78;FAUX
11565;964;01/01/2024;56;VRAI
11566;964;01/04/2024;62;FAUX
11567;964;01/07/2024;70;VRAI
11568;964;01/10/2024;58;VRAI
11569;965;01/01/2022;96;VRAI
11570;965;01/04/2022;66;FAUX
11571;965;01/07/2022;58;VRAI
11572;965;01/10/2022;89;FAUX
11573;965;01/01/2023;79;FAUX
11574;965;01/04/2023;56;VRAI
11575;965;01/07/2023;88;FAUX
11576;965;01/10/2023;54;VRAI
11577;965;01/01/2024;89;FAUX
11578;965;01/04/2024;50;FAUX
11579;965;01/07/2024;66;FAUX
11580;965;01/10/2024;80;VRAI
11581;966;01/01/2022;94;FAUX
11582;966;01/04/2022;97;FAUX
11583;966;01/07/2022;79;VRAI
11584;966;01/10/2022;88;VRAI
11585;966;01/01/2023;64;FAUX
11586;966;01/04/2023;83;FAUX
11587;966;01/07/2023;76;FAUX
11588;966;01/10/2023;59;FAUX
11589;966;01/01/2024;54;VRAI
11590;966;01/04/2024;53;VRAI
11591;966;01/07/2024;62;VRAI
11592;966;01/10/2024;70;VRAI
11593;967;01/01/2022;82;FAUX
11594;967;01/04/2022;64;FAUX
11595;967;01/07/2022;58;FAUX
11596;967;01/10/2022;86;FAUX
11597;967;01/01/2023;78;VRAI
11598;967;01/04/2023;83;VRAI
11599;967;01/07/2023;56;VRAI
11600;967;01/10/2023;58;FAUX
11601;967;01/01/2024;53;FAUX
11602;967;01/04/2024;76;VRAI
11603;967;01/07/2024;81;VRAI
11604;967;01/10/2024;93;VRAI
11605;968;01/01/2022;95;VRAI
11606;968;01/04/2022;76;FAUX
11607;968;01/07/2022;52;FAUX
11608;968;01/10/2022;85;VRAI
11609;968;01/01/2023;92;FAUX
11610;968;01/04/2023;93;FAUX
11611;968;01/07/2023;99;VRAI
11612;968;01/10/2023;86;VRAI
11613;968;01/01/2024;98;VRAI
11614;968;01/04/2024;87;FAUX
11615;968;01/07/2024;71;FAUX
11616;968;01/10/2024;64;VRAI
11617;969;01/01/2022;95;FAUX
11618;969;01/04/2022;67;VRAI
11619;969;01/07/2022;61;FAUX
11620;969;01/10/2022;90;FAUX
11621;969;01/01/2023;99;VRAI
11622;969;01/04/2023;68;FAUX
11623;969;01/07/2023;97;VRAI
11624;969;01/10/2023;58;FAUX
11625;969;01/01/2024;74;VRAI
11626;969;01/04/2024;91;FAUX
11627;969;01/07/2024;73;VRAI
11628;969;01/10/2024;61;FAUX
11629;970;01/01/2022;80;FAUX
11630;970;01/04/2022;51;FAUX
11631;970;01/07/2022;76;FAUX
11632;970;01/10/2022;56;VRAI
11633;970;01/01/2023;62;VRAI
11634;970;01/04/2023;85;VRAI
11635;970;01/07/2023;98;VRAI
11636;970;01/10/2023;79;VRAI
11637;970;01/01/2024;66;FAUX
11638;970;01/04/2024;52;VRAI
11639;970;01/07/2024;59;FAUX
11640;970;01/10/2024;71;FAUX
11641;971;01/01/2022;81;VRAI
11642;971;01/04/2022;78;FAUX
11643;971;01/07/2022;60;FAUX
11644;971;01/10/2022;62;VRAI
11645;971;01/01/2023;53;FAUX
11646;971;01/04/2023;83;VRAI
11647;971;01/07/2023;71;VRAI
11648;971;01/10/2023;58;FAUX
11649;971;01/01/2024;70;VRAI
11650;971;01/04/2024;66;FAUX
11651;971;01/07/2024;77;FAUX
11652;971;01/10/2024;52;VRAI
11653;972;01/01/2022;63;FAUX
11654;972;01/04/2022;75;VRAI
11655;972;01/07/2022;90;VRAI
11656;972;01/10/2022;88;FAUX
11657;972;01/01/2023;53;FAUX
11658;972;01/04/2023;84;FAUX
11659;972;01/07/2023;90;VRAI
11660;972;01/10/2023;82;VRAI
11661;972;01/01/2024;64;VRAI
11662;972;01/04/2024;92;FAUX
11663;972;01/07/2024;59;VRAI
11664;972;01/10/2024;56;VRAI
11665;973;01/01/2022;56;VRAI
11666;973;01/04/2022;75;VRAI
11667;973;01/07/2022;65;FAUX
11668;973;01/10/2022;57;FAUX
11669;973;01/01/2023;83;FAUX
11670;973;01/04/2023;77;FAUX
11671;973;01/07/2023;85;FAUX
11672;973;01/10/2023;96;VRAI
11673;973;01/01/2024;89;VRAI
11674;973;01/04/2024;92;FAUX
11675;973;01/07/2024;51;VRAI
11676;973;01/10/2024;55;VRAI
11677;974;01/01/2022;50;VRAI
11678;974;01/04/2022;59;VRAI
11679;974;01/07/2022;93;VRAI
11680;974;01/10/2022;82;VRAI
11681;974;01/01/2023;62;FAUX
11682;974;01/04/2023;56;FAUX
11683;974;01/07/2023;65;FAUX
11684;974;01/10/2023;75;VRAI
11685;974;01/01/2024;88;VRAI
11686;974;01/04/2024;81;FAUX
11687;974;01/07/2024;91;VRAI
11688;974;01/10/2024;50;VRAI
11689;975;01/01/2022;70;VRAI
11690;975;01/04/2022;75;VRAI
11691;975;01/07/2022;58;VRAI
11692;975;01/10/2022;72;VRAI
11693;975;01/01/2023;51;VRAI
11694;975;01/04/2023;92;FAUX
11695;975;01/07/2023;85;VRAI
11696;975;01/10/2023;90;VRAI
11697;975;01/01/2024;86;VRAI
11698;975;01/04/2024;57;FAUX
11699;975;01/07/2024;88;VRAI
11700;975;01/10/2024;81;FAUX
11701;976;01/01/2022;60;VRAI
11702;976;01/04/2022;74;VRAI
11703;976;01/07/2022;94;FAUX
11704;976;01/10/2022;81;FAUX
11705;976;01/01/2023;84;FAUX
11706;976;01/04/2023;83;VRAI
11707;976;01/07/2023;54;VRAI
11708;976;01/10/2023;77;FAUX
11709;976;01/01/2024;57;VRAI
11710;976;01/04/2024;65;VRAI
11711;976;01/07/2024;67;VRAI
11712;976;01/10/2024;97;VRAI
11713;977;01/01/2022;57;FAUX
11714;977;01/04/2022;70;FAUX
11715;977;01/07/2022;73;VRAI
11716;977;01/10/2022;75;VRAI
11717;977;01/01/2023;63;FAUX
11718;977;01/04/2023;78;FAUX
11719;977;01/07/2023;52;VRAI
11720;977;01/10/2023;85;VRAI
11721;977;01/01/2024;81;VRAI
11722;977;01/04/2024;61;VRAI
11723;977;01/07/2024;87;FAUX
11724;977;01/10/2024;73;VRAI
11725;978;01/01/2022;67;FAUX
11726;978;01/04/2022;56;FAUX
11727;978;01/07/2022;90;FAUX
11728;978;01/10/2022;89;FAUX
11729;978;01/01/2023;80;VRAI
11730;978;01/04/2023;79;VRAI
11731;978;01/07/2023;83;VRAI
11732;978;01/10/2023;74;FAUX
11733;978;01/01/2024;71;FAUX
11734;978;01/04/2024;76;VRAI
11735;978;01/07/2024;53;VRAI
11736;978;01/10/2024;84;VRAI
11737;979;01/01/2022;71;VRAI
11738;979;01/04/2022;84;FAUX
11739;979;01/07/2022;64;VRAI
11740;979;01/10/2022;89;FAUX
11741;979;01/01/2023;70;VRAI
11742;979;01/04/2023;96;VRAI
11743;979;01/07/2023;98;VRAI
11744;979;01/10/2023;76;VRAI
11745;979;01/01/2024;93;FAUX
11746;979;01/04/2024;79;FAUX
11747;979;01/07/2024;65;VRAI
11748;979;01/10/2024;58;FAUX
11749;980;01/01/2022;88;VRAI
11750;980;01/04/2022;86;VRAI
11751;980;01/07/2022;59;FAUX
11752;980;01/10/2022;61;FAUX
11753;980;01/01/2023;52;VRAI
11754;980;01/04/2023;60;FAUX
11755;980;01/07/2023;75;VRAI
11756;980;01/10/2023;72;VRAI
11757;980;01/01/2024;59;FAUX
11758;980;01/04/2024;61;VRAI
11759;980;01/07/2024;75;VRAI
11760;980;01/10/2024;59;VRAI
11761;981;01/01/2022;56;VRAI
11762;981;01/04/2022;53;VRAI
11763;981;01/07/2022;89;FAUX
11764;981;01/10/2022;87;VRAI
11765;981;01/01/2023;61;VRAI
11766;981;01/04/2023;87;FAUX
11767;981;01/07/2023;92;FAUX
11768;981;01/10/2023;96;FAUX
11769;981;01/01/2024;64;VRAI
11770;981;01/04/2024;83;VRAI
11771;981;01/07/2024;75;FAUX
11772;981;01/10/2024;54;FAUX
11773;982;01/01/2022;74;VRAI
11774;982;01/04/2022;83;VRAI
11775;982;01/07/2022;53;FAUX
11776;982;01/10/2022;76;VRAI
11777;982;01/01/2023;91;FAUX
11778;982;01/04/2023;78;VRAI
11779;982;01/07/2023;67;VRAI
11780;982;01/10/2023;53;VRAI
11781;982;01/01/2024;99;FAUX
11782;982;01/04/2024;55;FAUX
11783;982;01/07/2024;69;FAUX
11784;982;01/10/2024;76;FAUX
11785;983;01/01/2022;81;FAUX
11786;983;01/04/2022;67;FAUX
11787;983;01/07/2022;90;FAUX
11788;983;01/10/2022;59;FAUX
11789;983;01/01/2023;73;VRAI
11790;983;01/04/2023;87;FAUX
11791;983;01/07/2023;74;FAUX
11792;983;01/10/2023;63;VRAI
11793;983;01/01/2024;80;FAUX
11794;983;01/04/2024;65;FAUX
11795;983;01/07/2024;87;VRAI
11796;983;01/10/2024;64;FAUX
11797;984;01/01/2022;61;FAUX
11798;984;01/04/2022;57;VRAI
11799;984;01/07/2022;95;VRAI
11800;984;01/10/2022;76;VRAI
11801;984;01/01/2023;90;VRAI
11802;984;01/04/2023;81;VRAI
11803;984;01/07/2023;90;FAUX
11804;984;01/10/2023;86;FAUX
11805;984;01/01/2024;56;FAUX
11806;984;01/04/2024;60;VRAI
11807;984;01/07/2024;72;VRAI
11808;984;01/10/2024;93;VRAI
11809;985;01/01/2022;57;FAUX
11810;985;01/04/2022;81;FAUX
11811;985;01/07/2022;70;VRAI
11812;985;01/10/2022;50;VRAI
11813;985;01/01/2023;60;VRAI
11814;985;01/04/2023;53;FAUX
11815;985;01/07/2023;64;VRAI
11816;985;01/10/2023;52;FAUX
11817;985;01/01/2024;78;VRAI
11818;985;01/04/2024;51;FAUX
11819;985;01/07/2024;80;FAUX
11820;985;01/10/2024;73;FAUX
11821;986;01/01/2022;66;VRAI
11822;986;01/04/2022;51;FAUX
11823;986;01/07/2022;61;VRAI
11824;986;01/10/2022;91;FAUX
11825;986;01/01/2023;90;FAUX
11826;986;01/04/2023;57;VRAI
11827;986;01/07/2023;55;FAUX
11828;986;01/10/2023;60;VRAI
11829;986;01/01/2024;80;FAUX
11830;986;01/04/2024;96;VRAI
11831;986;01/07/2024;54;FAUX
11832;986;01/10/2024;75;FAUX
11833;987;01/01/2022;80;FAUX
11834;987;01/04/2022;56;FAUX
11835;987;01/07/2022;58;VRAI
11836;987;01/10/2022;84;VRAI
11837;987;01/01/2023;76;FAUX
11838;987;01/04/2023;74;VRAI
11839;987;01/07/2023;78;VRAI
11840;987;01/10/2023;83;VRAI
11841;987;01/01/2024;76;FAUX
11842;987;01/04/2024;51;FAUX
11843;987;01/07/2024;62;FAUX
11844;987;01/10/2024;54;FAUX
11845;988;01/01/2022;72;VRAI
11846;988;01/04/2022;79;VRAI
11847;988;01/07/2022;92;FAUX
11848;988;01/10/2022;99;FAUX
11849;988;01/01/2023;89;FAUX
11850;988;01/04/2023;98;VRAI
11851;988;01/07/2023;63;FAUX
11852;988;01/10/2023;96;VRAI
11853;988;01/01/2024;84;FAUX
11854;988;01/04/2024;56;VRAI
11855;988;01/07/2024;93;FAUX
11856;988;01/10/2024;71;VRAI
11857;989;01/01/2022;73;VRAI
11858;989;01/04/2022;59;VRAI
11859;989;01/07/2022;57;FAUX
11860;989;01/10/2022;97;FAUX
11861;989;01/01/2023;78;FAUX
11862;989;01/04/2023;78;VRAI
11863;989;01/07/2023;75;VRAI
11864;989;01/10/2023;81;FAUX
11865;989;01/01/2024;87;VRAI
11866;989;01/04/2024;55;FAUX
11867;989;01/07/2024;66;FAUX
11868;989;01/10/2024;71;FAUX
11869;990;01/01/2022;63;FAUX
11870;990;01/04/2022;68;FAUX
11871;990;01/07/2022;67;FAUX
11872;990;01/10/2022;86;FAUX
11873;990;01/01/2023;64;FAUX
11874;990;01/04/2023;89;VRAI
11875;990;01/07/2023;55;FAUX
11876;990;01/10/2023;51;FAUX
11877;990;01/01/2024;50;FAUX
11878;990;01/04/2024;97;VRAI
11879;990;01/07/2024;50;VRAI
11880;990;01/10/2024;65;VRAI
11881;991;01/01/2022;97;FAUX
11882;991;01/04/2022;87;FAUX
11883;991;01/07/2022;71;FAUX
11884;991;01/10/2022;84;VRAI
11885;991;01/01/2023;89;VRAI
11886;991;01/04/2023;85;VRAI
11887;991;01/07/2023;53;VRAI
11888;991;01/10/2023;54;VRAI
11889;991;01/01/2024;80;FAUX
11890;991;01/04/2024;79;VRAI
11891;991;01/07/2024;61;VRAI
11892;991;01/10/2024;94;FAUX
11893;992;01/01/2022;79;FAUX
11894;992;01/04/2022;63;FAUX
11895;992;01/07/2022;68;FAUX
11896;992;01/10/2022;75;VRAI
11897;992;01/01/2023;77;FAUX
11898;992;01/04/2023;54;FAUX
11899;992;01/07/2023;67;VRAI
11900;992;01/10/2023;63;FAUX
11901;992;01/01/2024;72;VRAI
11902;992;01/04/2024;63;FAUX
11903;992;01/07/2024;54;FAUX
11904;992;01/10/2024;77;VRAI
11905;993;01/01/2022;61;FAUX
11906;993;01/04/2022;85;VRAI
11907;993;01/07/2022;62;FAUX
11908;993;01/10/2022;94;FAUX
11909;993;01/01/2023;56;VRAI
11910;993;01/04/2023;83;VRAI
11911;993;01/07/2023;99;FAUX
11912;993;01/10/2023;70;FAUX
11913;993;01/01/2024;55;FAUX
11914;993;01/04/2024;84;FAUX
11915;993;01/07/2024;96;VRAI
11916;993;01/10/2024;69;FAUX
11917;994;01/01/2022;90;VRAI
11918;994;01/04/2022;81;FAUX
11919;994;01/07/2022;63;FAUX
11920;994;01/10/2022;93;VRAI
11921;994;01/01/2023;92;VRAI
11922;994;01/04/2023;66;VRAI
11923;994;01/07/2023;58;FAUX
11924;994;01/10/2023;94;FAUX
11925;994;01/01/2024;84;VRAI
11926;994;01/04/2024;66;FAUX
11927;994;01/07/2024;50;VRAI
11928;994;01/10/2024;58;VRAI
11929;995;01/01/2022;98;VRAI
11930;995;01/04/2022;62;VRAI
11931;995;01/07/2022;81;FAUX
11932;995;01/10/2022;80;FAUX
11933;995;01/01/2023;57;FAUX
11934;995;01/04/2023;83;VRAI
11935;995;01/07/2023;59;VRAI
11936;995;01/10/2023;97;VRAI
11937;995;01/01/2024;82;VRAI
11938;995;01/04/2024;53;VRAI
11939;995;01/07/2024;82;FAUX
11940;995;01/10/2024;97;FAUX
11941;996;01/01/2022;81;VRAI
11942;996;01/04/2022;95;VRAI
11943;996;01/07/2022;61;FAUX
11944;996;01/10/2022;61;FAUX
11945;996;01/01/2023;84;FAUX
11946;996;01/04/2023;70;VRAI
11947;996;01/07/2023;51;VRAI
11948;996;01/10/2023;70;VRAI
11949;996;01/01/2024;60;FAUX
11950;996;01/04/2024;67;VRAI
11951;996;01/07/2024;80;FAUX
11952;996;01/10/2024;75;VRAI
11953;997;01/01/2022;51;VRAI
11954;997;01/04/2022;56;FAUX
11955;997;01/07/2022;88;FAUX
11956;997;01/10/2022;75;VRAI
11957;997;01/01/2023;63;VRAI
11958;997;01/04/2023;74;FAUX
11959;997;01/07/2023;80;FAUX
11960;997;01/10/2023;51;VRAI
11961;997;01/01/2024;96;VRAI
11962;997;01/04/2024;78;VRAI
11963;997;01/07/2024;91;VRAI
11964;997;01/10/2024;98;VRAI
11965;998;01/01/2022;81;FAUX
11966;998;01/04/2022;64;FAUX
11967;998;01/07/2022;63;VRAI
11968;998;01/10/2022;66;FAUX
11969;998;01/01/2023;79;VRAI
11970;998;01/04/2023;65;FAUX
11971;998;01/07/2023;57;FAUX
11972;998;01/10/2023;88;VRAI
11973;998;01/01/2024;61;VRAI
11974;998;01/04/2024;61;VRAI
11975;998;01/07/2024;87;FAUX
11976;998;01/10/2024;67;VRAI
11977;999;01/01/2022;52;VRAI
11978;999;01/04/2022;84;VRAI
11979;999;01/07/2022;84;VRAI
11980;999;01/10/2022;76;VRAI
11981;999;01/01/2023;95;VRAI
11982;999;01/04/2023;65;FAUX
11983;999;01/07/2023;74;VRAI
11984;999;01/10/2023;66;VRAI
11985;999;01/01/2024;79;VRAI
11986;999;01/04/2024;53;FAUX
11987;999;01/07/2024;58;FAUX
11988;999;01/10/2024;80;VRAI
11989;1000;01/01/2022;86;FAUX
11990;1000;01/04/2022;54;FAUX
11991;1000;01/07/2022;73;VRAI
11992;1000;01/10/2022;99;VRAI
11993;1000;01/01/2023;80;VRAI
11994;1000;01/04/2023;68;VRAI
11995;1000;01/07/2023;84;VRAI
11996;1000;01/10/2023;99;FAUX
11997;1000;01/01/2024;55;FAUX
11998;1000;01/04/2024;86;FAUX
11999;1000;01/07/2024;50;VRAI
12000;1000;01/10/2024;57;FAUX
12001;1001;01/01/2022;74;VRAI
12002;1001;01/04/2022;87;FAUX
12003;1001;01/07/2022;63;VRAI
12004;1001;01/10/2022;51;VRAI
12005;1001;01/01/2023;79;FAUX
12006;1001;01/04/2023;53;VRAI
12007;1001;01/07/2023;56;FAUX
12008;1001;01/10/2023;52;VRAI
12009;1001;01/01/2024;63;FAUX
12010;1001;01/04/2024;60;VRAI
12011;1001;01/07/2024;63;VRAI
12012;1001;01/10/2024;57;VRAI
12013;1002;01/01/2022;56;VRAI
12014;1002;01/04/2022;56;FAUX
12015;1002;01/07/2022;52;VRAI
12016;1002;01/10/2022;67;VRAI
12017;1002;01/01/2023;82;VRAI
12018;1002;01/04/2023;77;FAUX
12019;1002;01/07/2023;65;VRAI
12020;1002;01/10/2023;78;VRAI
12021;1002;01/01/2024;67;VRAI
12022;1002;01/04/2024;95;FAUX
12023;1002;01/07/2024;68;VRAI
12024;1002;01/10/2024;55;VRAI
12025;1003;01/01/2022;99;FAUX
12026;1003;01/04/2022;96;VRAI
12027;1003;01/07/2022;76;VRAI
12028;1003;01/10/2022;76;VRAI
12029;1003;01/01/2023;66;VRAI
12030;1003;01/04/2023;60;VRAI
12031;1003;01/07/2023;51;VRAI
12032;1003;01/10/2023;61;FAUX
12033;1003;01/01/2024;91;FAUX
12034;1003;01/04/2024;60;FAUX
12035;1003;01/07/2024;77;VRAI
12036;1003;01/10/2024;63;VRAI
12037;1004;01/01/2022;54;VRAI
12038;1004;01/04/2022;91;FAUX
12039;1004;01/07/2022;99;VRAI
12040;1004;01/10/2022;54;VRAI
12041;1004;01/01/2023;92;FAUX
12042;1004;01/04/2023;59;VRAI
12043;1004;01/07/2023;88;VRAI
12044;1004;01/10/2023;78;VRAI
12045;1004;01/01/2024;97;FAUX
12046;1004;01/04/2024;60;VRAI
12047;1004;01/07/2024;64;FAUX
12048;1004;01/10/2024;51;FAUX
12049;1005;01/01/2022;68;FAUX
12050;1005;01/04/2022;99;VRAI
12051;1005;01/07/2022;60;FAUX
12052;1005;01/10/2022;90;VRAI
12053;1005;01/01/2023;52;FAUX
12054;1005;01/04/2023;67;VRAI
12055;1005;01/07/2023;74;FAUX
12056;1005;01/10/2023;99;VRAI
12057;1005;01/01/2024;64;FAUX
12058;1005;01/04/2024;66;FAUX
12059;1005;01/07/2024;80;FAUX
12060;1005;01/10/2024;92;FAUX
12061;1006;01/01/2022;84;VRAI
12062;1006;01/04/2022;63;VRAI
12063;1006;01/07/2022;85;FAUX
12064;1006;01/10/2022;54;FAUX
12065;1006;01/01/2023;74;FAUX
12066;1006;01/04/2023;88;FAUX
12067;1006;01/07/2023;89;VRAI
12068;1006;01/10/2023;77;VRAI
12069;1006;01/01/2024;50;VRAI
12070;1006;01/04/2024;92;FAUX
12071;1006;01/07/2024;56;VRAI
12072;1006;01/10/2024;85;VRAI
12073;1007;01/01/2022;73;FAUX
12074;1007;01/04/2022;99;VRAI
12075;1007;01/07/2022;97;VRAI
12076;1007;01/10/2022;61;VRAI
12077;1007;01/01/2023;81;FAUX
12078;1007;01/04/2023;71;VRAI
12079;1007;01/07/2023;89;VRAI
12080;1007;01/10/2023;68;VRAI
12081;1007;01/01/2024;98;VRAI
12082;1007;01/04/2024;51;FAUX
12083;1007;01/07/2024;78;FAUX
12084;1007;01/10/2024;60;FAUX
12085;1008;01/01/2022;53;FAUX
12086;1008;01/04/2022;50;VRAI
12087;1008;01/07/2022;75;VRAI
12088;1008;01/10/2022;72;FAUX
12089;1008;01/01/2023;68;VRAI
12090;1008;01/04/2023;89;VRAI
12091;1008;01/07/2023;53;VRAI
12092;1008;01/10/2023;65;VRAI
12093;1008;01/01/2024;86;FAUX
12094;1008;01/04/2024;76;VRAI
12095;1008;01/07/2024;64;VRAI
12096;1008;01/10/2024;98;VRAI
12097;1009;01/01/2022;67;VRAI
12098;1009;01/04/2022;75;FAUX
12099;1009;01/07/2022;93;FAUX
12100;1009;01/10/2022;66;FAUX
12101;1009;01/01/2023;95;FAUX
12102;1009;01/04/2023;91;FAUX
12103;1009;01/07/2023;99;VRAI
12104;1009;01/10/2023;69;FAUX
12105;1009;01/01/2024;84;FAUX
12106;1009;01/04/2024;97;VRAI
12107;1009;01/07/2024;97;FAUX
12108;1009;01/10/2024;94;FAUX
12109;1010;01/01/2022;53;VRAI
12110;1010;01/04/2022;70;FAUX
12111;1010;01/07/2022;51;FAUX
12112;1010;01/10/2022;56;VRAI
12113;1010;01/01/2023;92;VRAI
12114;1010;01/04/2023;58;VRAI
12115;1010;01/07/2023;66;VRAI
12116;1010;01/10/2023;82;VRAI
12117;1010;01/01/2024;61;VRAI
12118;1010;01/04/2024;94;FAUX
12119;1010;01/07/2024;60;VRAI
12120;1010;01/10/2024;80;VRAI
12121;1011;01/01/2022;87;FAUX
12122;1011;01/04/2022;80;FAUX
12123;1011;01/07/2022;55;FAUX
12124;1011;01/10/2022;70;FAUX
12125;1011;01/01/2023;68;VRAI
12126;1011;01/04/2023;75;VRAI
12127;1011;01/07/2023;86;FAUX
12128;1011;01/10/2023;54;FAUX
12129;1011;01/01/2024;85;FAUX
12130;1011;01/04/2024;77;FAUX
12131;1011;01/07/2024;52;VRAI
12132;1011;01/10/2024;57;VRAI
12133;1012;01/01/2022;76;VRAI
12134;1012;01/04/2022;85;FAUX
12135;1012;01/07/2022;75;VRAI
12136;1012;01/10/2022;93;FAUX
12137;1012;01/01/2023;61;VRAI
12138;1012;01/04/2023;90;FAUX
12139;1012;01/07/2023;75;VRAI
12140;1012;01/10/2023;64;FAUX
12141;1012;01/01/2024;83;FAUX
12142;1012;01/04/2024;78;VRAI
12143;1012;01/07/2024;63;FAUX
12144;1012;01/10/2024;53;VRAI
12145;1013;01/01/2022;87;FAUX
12146;1013;01/04/2022;86;FAUX
12147;1013;01/07/2022;73;VRAI
12148;1013;01/10/2022;62;FAUX
12149;1013;01/01/2023;66;VRAI
12150;1013;01/04/2023;76;VRAI
12151;1013;01/07/2023;82;VRAI
12152;1013;01/10/2023;66;FAUX
12153;1013;01/01/2024;74;VRAI
12154;1013;01/04/2024;76;VRAI
12155;1013;01/07/2024;95;FAUX
12156;1013;01/10/2024;64;FAUX
12157;1014;01/01/2022;69;FAUX
12158;1014;01/04/2022;51;FAUX
12159;1014;01/07/2022;94;VRAI
12160;1014;01/10/2022;81;VRAI
12161;1014;01/01/2023;71;VRAI
12162;1014;01/04/2023;76;VRAI
12163;1014;01/07/2023;66;FAUX
12164;1014;01/10/2023;92;VRAI
12165;1014;01/01/2024;65;FAUX
12166;1014;01/04/2024;82;FAUX
12167;1014;01/07/2024;83;VRAI
12168;1014;01/10/2024;63;VRAI
12169;1015;01/01/2022;90;VRAI
12170;1015;01/04/2022;89;VRAI
12171;1015;01/07/2022;96;FAUX
12172;1015;01/10/2022;83;VRAI
12173;1015;01/01/2023;84;VRAI
12174;1015;01/04/2023;78;VRAI
12175;1015;01/07/2023;67;FAUX
12176;1015;01/10/2023;66;FAUX
12177;1015;01/01/2024;80;VRAI
12178;1015;01/04/2024;81;FAUX
12179;1015;01/07/2024;77;VRAI
12180;1015;01/10/2024;57;FAUX
12181;1016;01/01/2022;90;VRAI
12182;1016;01/04/2022;89;VRAI
12183;1016;01/07/2022;71;FAUX
12184;1016;01/10/2022;87;FAUX
12185;1016;01/01/2023;90;VRAI
12186;1016;01/04/2023;68;VRAI
12187;1016;01/07/2023;51;FAUX
12188;1016;01/10/2023;81;FAUX
12189;1016;01/01/2024;68;FAUX
12190;1016;01/04/2024;79;FAUX
12191;1016;01/07/2024;63;FAUX
12192;1016;01/10/2024;50;VRAI
12193;1017;01/01/2022;51;FAUX
12194;1017;01/04/2022;95;FAUX
12195;1017;01/07/2022;82;VRAI
12196;1017;01/10/2022;99;VRAI
12197;1017;01/01/2023;71;FAUX
12198;1017;01/04/2023;88;VRAI
12199;1017;01/07/2023;90;VRAI
12200;1017;01/10/2023;53;VRAI
12201;1017;01/01/2024;70;VRAI
12202;1017;01/04/2024;53;FAUX
12203;1017;01/07/2024;76;VRAI
12204;1017;01/10/2024;66;FAUX
12205;1018;01/01/2022;80;VRAI
12206;1018;01/04/2022;75;VRAI
12207;1018;01/07/2022;84;VRAI
12208;1018;01/10/2022;54;FAUX
12209;1018;01/01/2023;97;FAUX
12210;1018;01/04/2023;70;FAUX
12211;1018;01/07/2023;65;FAUX
12212;1018;01/10/2023;96;FAUX
12213;1018;01/01/2024;77;FAUX
12214;1018;01/04/2024;63;FAUX
12215;1018;01/07/2024;97;VRAI
12216;1018;01/10/2024;89;FAUX
12217;1019;01/01/2022;70;VRAI
12218;1019;01/04/2022;60;FAUX
12219;1019;01/07/2022;60;FAUX
12220;1019;01/10/2022;81;FAUX
12221;1019;01/01/2023;68;FAUX
12222;1019;01/04/2023;54;VRAI
12223;1019;01/07/2023;77;FAUX
12224;1019;01/10/2023;72;FAUX
12225;1019;01/01/2024;57;FAUX
12226;1019;01/04/2024;78;VRAI
12227;1019;01/07/2024;74;FAUX
12228;1019;01/10/2024;95;VRAI
12229;1020;01/01/2022;86;VRAI
12230;1020;01/04/2022;56;VRAI
12231;1020;01/07/2022;55;VRAI
12232;1020;01/10/2022;64;FAUX
12233;1020;01/01/2023;83;FAUX
12234;1020;01/04/2023;78;FAUX
12235;1020;01/07/2023;78;VRAI
12236;1020;01/10/2023;59;VRAI
12237;1020;01/01/2024;53;FAUX
12238;1020;01/04/2024;91;FAUX
12239;1020;01/07/2024;53;FAUX
12240;1020;01/10/2024;77;FAUX
12241;1021;01/01/2022;55;FAUX
12242;1021;01/04/2022;84;VRAI
12243;1021;01/07/2022;50;VRAI
12244;1021;01/10/2022;50;VRAI
12245;1021;01/01/2023;57;FAUX
12246;1021;01/04/2023;84;VRAI
12247;1021;01/07/2023;99;FAUX
12248;1021;01/10/2023;75;VRAI
12249;1021;01/01/2024;87;FAUX
12250;1021;01/04/2024;51;FAUX
12251;1021;01/07/2024;85;VRAI
12252;1021;01/10/2024;79;FAUX
12253;1022;01/01/2022;56;VRAI
12254;1022;01/04/2022;60;VRAI
12255;1022;01/07/2022;57;VRAI
12256;1022;01/10/2022;73;FAUX
12257;1022;01/01/2023;79;FAUX
12258;1022;01/04/2023;64;FAUX
12259;1022;01/07/2023;84;VRAI
12260;1022;01/10/2023;73;FAUX
12261;1022;01/01/2024;92;FAUX
12262;1022;01/04/2024;69;VRAI
12263;1022;01/07/2024;96;FAUX
12264;1022;01/10/2024;73;FAUX
12265;1023;01/01/2022;54;VRAI
12266;1023;01/04/2022;85;VRAI
12267;1023;01/07/2022;78;VRAI
12268;1023;01/10/2022;76;VRAI
12269;1023;01/01/2023;57;FAUX
12270;1023;01/04/2023;78;VRAI
12271;1023;01/07/2023;80;VRAI
12272;1023;01/10/2023;59;VRAI
12273;1023;01/01/2024;59;FAUX
12274;1023;01/04/2024;82;VRAI
12275;1023;01/07/2024;53;VRAI
12276;1023;01/10/2024;54;VRAI
12277;1024;01/01/2022;88;VRAI
12278;1024;01/04/2022;54;FAUX
12279;1024;01/07/2022;57;VRAI
12280;1024;01/10/2022;50;FAUX
12281;1024;01/01/2023;99;FAUX
12282;1024;01/04/2023;84;FAUX
12283;1024;01/07/2023;63;FAUX
12284;1024;01/10/2023;67;FAUX
12285;1024;01/01/2024;64;FAUX
12286;1024;01/04/2024;82;VRAI
12287;1024;01/07/2024;83;VRAI
12288;1024;01/10/2024;74;FAUX
12289;1025;01/01/2022;57;VRAI
12290;1025;01/04/2022;70;VRAI
12291;1025;01/07/2022;95;VRAI
12292;1025;01/10/2022;93;VRAI
12293;1025;01/01/2023;60;FAUX
12294;1025;01/04/2023;70;VRAI
12295;1025;01/07/2023;67;FAUX
12296;1025;01/10/2023;91;FAUX
12297;1025;01/01/2024;89;FAUX
12298;1025;01/04/2024;79;VRAI
12299;1025;01/07/2024;94;VRAI
12300;1025;01/10/2024;94;VRAI
12301;1026;01/01/2022;70;FAUX
12302;1026;01/04/2022;51;VRAI
12303;1026;01/07/2022;51;VRAI
12304;1026;01/10/2022;92;VRAI
12305;1026;01/01/2023;80;FAUX
12306;1026;01/04/2023;72;FAUX
12307;1026;01/07/2023;96;VRAI
12308;1026;01/10/2023;82;VRAI
12309;1026;01/01/2024;63;FAUX
12310;1026;01/04/2024;67;VRAI
12311;1026;01/07/2024;88;VRAI
12312;1026;01/10/2024;52;FAUX
12313;1027;01/01/2022;57;VRAI
12314;1027;01/04/2022;57;VRAI
12315;1027;01/07/2022;97;FAUX
12316;1027;01/10/2022;71;FAUX
12317;1027;01/01/2023;54;VRAI
12318;1027;01/04/2023;69;FAUX
12319;1027;01/07/2023;62;FAUX
12320;1027;01/10/2023;81;FAUX
12321;1027;01/01/2024;52;VRAI
12322;1027;01/04/2024;91;FAUX
12323;1027;01/07/2024;62;VRAI
12324;1027;01/10/2024;70;VRAI
12325;1028;01/01/2022;86;VRAI
12326;1028;01/04/2022;56;VRAI
12327;1028;01/07/2022;77;FAUX
12328;1028;01/10/2022;96;FAUX
12329;1028;01/01/2023;54;FAUX
12330;1028;01/04/2023;56;VRAI
12331;1028;01/07/2023;83;FAUX
12332;1028;01/10/2023;99;FAUX
12333;1028;01/01/2024;82;VRAI
12334;1028;01/04/2024;76;FAUX
12335;1028;01/07/2024;68;FAUX
12336;1028;01/10/2024;87;FAUX
12337;1029;01/01/2022;52;VRAI
12338;1029;01/04/2022;84;VRAI
12339;1029;01/07/2022;98;VRAI
12340;1029;01/10/2022;68;FAUX
12341;1029;01/01/2023;68;VRAI
12342;1029;01/04/2023;60;VRAI
12343;1029;01/07/2023;70;FAUX
12344;1029;01/10/2023;83;VRAI
12345;1029;01/01/2024;56;FAUX
12346;1029;01/04/2024;93;FAUX
12347;1029;01/07/2024;76;FAUX
12348;1029;01/10/2024;99;VRAI
12349;1030;01/01/2022;87;FAUX
12350;1030;01/04/2022;69;VRAI
12351;1030;01/07/2022;57;VRAI
12352;1030;01/10/2022;52;FAUX
12353;1030;01/01/2023;71;FAUX
12354;1030;01/04/2023;88;FAUX
12355;1030;01/07/2023;85;FAUX
12356;1030;01/10/2023;73;FAUX
12357;1030;01/01/2024;66;FAUX
12358;1030;01/04/2024;68;VRAI
12359;1030;01/07/2024;61;FAUX
12360;1030;01/10/2024;81;VRAI
12361;1031;01/01/2022;80;VRAI
12362;1031;01/04/2022;72;FAUX
12363;1031;01/07/2022;79;VRAI
12364;1031;01/10/2022;75;FAUX
12365;1031;01/01/2023;60;FAUX
12366;1031;01/04/2023;94;FAUX
12367;1031;01/07/2023;96;FAUX
12368;1031;01/10/2023;74;FAUX
12369;1031;01/01/2024;59;FAUX
12370;1031;01/04/2024;56;FAUX
12371;1031;01/07/2024;51;FAUX
12372;1031;01/10/2024;70;VRAI
12373;1032;01/01/2022;56;FAUX
12374;1032;01/04/2022;87;VRAI
12375;1032;01/07/2022;57;VRAI
12376;1032;01/10/2022;74;FAUX
12377;1032;01/01/2023;77;FAUX
12378;1032;01/04/2023;80;FAUX
12379;1032;01/07/2023;85;VRAI
12380;1032;01/10/2023;90;VRAI
12381;1032;01/01/2024;87;VRAI
12382;1032;01/04/2024;61;VRAI
12383;1032;01/07/2024;86;VRAI
12384;1032;01/10/2024;67;FAUX
12385;1033;01/01/2022;55;VRAI
12386;1033;01/04/2022;60;VRAI
12387;1033;01/07/2022;95;FAUX
12388;1033;01/10/2022;51;VRAI
12389;1033;01/01/2023;78;FAUX
12390;1033;01/04/2023;91;VRAI
12391;1033;01/07/2023;72;FAUX
12392;1033;01/10/2023;56;FAUX
12393;1033;01/01/2024;62;FAUX
12394;1033;01/04/2024;59;FAUX
12395;1033;01/07/2024;65;VRAI
12396;1033;01/10/2024;92;VRAI
12397;1034;01/01/2022;70;FAUX
12398;1034;01/04/2022;84;VRAI
12399;1034;01/07/2022;97;FAUX
12400;1034;01/10/2022;78;VRAI
12401;1034;01/01/2023;98;FAUX
12402;1034;01/04/2023;50;VRAI
12403;1034;01/07/2023;76;FAUX
12404;1034;01/10/2023;76;VRAI
12405;1034;01/01/2024;90;VRAI
12406;1034;01/04/2024;63;FAUX
12407;1034;01/07/2024;69;FAUX
12408;1034;01/10/2024;70;VRAI
12409;1035;01/01/2022;60;FAUX
12410;1035;01/04/2022;51;FAUX
12411;1035;01/07/2022;73;VRAI
12412;1035;01/10/2022;74;VRAI
12413;1035;01/01/2023;71;VRAI
12414;1035;01/04/2023;73;VRAI
12415;1035;01/07/2023;61;FAUX
12416;1035;01/10/2023;80;VRAI
12417;1035;01/01/2024;80;VRAI
12418;1035;01/04/2024;79;VRAI
12419;1035;01/07/2024;69;FAUX
12420;1035;01/10/2024;93;FAUX
12421;1036;01/01/2022;84;VRAI
12422;1036;01/04/2022;96;FAUX
12423;1036;01/07/2022;77;VRAI
12424;1036;01/10/2022;66;FAUX
12425;1036;01/01/2023;99;FAUX
12426;1036;01/04/2023;96;VRAI
12427;1036;01/07/2023;77;FAUX
12428;1036;01/10/2023;52;VRAI
12429;1036;01/01/2024;64;FAUX
12430;1036;01/04/2024;71;FAUX
12431;1036;01/07/2024;98;VRAI
12432;1036;01/10/2024;80;VRAI
12433;1037;01/01/2022;60;FAUX
12434;1037;01/04/2022;72;VRAI
12435;1037;01/07/2022;65;FAUX
12436;1037;01/10/2022;87;FAUX
12437;1037;01/01/2023;68;VRAI
12438;1037;01/04/2023;62;VRAI
12439;1037;01/07/2023;81;FAUX
12440;1037;01/10/2023;58;FAUX
12441;1037;01/01/2024;95;VRAI
12442;1037;01/04/2024;86;VRAI
12443;1037;01/07/2024;80;VRAI
12444;1037;01/10/2024;68;VRAI
12445;1038;01/01/2022;51;VRAI
12446;1038;01/04/2022;81;VRAI
12447;1038;01/07/2022;83;VRAI
12448;1038;01/10/2022;70;VRAI
12449;1038;01/01/2023;52;VRAI
12450;1038;01/04/2023;93;VRAI
12451;1038;01/07/2023;82;VRAI
12452;1038;01/10/2023;79;FAUX
12453;1038;01/01/2024;75;FAUX
12454;1038;01/04/2024;87;VRAI
12455;1038;01/07/2024;80;FAUX
12456;1038;01/10/2024;72;FAUX
12457;1039;01/01/2022;74;VRAI
12458;1039;01/04/2022;50;FAUX
12459;1039;01/07/2022;67;VRAI
12460;1039;01/10/2022;91;FAUX
12461;1039;01/01/2023;55;VRAI
12462;1039;01/04/2023;95;VRAI
12463;1039;01/07/2023;57;FAUX
12464;1039;01/10/2023;91;VRAI
12465;1039;01/01/2024;86;VRAI
12466;1039;01/04/2024;76;FAUX
12467;1039;01/07/2024;55;FAUX
12468;1039;01/10/2024;94;FAUX
12469;1040;01/01/2022;71;FAUX
12470;1040;01/04/2022;76;VRAI
12471;1040;01/07/2022;51;VRAI
12472;1040;01/10/2022;60;FAUX
12473;1040;01/01/2023;92;VRAI
12474;1040;01/04/2023;63;FAUX
12475;1040;01/07/2023;87;FAUX
12476;1040;01/10/2023;85;FAUX
12477;1040;01/01/2024;84;VRAI
12478;1040;01/04/2024;55;VRAI
12479;1040;01/07/2024;50;FAUX
12480;1040;01/10/2024;67;VRAI
12481;1041;01/01/2022;81;VRAI
12482;1041;01/04/2022;72;FAUX
12483;1041;01/07/2022;85;FAUX
12484;1041;01/10/2022;66;FAUX
12485;1041;01/01/2023;80;FAUX
12486;1041;01/04/2023;83;FAUX
12487;1041;01/07/2023;93;VRAI
12488;1041;01/10/2023;85;FAUX
12489;1041;01/01/2024;91;VRAI
12490;1041;01/04/2024;59;VRAI
12491;1041;01/07/2024;95;VRAI
12492;1041;01/10/2024;61;VRAI
12493;1042;01/01/2022;98;VRAI
12494;1042;01/04/2022;52;FAUX
12495;1042;01/07/2022;71;FAUX
12496;1042;01/10/2022;57;FAUX
12497;1042;01/01/2023;69;FAUX
12498;1042;01/04/2023;63;FAUX
12499;1042;01/07/2023;65;FAUX
12500;1042;01/10/2023;96;FAUX
12501;1042;01/01/2024;65;FAUX
12502;1042;01/04/2024;68;VRAI
12503;1042;01/07/2024;61;VRAI
12504;1042;01/10/2024;54;FAUX
12505;1043;01/01/2022;66;VRAI
12506;1043;01/04/2022;57;FAUX
12507;1043;01/07/2022;89;FAUX
12508;1043;01/10/2022;59;FAUX
12509;1043;01/01/2023;94;FAUX
12510;1043;01/04/2023;65;VRAI
12511;1043;01/07/2023;65;FAUX
12512;1043;01/10/2023;52;VRAI
12513;1043;01/01/2024;71;VRAI
12514;1043;01/04/2024;77;FAUX
12515;1043;01/07/2024;94;FAUX
12516;1043;01/10/2024;53;FAUX
12517;1044;01/01/2022;73;VRAI
12518;1044;01/04/2022;60;FAUX
12519;1044;01/07/2022;95;FAUX
12520;1044;01/10/2022;95;VRAI
12521;1044;01/01/2023;88;VRAI
12522;1044;01/04/2023;67;FAUX
12523;1044;01/07/2023;63;VRAI
12524;1044;01/10/2023;67;VRAI
12525;1044;01/01/2024;93;FAUX
12526;1044;01/04/2024;61;FAUX
12527;1044;01/07/2024;76;FAUX
12528;1044;01/10/2024;73;VRAI
12529;1045;01/01/2022;82;VRAI
12530;1045;01/04/2022;65;FAUX
12531;1045;01/07/2022;61;VRAI
12532;1045;01/10/2022;86;VRAI
12533;1045;01/01/2023;62;FAUX
12534;1045;01/04/2023;57;FAUX
12535;1045;01/07/2023;52;VRAI
12536;1045;01/10/2023;69;FAUX
12537;1045;01/01/2024;53;FAUX
12538;1045;01/04/2024;94;FAUX
12539;1045;01/07/2024;85;VRAI
12540;1045;01/10/2024;94;VRAI
12541;1046;01/01/2022;89;FAUX
12542;1046;01/04/2022;65;FAUX
12543;1046;01/07/2022;92;FAUX
12544;1046;01/10/2022;85;FAUX
12545;1046;01/01/2023;50;VRAI
12546;1046;01/04/2023;95;FAUX
12547;1046;01/07/2023;60;FAUX
12548;1046;01/10/2023;65;VRAI
12549;1046;01/01/2024;73;FAUX
12550;1046;01/04/2024;53;VRAI
12551;1046;01/07/2024;64;FAUX
12552;1046;01/10/2024;80;VRAI
12553;1047;01/01/2022;59;VRAI
12554;1047;01/04/2022;74;VRAI
12555;1047;01/07/2022;54;FAUX
12556;1047;01/10/2022;91;FAUX
12557;1047;01/01/2023;87;VRAI
12558;1047;01/04/2023;89;FAUX
12559;1047;01/07/2023;67;VRAI
12560;1047;01/10/2023;69;FAUX
12561;1047;01/01/2024;57;VRAI
12562;1047;01/04/2024;86;VRAI
12563;1047;01/07/2024;97;FAUX
12564;1047;01/10/2024;86;VRAI
12565;1048;01/01/2022;53;VRAI
12566;1048;01/04/2022;71;FAUX
12567;1048;01/07/2022;82;FAUX
12568;1048;01/10/2022;73;FAUX
12569;1048;01/01/2023;53;FAUX
12570;1048;01/04/2023;62;FAUX
12571;1048;01/07/2023;98;FAUX
12572;1048;01/10/2023;60;VRAI
12573;1048;01/01/2024;88;FAUX
12574;1048;01/04/2024;92;FAUX
12575;1048;01/07/2024;57;VRAI
12576;1048;01/10/2024;72;FAUX
12577;1049;01/01/2022;96;FAUX
12578;1049;01/04/2022;65;FAUX
12579;1049;01/07/2022;77;FAUX
12580;1049;01/10/2022;93;FAUX
12581;1049;01/01/2023;63;FAUX
12582;1049;01/04/2023;70;FAUX
12583;1049;01/07/2023;65;FAUX
12584;1049;01/10/2023;93;FAUX
12585;1049;01/01/2024;72;FAUX
12586;1049;01/04/2024;78;FAUX
12587;1049;01/07/2024;92;VRAI
12588;1049;01/10/2024;56;VRAI
12589;1050;01/01/2022;93;VRAI
12590;1050;01/04/2022;66;VRAI
12591;1050;01/07/2022;55;FAUX
12592;1050;01/10/2022;69;FAUX
12593;1050;01/01/2023;58;FAUX
12594;1050;01/04/2023;82;FAUX
12595;1050;01/07/2023;83;VRAI
12596;1050;01/10/2023;82;FAUX
12597;1050;01/01/2024;97;FAUX
12598;1050;01/04/2024;99;FAUX
12599;1050;01/07/2024;72;FAUX
12600;1050;01/10/2024;94;FAUX
12601;1051;01/01/2022;93;VRAI
12602;1051;01/04/2022;86;VRAI
12603;1051;01/07/2022;79;VRAI
12604;1051;01/10/2022;97;FAUX
12605;1051;01/01/2023;91;FAUX
12606;1051;01/04/2023;65;FAUX
12607;1051;01/07/2023;51;VRAI
12608;1051;01/10/2023;92;VRAI
12609;1051;01/01/2024;60;FAUX
12610;1051;01/04/2024;96;VRAI
12611;1051;01/07/2024;56;VRAI
12612;1051;01/10/2024;79;VRAI
12613;1052;01/01/2022;80;FAUX
12614;1052;01/04/2022;74;FAUX
12615;1052;01/07/2022;79;FAUX
12616;1052;01/10/2022;99;FAUX
12617;1052;01/01/2023;78;VRAI
12618;1052;01/04/2023;99;FAUX
12619;1052;01/07/2023;83;VRAI
12620;1052;01/10/2023;87;VRAI
12621;1052;01/01/2024;82;VRAI
12622;1052;01/04/2024;61;FAUX
12623;1052;01/07/2024;99;FAUX
12624;1052;01/10/2024;86;VRAI
12625;1053;01/01/2022;68;FAUX
12626;1053;01/04/2022;50;VRAI
12627;1053;01/07/2022;89;VRAI
12628;1053;01/10/2022;65;FAUX
12629;1053;01/01/2023;92;VRAI
12630;1053;01/04/2023;92;VRAI
12631;1053;01/07/2023;57;FAUX
12632;1053;01/10/2023;63;VRAI
12633;1053;01/01/2024;91;VRAI
12634;1053;01/04/2024;67;FAUX
12635;1053;01/07/2024;51;FAUX
12636;1053;01/10/2024;78;VRAI
12637;1054;01/01/2022;56;FAUX
12638;1054;01/04/2022;76;FAUX
12639;1054;01/07/2022;69;VRAI
12640;1054;01/10/2022;63;FAUX
12641;1054;01/01/2023;90;VRAI
12642;1054;01/04/2023;79;VRAI
12643;1054;01/07/2023;80;FAUX
12644;1054;01/10/2023;59;VRAI
12645;1054;01/01/2024;68;FAUX
12646;1054;01/04/2024;72;VRAI
12647;1054;01/07/2024;93;VRAI
12648;1054;01/10/2024;81;FAUX
12649;1055;01/01/2022;53;VRAI
12650;1055;01/04/2022;97;VRAI
12651;1055;01/07/2022;62;FAUX
12652;1055;01/10/2022;52;FAUX
12653;1055;01/01/2023;78;VRAI
12654;1055;01/04/2023;80;VRAI
12655;1055;01/07/2023;85;FAUX
12656;1055;01/10/2023;71;FAUX
12657;1055;01/01/2024;90;VRAI
12658;1055;01/04/2024;94;FAUX
12659;1055;01/07/2024;78;VRAI
12660;1055;01/10/2024;99;VRAI
12661;1056;01/01/2022;96;FAUX
12662;1056;01/04/2022;81;VRAI
12663;1056;01/07/2022;76;FAUX
12664;1056;01/10/2022;74;VRAI
12665;1056;01/01/2023;94;VRAI
12666;1056;01/04/2023;60;VRAI
12667;1056;01/07/2023;58;VRAI
12668;1056;01/10/2023;56;FAUX
12669;1056;01/01/2024;68;FAUX
12670;1056;01/04/2024;99;FAUX
12671;1056;01/07/2024;74;VRAI
12672;1056;01/10/2024;97;VRAI
12673;1057;01/01/2022;76;VRAI
12674;1057;01/04/2022;86;VRAI
12675;1057;01/07/2022;97;FAUX
12676;1057;01/10/2022;63;FAUX
12677;1057;01/01/2023;98;VRAI
12678;1057;01/04/2023;70;FAUX
12679;1057;01/07/2023;75;VRAI
12680;1057;01/10/2023;51;VRAI
12681;1057;01/01/2024;64;VRAI
12682;1057;01/04/2024;73;FAUX
12683;1057;01/07/2024;87;FAUX
12684;1057;01/10/2024;86;VRAI
12685;1058;01/01/2022;55;FAUX
12686;1058;01/04/2022;71;FAUX
12687;1058;01/07/2022;51;FAUX
12688;1058;01/10/2022;66;FAUX
12689;1058;01/01/2023;50;VRAI
12690;1058;01/04/2023;62;FAUX
12691;1058;01/07/2023;86;FAUX
12692;1058;01/10/2023;79;VRAI
12693;1058;01/01/2024;72;VRAI
12694;1058;01/04/2024;99;FAUX
12695;1058;01/07/2024;59;VRAI
12696;1058;01/10/2024;85;FAUX
12697;1059;01/01/2022;75;VRAI
12698;1059;01/04/2022;62;VRAI
12699;1059;01/07/2022;89;FAUX
12700;1059;01/10/2022;72;VRAI
12701;1059;01/01/2023;60;FAUX
12702;1059;01/04/2023;58;VRAI
12703;1059;01/07/2023;94;VRAI
12704;1059;01/10/2023;54;VRAI
12705;1059;01/01/2024;60;VRAI
12706;1059;01/04/2024;84;FAUX
12707;1059;01/07/2024;76;VRAI
12708;1059;01/10/2024;61;VRAI
12709;1060;01/01/2022;91;FAUX
12710;1060;01/04/2022;62;FAUX
12711;1060;01/07/2022;62;VRAI
12712;1060;01/10/2022;75;VRAI
12713;1060;01/01/2023;78;VRAI
12714;1060;01/04/2023;71;VRAI
12715;1060;01/07/2023;73;FAUX
12716;1060;01/10/2023;68;FAUX
12717;1060;01/01/2024;80;VRAI
12718;1060;01/04/2024;88;VRAI
12719;1060;01/07/2024;81;VRAI
12720;1060;01/10/2024;95;FAUX
12721;1061;01/01/2022;97;FAUX
12722;1061;01/04/2022;78;VRAI
12723;1061;01/07/2022;83;VRAI
12724;1061;01/10/2022;84;FAUX
12725;1061;01/01/2023;86;FAUX
12726;1061;01/04/2023;96;FAUX
12727;1061;01/07/2023;98;VRAI
12728;1061;01/10/2023;68;VRAI
12729;1061;01/01/2024;90;FAUX
12730;1061;01/04/2024;65;FAUX
12731;1061;01/07/2024;87;FAUX
12732;1061;01/10/2024;74;VRAI
12733;1062;01/01/2022;54;VRAI
12734;1062;01/04/2022;72;VRAI
12735;1062;01/07/2022;50;FAUX
12736;1062;01/10/2022;53;FAUX
12737;1062;01/01/2023;77;FAUX
12738;1062;01/04/2023;63;VRAI
12739;1062;01/07/2023;53;FAUX
12740;1062;01/10/2023;60;VRAI
12741;1062;01/01/2024;81;FAUX
12742;1062;01/04/2024;50;FAUX
12743;1062;01/07/2024;82;VRAI
12744;1062;01/10/2024;76;FAUX
12745;1063;01/01/2022;54;VRAI
12746;1063;01/04/2022;74;FAUX
12747;1063;01/07/2022;83;VRAI
12748;1063;01/10/2022;53;FAUX
12749;1063;01/01/2023;80;VRAI
12750;1063;01/04/2023;86;FAUX
12751;1063;01/07/2023;85;VRAI
12752;1063;01/10/2023;71;VRAI
12753;1063;01/01/2024;99;FAUX
12754;1063;01/04/2024;85;FAUX
12755;1063;01/07/2024;74;FAUX
12756;1063;01/10/2024;87;FAUX
12757;1064;01/01/2022;85;FAUX
12758;1064;01/04/2022;92;FAUX
12759;1064;01/07/2022;90;FAUX
12760;1064;01/10/2022;53;VRAI
12761;1064;01/01/2023;87;FAUX
12762;1064;01/04/2023;94;VRAI
12763;1064;01/07/2023;52;VRAI
12764;1064;01/10/2023;81;VRAI
12765;1064;01/01/2024;50;VRAI
12766;1064;01/04/2024;51;VRAI
12767;1064;01/07/2024;71;FAUX
12768;1064;01/10/2024;95;VRAI
12769;1065;01/01/2022;62;FAUX
12770;1065;01/04/2022;72;VRAI
12771;1065;01/07/2022;80;VRAI
12772;1065;01/10/2022;87;VRAI
12773;1065;01/01/2023;84;FAUX
12774;1065;01/04/2023;94;VRAI
12775;1065;01/07/2023;62;FAUX
12776;1065;01/10/2023;56;VRAI
12777;1065;01/01/2024;78;FAUX
12778;1065;01/04/2024;57;FAUX
12779;1065;01/07/2024;56;VRAI
12780;1065;01/10/2024;88;VRAI
12781;1066;01/01/2022;85;FAUX
12782;1066;01/04/2022;81;FAUX
12783;1066;01/07/2022;94;FAUX
12784;1066;01/10/2022;79;VRAI
12785;1066;01/01/2023;91;VRAI
12786;1066;01/04/2023;54;VRAI
12787;1066;01/07/2023;71;FAUX
12788;1066;01/10/2023;71;FAUX
12789;1066;01/01/2024;71;FAUX
12790;1066;01/04/2024;78;VRAI
12791;1066;01/07/2024;91;FAUX
12792;1066;01/10/2024;62;VRAI
12793;1067;01/01/2022;59;FAUX
12794;1067;01/04/2022;53;VRAI
12795;1067;01/07/2022;81;FAUX
12796;1067;01/10/2022;69;FAUX
12797;1067;01/01/2023;69;FAUX
12798;1067;01/04/2023;58;FAUX
12799;1067;01/07/2023;62;VRAI
12800;1067;01/10/2023;88;FAUX
12801;1067;01/01/2024;63;FAUX
12802;1067;01/04/2024;86;FAUX
12803;1067;01/07/2024;94;FAUX
12804;1067;01/10/2024;57;VRAI
12805;1068;01/01/2022;90;FAUX
12806;1068;01/04/2022;72;VRAI
12807;1068;01/07/2022;80;FAUX
12808;1068;01/10/2022;78;VRAI
12809;1068;01/01/2023;59;VRAI
12810;1068;01/04/2023;98;VRAI
12811;1068;01/07/2023;81;VRAI
12812;1068;01/10/2023;94;VRAI
12813;1068;01/01/2024;50;VRAI
12814;1068;01/04/2024;86;FAUX
12815;1068;01/07/2024;67;FAUX
12816;1068;01/10/2024;80;FAUX
12817;1069;01/01/2022;50;VRAI
12818;1069;01/04/2022;85;VRAI
12819;1069;01/07/2022;58;FAUX
12820;1069;01/10/2022;77;FAUX
12821;1069;01/01/2023;59;FAUX
12822;1069;01/04/2023;96;VRAI
12823;1069;01/07/2023;51;FAUX
12824;1069;01/10/2023;86;FAUX
12825;1069;01/01/2024;80;VRAI
12826;1069;01/04/2024;81;VRAI
12827;1069;01/07/2024;61;FAUX
12828;1069;01/10/2024;52;VRAI
12829;1070;01/01/2022;97;FAUX
12830;1070;01/04/2022;63;FAUX
12831;1070;01/07/2022;75;FAUX
12832;1070;01/10/2022;57;VRAI
12833;1070;01/01/2023;98;FAUX
12834;1070;01/04/2023;56;VRAI
12835;1070;01/07/2023;90;FAUX
12836;1070;01/10/2023;57;FAUX
12837;1070;01/01/2024;64;VRAI
12838;1070;01/04/2024;67;FAUX
12839;1070;01/07/2024;86;VRAI
12840;1070;01/10/2024;94;VRAI
12841;1071;01/01/2022;92;FAUX
12842;1071;01/04/2022;84;FAUX
12843;1071;01/07/2022;71;VRAI
12844;1071;01/10/2022;86;VRAI
12845;1071;01/01/2023;85;VRAI
12846;1071;01/04/2023;97;VRAI
12847;1071;01/07/2023;76;FAUX
12848;1071;01/10/2023;85;FAUX
12849;1071;01/01/2024;67;VRAI
12850;1071;01/04/2024;74;FAUX
12851;1071;01/07/2024;80;VRAI
12852;1071;01/10/2024;86;FAUX
12853;1072;01/01/2022;72;FAUX
12854;1072;01/04/2022;55;VRAI
12855;1072;01/07/2022;64;FAUX
12856;1072;01/10/2022;87;VRAI
12857;1072;01/01/2023;73;VRAI
12858;1072;01/04/2023;50;FAUX
12859;1072;01/07/2023;85;VRAI
12860;1072;01/10/2023;67;FAUX
12861;1072;01/01/2024;82;FAUX
12862;1072;01/04/2024;92;FAUX
12863;1072;01/07/2024;66;FAUX
12864;1072;01/10/2024;63;FAUX
12865;1073;01/01/2022;95;FAUX
12866;1073;01/04/2022;57;FAUX
12867;1073;01/07/2022;51;VRAI
12868;1073;01/10/2022;53;FAUX
12869;1073;01/01/2023;69;FAUX
12870;1073;01/04/2023;84;FAUX
12871;1073;01/07/2023;59;FAUX
12872;1073;01/10/2023;64;FAUX
12873;1073;01/01/2024;50;FAUX
12874;1073;01/04/2024;76;VRAI
12875;1073;01/07/2024;64;FAUX
12876;1073;01/10/2024;69;FAUX
12877;1074;01/01/2022;99;FAUX
12878;1074;01/04/2022;58;FAUX
12879;1074;01/07/2022;81;VRAI
12880;1074;01/10/2022;91;VRAI
12881;1074;01/01/2023;89;VRAI
12882;1074;01/04/2023;86;FAUX
12883;1074;01/07/2023;96;VRAI
12884;1074;01/10/2023;59;VRAI
12885;1074;01/01/2024;79;VRAI
12886;1074;01/04/2024;70;FAUX
12887;1074;01/07/2024;83;VRAI
12888;1074;01/10/2024;83;FAUX
12889;1075;01/01/2022;61;VRAI
12890;1075;01/04/2022;70;VRAI
12891;1075;01/07/2022;69;FAUX
12892;1075;01/10/2022;99;FAUX
12893;1075;01/01/2023;94;FAUX
12894;1075;01/04/2023;61;VRAI
12895;1075;01/07/2023;80;FAUX
12896;1075;01/10/2023;65;FAUX
12897;1075;01/01/2024;50;FAUX
12898;1075;01/04/2024;96;FAUX
12899;1075;01/07/2024;50;FAUX
12900;1075;01/10/2024;96;VRAI
12901;1076;01/01/2022;62;FAUX
12902;1076;01/04/2022;94;FAUX
12903;1076;01/07/2022;80;FAUX
12904;1076;01/10/2022;56;VRAI
12905;1076;01/01/2023;89;VRAI
12906;1076;01/04/2023;77;FAUX
12907;1076;01/07/2023;93;FAUX
12908;1076;01/10/2023;93;FAUX
12909;1076;01/01/2024;81;VRAI
12910;1076;01/04/2024;83;FAUX
12911;1076;01/07/2024;53;VRAI
12912;1076;01/10/2024;64;VRAI
12913;1077;01/01/2022;66;VRAI
12914;1077;01/04/2022;87;VRAI
12915;1077;01/07/2022;76;VRAI
12916;1077;01/10/2022;64;VRAI
12917;1077;01/01/2023;77;FAUX
12918;1077;01/04/2023;53;VRAI
12919;1077;01/07/2023;83;VRAI
12920;1077;01/10/2023;86;FAUX
12921;1077;01/01/2024;53;VRAI
12922;1077;01/04/2024;81;VRAI
12923;1077;01/07/2024;97;FAUX
12924;1077;01/10/2024;90;FAUX
12925;1078;01/01/2022;65;FAUX
12926;1078;01/04/2022;50;FAUX
12927;1078;01/07/2022;81;VRAI
12928;1078;01/10/2022;53;VRAI
12929;1078;01/01/2023;95;FAUX
12930;1078;01/04/2023;61;FAUX
12931;1078;01/07/2023;79;FAUX
12932;1078;01/10/2023;81;FAUX
12933;1078;01/01/2024;85;VRAI
12934;1078;01/04/2024;66;VRAI
12935;1078;01/07/2024;63;VRAI
12936;1078;01/10/2024;93;FAUX
12937;1079;01/01/2022;87;FAUX
12938;1079;01/04/2022;76;VRAI
12939;1079;01/07/2022;94;FAUX
12940;1079;01/10/2022;95;VRAI
12941;1079;01/01/2023;81;VRAI
12942;1079;01/04/2023;74;VRAI
12943;1079;01/07/2023;65;VRAI
12944;1079;01/10/2023;90;FAUX
12945;1079;01/01/2024;63;VRAI
12946;1079;01/04/2024;79;FAUX
12947;1079;01/07/2024;56;FAUX
12948;1079;01/10/2024;52;VRAI
12949;1080;01/01/2022;95;VRAI
12950;1080;01/04/2022;92;VRAI
12951;1080;01/07/2022;94;FAUX
12952;1080;01/10/2022;91;VRAI
12953;1080;01/01/2023;98;FAUX
12954;1080;01/04/2023;81;FAUX
12955;1080;01/07/2023;98;VRAI
12956;1080;01/10/2023;60;FAUX
12957;1080;01/01/2024;67;VRAI
12958;1080;01/04/2024;55;FAUX
12959;1080;01/07/2024;81;FAUX
12960;1080;01/10/2024;93;VRAI
12961;1081;01/01/2022;53;VRAI
12962;1081;01/04/2022;92;FAUX
12963;1081;01/07/2022;83;FAUX
12964;1081;01/10/2022;56;VRAI
12965;1081;01/01/2023;64;FAUX
12966;1081;01/04/2023;81;FAUX
12967;1081;01/07/2023;89;VRAI
12968;1081;01/10/2023;74;VRAI
12969;1081;01/01/2024;63;FAUX
12970;1081;01/04/2024;84;FAUX
12971;1081;01/07/2024;74;FAUX
12972;1081;01/10/2024;65;FAUX
12973;1082;01/01/2022;65;VRAI
12974;1082;01/04/2022;98;VRAI
12975;1082;01/07/2022;72;VRAI
12976;1082;01/10/2022;54;FAUX
12977;1082;01/01/2023;84;VRAI
12978;1082;01/04/2023;96;VRAI
12979;1082;01/07/2023;54;FAUX
12980;1082;01/10/2023;52;FAUX
12981;1082;01/01/2024;72;FAUX
12982;1082;01/04/2024;51;FAUX
12983;1082;01/07/2024;79;FAUX
12984;1082;01/10/2024;54;FAUX
12985;1083;01/01/2022;98;VRAI
12986;1083;01/04/2022;50;FAUX
12987;1083;01/07/2022;90;FAUX
12988;1083;01/10/2022;93;FAUX
12989;1083;01/01/2023;82;VRAI
12990;1083;01/04/2023;99;FAUX
12991;1083;01/07/2023;51;VRAI
12992;1083;01/10/2023;50;VRAI
12993;1083;01/01/2024;82;FAUX
12994;1083;01/04/2024;61;VRAI
12995;1083;01/07/2024;85;VRAI
12996;1083;01/10/2024;69;FAUX
12997;1084;01/01/2022;75;VRAI
12998;1084;01/04/2022;80;VRAI
12999;1084;01/07/2022;87;FAUX
13000;1084;01/10/2022;75;FAUX
13001;1084;01/01/2023;91;VRAI
13002;1084;01/04/2023;61;VRAI
13003;1084;01/07/2023;73;VRAI
13004;1084;01/10/2023;58;VRAI
13005;1084;01/01/2024;53;VRAI
13006;1084;01/04/2024;91;FAUX
13007;1084;01/07/2024;95;FAUX
13008;1084;01/10/2024;77;FAUX
13009;1085;01/01/2022;77;FAUX
13010;1085;01/04/2022;78;FAUX
13011;1085;01/07/2022;54;VRAI
13012;1085;01/10/2022;86;VRAI
13013;1085;01/01/2023;77;VRAI
13014;1085;01/04/2023;96;VRAI
13015;1085;01/07/2023;78;FAUX
13016;1085;01/10/2023;87;FAUX
13017;1085;01/01/2024;89;FAUX
13018;1085;01/04/2024;83;VRAI
13019;1085;01/07/2024;98;FAUX
13020;1085;01/10/2024;63;FAUX
13021;1086;01/01/2022;82;FAUX
13022;1086;01/04/2022;83;FAUX
13023;1086;01/07/2022;85;VRAI
13024;1086;01/10/2022;97;VRAI
13025;1086;01/01/2023;72;FAUX
13026;1086;01/04/2023;66;FAUX
13027;1086;01/07/2023;60;FAUX
13028;1086;01/10/2023;86;VRAI
13029;1086;01/01/2024;53;VRAI
13030;1086;01/04/2024;79;FAUX
13031;1086;01/07/2024;72;FAUX
13032;1086;01/10/2024;85;FAUX
13033;1087;01/01/2022;54;VRAI
13034;1087;01/04/2022;92;FAUX
13035;1087;01/07/2022;68;VRAI
13036;1087;01/10/2022;57;VRAI
13037;1087;01/01/2023;89;VRAI
13038;1087;01/04/2023;86;FAUX
13039;1087;01/07/2023;76;FAUX
13040;1087;01/10/2023;73;VRAI
13041;1087;01/01/2024;51;FAUX
13042;1087;01/04/2024;63;FAUX
13043;1087;01/07/2024;66;FAUX
13044;1087;01/10/2024;55;VRAI
13045;1088;01/01/2022;66;VRAI
13046;1088;01/04/2022;87;FAUX
13047;1088;01/07/2022;89;FAUX
13048;1088;01/10/2022;55;FAUX
13049;1088;01/01/2023;97;FAUX
13050;1088;01/04/2023;98;VRAI
13051;1088;01/07/2023;84;VRAI
13052;1088;01/10/2023;61;VRAI
13053;1088;01/01/2024;78;VRAI
13054;1088;01/04/2024;55;VRAI
13055;1088;01/07/2024;56;VRAI
13056;1088;01/10/2024;90;FAUX
13057;1089;01/01/2022;54;VRAI
13058;1089;01/04/2022;70;FAUX
13059;1089;01/07/2022;53;VRAI
13060;1089;01/10/2022;56;VRAI
13061;1089;01/01/2023;85;VRAI
13062;1089;01/04/2023;64;FAUX
13063;1089;01/07/2023;51;FAUX
13064;1089;01/10/2023;54;VRAI
13065;1089;01/01/2024;71;VRAI
13066;1089;01/04/2024;80;FAUX
13067;1089;01/07/2024;57;VRAI
13068;1089;01/10/2024;91;VRAI
13069;1090;01/01/2022;50;VRAI
13070;1090;01/04/2022;89;VRAI
13071;1090;01/07/2022;93;FAUX
13072;1090;01/10/2022;91;FAUX
13073;1090;01/01/2023;86;FAUX
13074;1090;01/04/2023;56;VRAI
13075;1090;01/07/2023;74;FAUX
13076;1090;01/10/2023;71;VRAI
13077;1090;01/01/2024;90;VRAI
13078;1090;01/04/2024;87;FAUX
13079;1090;01/07/2024;88;VRAI
13080;1090;01/10/2024;51;VRAI
13081;1091;01/01/2022;57;FAUX
13082;1091;01/04/2022;92;FAUX
13083;1091;01/07/2022;69;VRAI
13084;1091;01/10/2022;94;VRAI
13085;1091;01/01/2023;97;FAUX
13086;1091;01/04/2023;66;FAUX
13087;1091;01/07/2023;62;FAUX
13088;1091;01/10/2023;69;FAUX
13089;1091;01/01/2024;74;VRAI
13090;1091;01/04/2024;71;FAUX
13091;1091;01/07/2024;97;VRAI
13092;1091;01/10/2024;66;FAUX
13093;1092;01/01/2022;60;VRAI
13094;1092;01/04/2022;54;VRAI
13095;1092;01/07/2022;75;FAUX
13096;1092;01/10/2022;89;VRAI
13097;1092;01/01/2023;97;FAUX
13098;1092;01/04/2023;53;FAUX
13099;1092;01/07/2023;57;VRAI
13100;1092;01/10/2023;94;VRAI
13101;1092;01/01/2024;90;VRAI
13102;1092;01/04/2024;58;FAUX
13103;1092;01/07/2024;76;FAUX
13104;1092;01/10/2024;86;VRAI
13105;1093;01/01/2022;92;FAUX
13106;1093;01/04/2022;58;VRAI
13107;1093;01/07/2022;91;VRAI
13108;1093;01/10/2022;84;VRAI
13109;1093;01/01/2023;57;VRAI
13110;1093;01/04/2023;56;FAUX
13111;1093;01/07/2023;97;VRAI
13112;1093;01/10/2023;78;VRAI
13113;1093;01/01/2024;99;FAUX
13114;1093;01/04/2024;73;VRAI
13115;1093;01/07/2024;63;FAUX
13116;1093;01/10/2024;60;VRAI
13117;1094;01/01/2022;66;VRAI
13118;1094;01/04/2022;76;FAUX
13119;1094;01/07/2022;52;VRAI
13120;1094;01/10/2022;51;FAUX
13121;1094;01/01/2023;67;FAUX
13122;1094;01/04/2023;70;VRAI
13123;1094;01/07/2023;63;FAUX
13124;1094;01/10/2023;51;FAUX
13125;1094;01/01/2024;68;FAUX
13126;1094;01/04/2024;77;VRAI
13127;1094;01/07/2024;54;VRAI
13128;1094;01/10/2024;77;FAUX
13129;1095;01/01/2022;90;FAUX
13130;1095;01/04/2022;75;VRAI
13131;1095;01/07/2022;54;VRAI
13132;1095;01/10/2022;95;VRAI
13133;1095;01/01/2023;81;FAUX
13134;1095;01/04/2023;75;VRAI
13135;1095;01/07/2023;64;VRAI
13136;1095;01/10/2023;53;VRAI
13137;1095;01/01/2024;85;FAUX
13138;1095;01/04/2024;76;VRAI
13139;1095;01/07/2024;71;FAUX
13140;1095;01/10/2024;56;VRAI
13141;1096;01/01/2022;80;VRAI
13142;1096;01/04/2022;99;VRAI
13143;1096;01/07/2022;68;FAUX
13144;1096;01/10/2022;59;VRAI
13145;1096;01/01/2023;62;FAUX
13146;1096;01/04/2023;71;VRAI
13147;1096;01/07/2023;69;FAUX
13148;1096;01/10/2023;92;VRAI
13149;1096;01/01/2024;55;VRAI
13150;1096;01/04/2024;50;VRAI
13151;1096;01/07/2024;52;FAUX
13152;1096;01/10/2024;85;VRAI
13153;1097;01/01/2022;78;VRAI
13154;1097;01/04/2022;60;FAUX
13155;1097;01/07/2022;93;FAUX
13156;1097;01/10/2022;73;VRAI
13157;1097;01/01/2023;55;FAUX
13158;1097;01/04/2023;67;VRAI
13159;1097;01/07/2023;52;VRAI
13160;1097;01/10/2023;82;FAUX
13161;1097;01/01/2024;79;VRAI
13162;1097;01/04/2024;58;FAUX
13163;1097;01/07/2024;93;VRAI
13164;1097;01/10/2024;76;VRAI
13165;1098;01/01/2022;74;VRAI
13166;1098;01/04/2022;56;VRAI
13167;1098;01/07/2022;97;VRAI
13168;1098;01/10/2022;69;VRAI
13169;1098;01/01/2023;93;VRAI
13170;1098;01/04/2023;92;FAUX
13171;1098;01/07/2023;68;FAUX
13172;1098;01/10/2023;83;FAUX
13173;1098;01/01/2024;66;FAUX
13174;1098;01/04/2024;58;FAUX
13175;1098;01/07/2024;50;FAUX
13176;1098;01/10/2024;77;VRAI
13177;1099;01/01/2022;64;VRAI
13178;1099;01/04/2022;70;VRAI
13179;1099;01/07/2022;72;VRAI
13180;1099;01/10/2022;51;FAUX
13181;1099;01/01/2023;85;FAUX
13182;1099;01/04/2023;58;FAUX
13183;1099;01/07/2023;51;FAUX
13184;1099;01/10/2023;66;VRAI
13185;1099;01/01/2024;57;FAUX
13186;1099;01/04/2024;83;VRAI
13187;1099;01/07/2024;93;VRAI
13188;1099;01/10/2024;77;FAUX
13189;1100;01/01/2022;63;FAUX
13190;1100;01/04/2022;51;FAUX
13191;1100;01/07/2022;89;VRAI
13192;1100;01/10/2022;53;FAUX
13193;1100;01/01/2023;90;FAUX
13194;1100;01/04/2023;80;FAUX
13195;1100;01/07/2023;76;VRAI
13196;1100;01/10/2023;83;VRAI
13197;1100;01/01/2024;97;VRAI
13198;1100;01/04/2024;57;FAUX
13199;1100;01/07/2024;84;VRAI
13200;1100;01/10/2024;83;VRAI
13201;1101;01/01/2022;76;FAUX
13202;1101;01/04/2022;96;FAUX
13203;1101;01/07/2022;70;VRAI
13204;1101;01/10/2022;60;FAUX
13205;1101;01/01/2023;70;FAUX
13206;1101;01/04/2023;52;VRAI
13207;1101;01/07/2023;63;VRAI
13208;1101;01/10/2023;58;FAUX
13209;1101;01/01/2024;92;VRAI
13210;1101;01/04/2024;61;VRAI
13211;1101;01/07/2024;76;FAUX
13212;1101;01/10/2024;62;VRAI
13213;1102;01/01/2022;50;FAUX
13214;1102;01/04/2022;70;FAUX
13215;1102;01/07/2022;62;VRAI
13216;1102;01/10/2022;90;VRAI
13217;1102;01/01/2023;72;VRAI
13218;1102;01/04/2023;72;VRAI
13219;1102;01/07/2023;77;VRAI
13220;1102;01/10/2023;81;FAUX
13221;1102;01/01/2024;75;FAUX
13222;1102;01/04/2024;73;FAUX
13223;1102;01/07/2024;78;FAUX
13224;1102;01/10/2024;67;FAUX
13225;1103;01/01/2022;76;VRAI
13226;1103;01/04/2022;96;VRAI
13227;1103;01/07/2022;79;VRAI
13228;1103;01/10/2022;85;VRAI
13229;1103;01/01/2023;67;FAUX
13230;1103;01/04/2023;96;FAUX
13231;1103;01/07/2023;59;FAUX
13232;1103;01/10/2023;61;VRAI
13233;1103;01/01/2024;90;FAUX
13234;1103;01/04/2024;81;VRAI
13235;1103;01/07/2024;90;VRAI
13236;1103;01/10/2024;63;VRAI
13237;1104;01/01/2022;58;VRAI
13238;1104;01/04/2022;75;FAUX
13239;1104;01/07/2022;73;VRAI
13240;1104;01/10/2022;80;VRAI
13241;1104;01/01/2023;93;FAUX
13242;1104;01/04/2023;51;FAUX
13243;1104;01/07/2023;67;FAUX
13244;1104;01/10/2023;78;VRAI
13245;1104;01/01/2024;51;FAUX
13246;1104;01/04/2024;53;VRAI
13247;1104;01/07/2024;83;VRAI
13248;1104;01/10/2024;95;VRAI
13249;1105;01/01/2022;58;FAUX
13250;1105;01/04/2022;90;VRAI
13251;1105;01/07/2022;66;FAUX
13252;1105;01/10/2022;72;VRAI
13253;1105;01/01/2023;60;FAUX
13254;1105;01/04/2023;67;VRAI
13255;1105;01/07/2023;77;FAUX
13256;1105;01/10/2023;91;FAUX
13257;1105;01/01/2024;85;FAUX
13258;1105;01/04/2024;60;VRAI
13259;1105;01/07/2024;89;VRAI
13260;1105;01/10/2024;65;FAUX
13261;1106;01/01/2022;58;VRAI
13262;1106;01/04/2022;83;VRAI
13263;1106;01/07/2022;62;FAUX
13264;1106;01/10/2022;53;FAUX
13265;1106;01/01/2023;95;FAUX
13266;1106;01/04/2023;60;FAUX
13267;1106;01/07/2023;84;VRAI
13268;1106;01/10/2023;88;VRAI
13269;1106;01/01/2024;61;VRAI
13270;1106;01/04/2024;92;VRAI
13271;1106;01/07/2024;62;FAUX
13272;1106;01/10/2024;63;FAUX
13273;1107;01/01/2022;51;FAUX
13274;1107;01/04/2022;57;FAUX
13275;1107;01/07/2022;62;VRAI
13276;1107;01/10/2022;70;FAUX
13277;1107;01/01/2023;82;VRAI
13278;1107;01/04/2023;86;FAUX
13279;1107;01/07/2023;75;VRAI
13280;1107;01/10/2023;60;VRAI
13281;1107;01/01/2024;94;FAUX
13282;1107;01/04/2024;68;FAUX
13283;1107;01/07/2024;86;FAUX
13284;1107;01/10/2024;78;VRAI
13285;1108;01/01/2022;86;VRAI
13286;1108;01/04/2022;73;FAUX
13287;1108;01/07/2022;90;FAUX
13288;1108;01/10/2022;61;FAUX
13289;1108;01/01/2023;68;VRAI
13290;1108;01/04/2023;98;FAUX
13291;1108;01/07/2023;64;VRAI
13292;1108;01/10/2023;98;VRAI
13293;1108;01/01/2024;58;FAUX
13294;1108;01/04/2024;62;FAUX
13295;1108;01/07/2024;63;FAUX
13296;1108;01/10/2024;68;VRAI
13297;1109;01/01/2022;81;VRAI
13298;1109;01/04/2022;72;VRAI
13299;1109;01/07/2022;67;FAUX
13300;1109;01/10/2022;63;FAUX
13301;1109;01/01/2023;73;VRAI
13302;1109;01/04/2023;81;VRAI
13303;1109;01/07/2023;94;VRAI
13304;1109;01/10/2023;53;VRAI
13305;1109;01/01/2024;75;FAUX
13306;1109;01/04/2024;54;FAUX
13307;1109;01/07/2024;82;FAUX
13308;1109;01/10/2024;63;FAUX
13309;1110;01/01/2022;56;FAUX
13310;1110;01/04/2022;51;FAUX
13311;1110;01/07/2022;84;VRAI
13312;1110;01/10/2022;89;FAUX
13313;1110;01/01/2023;57;FAUX
13314;1110;01/04/2023;67;VRAI
13315;1110;01/07/2023;90;FAUX
13316;1110;01/10/2023;53;VRAI
13317;1110;01/01/2024;63;FAUX
13318;1110;01/04/2024;97;VRAI
13319;1110;01/07/2024;69;VRAI
13320;1110;01/10/2024;72;FAUX
13321;1111;01/01/2022;96;VRAI
13322;1111;01/04/2022;80;FAUX
13323;1111;01/07/2022;90;VRAI
13324;1111;01/10/2022;62;VRAI
13325;1111;01/01/2023;72;FAUX
13326;1111;01/04/2023;61;FAUX
13327;1111;01/07/2023;65;FAUX
13328;1111;01/10/2023;78;VRAI
13329;1111;01/01/2024;55;VRAI
13330;1111;01/04/2024;82;VRAI
13331;1111;01/07/2024;95;VRAI
13332;1111;01/10/2024;90;FAUX
13333;1112;01/01/2022;87;VRAI
13334;1112;01/04/2022;80;FAUX
13335;1112;01/07/2022;89;VRAI
13336;1112;01/10/2022;86;FAUX
13337;1112;01/01/2023;88;FAUX
13338;1112;01/04/2023;79;FAUX
13339;1112;01/07/2023;82;FAUX
13340;1112;01/10/2023;79;FAUX
13341;1112;01/01/2024;63;VRAI
13342;1112;01/04/2024;97;FAUX
13343;1112;01/07/2024;56;FAUX
13344;1112;01/10/2024;59;FAUX
13345;1113;01/01/2022;93;FAUX
13346;1113;01/04/2022;62;VRAI
13347;1113;01/07/2022;82;FAUX
13348;1113;01/10/2022;77;VRAI
13349;1113;01/01/2023;81;VRAI
13350;1113;01/04/2023;97;VRAI
13351;1113;01/07/2023;75;VRAI
13352;1113;01/10/2023;75;VRAI
13353;1113;01/01/2024;73;VRAI
13354;1113;01/04/2024;83;FAUX
13355;1113;01/07/2024;69;VRAI
13356;1113;01/10/2024;79;FAUX
13357;1114;01/01/2022;69;VRAI
13358;1114;01/04/2022;67;FAUX
13359;1114;01/07/2022;69;FAUX
13360;1114;01/10/2022;91;FAUX
13361;1114;01/01/2023;74;VRAI
13362;1114;01/04/2023;90;VRAI
13363;1114;01/07/2023;93;VRAI
13364;1114;01/10/2023;95;VRAI
13365;1114;01/01/2024;68;FAUX
13366;1114;01/04/2024;54;FAUX
13367;1114;01/07/2024;58;VRAI
13368;1114;01/10/2024;64;FAUX
13369;1115;01/01/2022;79;FAUX
13370;1115;01/04/2022;85;FAUX
13371;1115;01/07/2022;88;FAUX
13372;1115;01/10/2022;64;FAUX
13373;1115;01/01/2023;88;FAUX
13374;1115;01/04/2023;71;VRAI
13375;1115;01/07/2023;78;VRAI
13376;1115;01/10/2023;80;VRAI
13377;1115;01/01/2024;51;VRAI
13378;1115;01/04/2024;94;VRAI
13379;1115;01/07/2024;71;VRAI
13380;1115;01/10/2024;99;VRAI
13381;1116;01/01/2022;59;FAUX
13382;1116;01/04/2022;70;VRAI
13383;1116;01/07/2022;52;VRAI
13384;1116;01/10/2022;90;VRAI
13385;1116;01/01/2023;85;FAUX
13386;1116;01/04/2023;52;FAUX
13387;1116;01/07/2023;62;VRAI
13388;1116;01/10/2023;79;VRAI
13389;1116;01/01/2024;56;FAUX
13390;1116;01/04/2024;78;FAUX
13391;1116;01/07/2024;59;VRAI
13392;1116;01/10/2024;69;VRAI
13393;1117;01/01/2022;78;VRAI
13394;1117;01/04/2022;70;VRAI
13395;1117;01/07/2022;83;FAUX
13396;1117;01/10/2022;81;VRAI
13397;1117;01/01/2023;63;VRAI
13398;1117;01/04/2023;84;VRAI
13399;1117;01/07/2023;73;VRAI
13400;1117;01/10/2023;50;FAUX
13401;1117;01/01/2024;55;VRAI
13402;1117;01/04/2024;53;FAUX
13403;1117;01/07/2024;50;VRAI
13404;1117;01/10/2024;90;VRAI
13405;1118;01/01/2022;85;VRAI
13406;1118;01/04/2022;90;VRAI
13407;1118;01/07/2022;94;VRAI
13408;1118;01/10/2022;80;FAUX
13409;1118;01/01/2023;78;VRAI
13410;1118;01/04/2023;70;VRAI
13411;1118;01/07/2023;75;VRAI
13412;1118;01/10/2023;55;FAUX
13413;1118;01/01/2024;96;VRAI
13414;1118;01/04/2024;95;VRAI
13415;1118;01/07/2024;90;VRAI
13416;1118;01/10/2024;64;FAUX
13417;1119;01/01/2022;80;FAUX
13418;1119;01/04/2022;60;FAUX
13419;1119;01/07/2022;51;FAUX
13420;1119;01/10/2022;65;VRAI
13421;1119;01/01/2023;80;FAUX
13422;1119;01/04/2023;88;VRAI
13423;1119;01/07/2023;93;FAUX
13424;1119;01/10/2023;97;FAUX
13425;1119;01/01/2024;65;VRAI
13426;1119;01/04/2024;74;FAUX
13427;1119;01/07/2024;62;VRAI
13428;1119;01/10/2024;79;VRAI
13429;1120;01/01/2022;54;FAUX
13430;1120;01/04/2022;63;VRAI
13431;1120;01/07/2022;83;FAUX
13432;1120;01/10/2022;78;FAUX
13433;1120;01/01/2023;64;FAUX
13434;1120;01/04/2023;74;FAUX
13435;1120;01/07/2023;94;FAUX
13436;1120;01/10/2023;89;VRAI
13437;1120;01/01/2024;98;VRAI
13438;1120;01/04/2024;81;FAUX
13439;1120;01/07/2024;63;VRAI
13440;1120;01/10/2024;52;VRAI
13441;1121;01/01/2022;52;VRAI
13442;1121;01/04/2022;74;FAUX
13443;1121;01/07/2022;50;VRAI
13444;1121;01/10/2022;54;FAUX
13445;1121;01/01/2023;79;VRAI
13446;1121;01/04/2023;78;VRAI
13447;1121;01/07/2023;91;FAUX
13448;1121;01/10/2023;58;FAUX
13449;1121;01/01/2024;70;VRAI
13450;1121;01/04/2024;61;FAUX
13451;1121;01/07/2024;99;FAUX
13452;1121;01/10/2024;77;VRAI
13453;1122;01/01/2022;89;VRAI
13454;1122;01/04/2022;81;VRAI
13455;1122;01/07/2022;83;VRAI
13456;1122;01/10/2022;63;VRAI
13457;1122;01/01/2023;76;FAUX
13458;1122;01/04/2023;75;FAUX
13459;1122;01/07/2023;73;VRAI
13460;1122;01/10/2023;65;VRAI
13461;1122;01/01/2024;50;FAUX
13462;1122;01/04/2024;70;FAUX
13463;1122;01/07/2024;96;VRAI
13464;1122;01/10/2024;92;FAUX
13465;1123;01/01/2022;54;FAUX
13466;1123;01/04/2022;85;FAUX
13467;1123;01/07/2022;70;FAUX
13468;1123;01/10/2022;58;VRAI
13469;1123;01/01/2023;97;FAUX
13470;1123;01/04/2023;61;FAUX
13471;1123;01/07/2023;84;VRAI
13472;1123;01/10/2023;99;FAUX
13473;1123;01/01/2024;79;VRAI
13474;1123;01/04/2024;82;FAUX
13475;1123;01/07/2024;89;VRAI
13476;1123;01/10/2024;79;FAUX
13477;1124;01/01/2022;70;VRAI
13478;1124;01/04/2022;92;VRAI
13479;1124;01/07/2022;80;FAUX
13480;1124;01/10/2022;66;VRAI
13481;1124;01/01/2023;83;FAUX
13482;1124;01/04/2023;73;FAUX
13483;1124;01/07/2023;82;VRAI
13484;1124;01/10/2023;53;VRAI
13485;1124;01/01/2024;51;VRAI
13486;1124;01/04/2024;87;VRAI
13487;1124;01/07/2024;64;VRAI
13488;1124;01/10/2024;91;VRAI
13489;1125;01/01/2022;80;FAUX
13490;1125;01/04/2022;90;VRAI
13491;1125;01/07/2022;91;VRAI
13492;1125;01/10/2022;72;FAUX
13493;1125;01/01/2023;57;VRAI
13494;1125;01/04/2023;70;VRAI
13495;1125;01/07/2023;81;VRAI
13496;1125;01/10/2023;86;FAUX
13497;1125;01/01/2024;57;FAUX
13498;1125;01/04/2024;60;FAUX
13499;1125;01/07/2024;59;FAUX
13500;1125;01/10/2024;96;FAUX
13501;1126;01/01/2022;66;VRAI
13502;1126;01/04/2022;91;VRAI
13503;1126;01/07/2022;77;FAUX
13504;1126;01/10/2022;61;FAUX
13505;1126;01/01/2023;70;VRAI
13506;1126;01/04/2023;73;FAUX
13507;1126;01/07/2023;86;VRAI
13508;1126;01/10/2023;82;FAUX
13509;1126;01/01/2024;86;VRAI
13510;1126;01/04/2024;68;FAUX
13511;1126;01/07/2024;64;VRAI
13512;1126;01/10/2024;92;FAUX
13513;1127;01/01/2022;99;VRAI
13514;1127;01/04/2022;81;FAUX
13515;1127;01/07/2022;58;FAUX
13516;1127;01/10/2022;53;FAUX
13517;1127;01/01/2023;94;VRAI
13518;1127;01/04/2023;52;FAUX
13519;1127;01/07/2023;71;FAUX
13520;1127;01/10/2023;88;VRAI
13521;1127;01/01/2024;98;VRAI
13522;1127;01/04/2024;97;VRAI
13523;1127;01/07/2024;71;FAUX
13524;1127;01/10/2024;97;VRAI
13525;1128;01/01/2022;83;VRAI
13526;1128;01/04/2022;69;FAUX
13527;1128;01/07/2022;86;VRAI
13528;1128;01/10/2022;76;FAUX
13529;1128;01/01/2023;96;VRAI
13530;1128;01/04/2023;81;FAUX
13531;1128;01/07/2023;78;VRAI
13532;1128;01/10/2023;97;FAUX
13533;1128;01/01/2024;73;VRAI
13534;1128;01/04/2024;76;VRAI
13535;1128;01/07/2024;89;VRAI
13536;1128;01/10/2024;56;VRAI
13537;1129;01/01/2022;86;VRAI
13538;1129;01/04/2022;79;VRAI
13539;1129;01/07/2022;67;VRAI
13540;1129;01/10/2022;71;FAUX
13541;1129;01/01/2023;67;VRAI
13542;1129;01/04/2023;66;VRAI
13543;1129;01/07/2023;80;VRAI
13544;1129;01/10/2023;85;VRAI
13545;1129;01/01/2024;78;FAUX
13546;1129;01/04/2024;89;FAUX
13547;1129;01/07/2024;82;VRAI
13548;1129;01/10/2024;65;FAUX
13549;1130;01/01/2022;83;FAUX
13550;1130;01/04/2022;89;FAUX
13551;1130;01/07/2022;92;FAUX
13552;1130;01/10/2022;67;VRAI
13553;1130;01/01/2023;96;FAUX
13554;1130;01/04/2023;55;FAUX
13555;1130;01/07/2023;61;FAUX
13556;1130;01/10/2023;58;FAUX
13557;1130;01/01/2024;91;FAUX
13558;1130;01/04/2024;98;FAUX
13559;1130;01/07/2024;65;FAUX
13560;1130;01/10/2024;99;VRAI
13561;1131;01/01/2022;65;FAUX
13562;1131;01/04/2022;90;FAUX
13563;1131;01/07/2022;53;VRAI
13564;1131;01/10/2022;51;VRAI
13565;1131;01/01/2023;59;VRAI
13566;1131;01/04/2023;88;FAUX
13567;1131;01/07/2023;86;FAUX
13568;1131;01/10/2023;53;FAUX
13569;1131;01/01/2024;87;FAUX
13570;1131;01/04/2024;51;FAUX
13571;1131;01/07/2024;65;FAUX
13572;1131;01/10/2024;72;VRAI
13573;1132;01/01/2022;62;VRAI
13574;1132;01/04/2022;88;VRAI
13575;1132;01/07/2022;86;VRAI
13576;1132;01/10/2022;98;VRAI
13577;1132;01/01/2023;64;FAUX
13578;1132;01/04/2023;52;VRAI
13579;1132;01/07/2023;53;VRAI
13580;1132;01/10/2023;99;FAUX
13581;1132;01/01/2024;52;VRAI
13582;1132;01/04/2024;57;VRAI
13583;1132;01/07/2024;74;FAUX
13584;1132;01/10/2024;90;FAUX
13585;1133;01/01/2022;61;VRAI
13586;1133;01/04/2022;82;FAUX
13587;1133;01/07/2022;74;VRAI
13588;1133;01/10/2022;84;VRAI
13589;1133;01/01/2023;64;FAUX
13590;1133;01/04/2023;75;FAUX
13591;1133;01/07/2023;59;FAUX
13592;1133;01/10/2023;84;VRAI
13593;1133;01/01/2024;87;VRAI
13594;1133;01/04/2024;73;VRAI
13595;1133;01/07/2024;95;VRAI
13596;1133;01/10/2024;93;VRAI
13597;1134;01/01/2022;75;VRAI
13598;1134;01/04/2022;84;FAUX
13599;1134;01/07/2022;85;FAUX
13600;1134;01/10/2022;55;FAUX
13601;1134;01/01/2023;75;VRAI
13602;1134;01/04/2023;98;VRAI
13603;1134;01/07/2023;86;VRAI
13604;1134;01/10/2023;87;VRAI
13605;1134;01/01/2024;86;VRAI
13606;1134;01/04/2024;63;FAUX
13607;1134;01/07/2024;86;VRAI
13608;1134;01/10/2024;76;FAUX
13609;1135;01/01/2022;71;FAUX
13610;1135;01/04/2022;69;FAUX
13611;1135;01/07/2022;97;VRAI
13612;1135;01/10/2022;53;FAUX
13613;1135;01/01/2023;56;VRAI
13614;1135;01/04/2023;79;FAUX
13615;1135;01/07/2023;89;FAUX
13616;1135;01/10/2023;68;VRAI
13617;1135;01/01/2024;80;FAUX
13618;1135;01/04/2024;53;VRAI
13619;1135;01/07/2024;74;FAUX
13620;1135;01/10/2024;92;FAUX
13621;1136;01/01/2022;99;VRAI
13622;1136;01/04/2022;98;FAUX
13623;1136;01/07/2022;93;FAUX
13624;1136;01/10/2022;79;FAUX
13625;1136;01/01/2023;65;VRAI
13626;1136;01/04/2023;66;VRAI
13627;1136;01/07/2023;99;VRAI
13628;1136;01/10/2023;64;VRAI
13629;1136;01/01/2024;97;FAUX
13630;1136;01/04/2024;69;VRAI
13631;1136;01/07/2024;82;FAUX
13632;1136;01/10/2024;62;FAUX
13633;1137;01/01/2022;53;VRAI
13634;1137;01/04/2022;57;VRAI
13635;1137;01/07/2022;73;FAUX
13636;1137;01/10/2022;95;FAUX
13637;1137;01/01/2023;79;VRAI
13638;1137;01/04/2023;82;VRAI
13639;1137;01/07/2023;75;FAUX
13640;1137;01/10/2023;82;VRAI
13641;1137;01/01/2024;74;FAUX
13642;1137;01/04/2024;94;VRAI
13643;1137;01/07/2024;90;FAUX
13644;1137;01/10/2024;98;VRAI
13645;1138;01/01/2022;55;FAUX
13646;1138;01/04/2022;93;FAUX
13647;1138;01/07/2022;70;VRAI
13648;1138;01/10/2022;88;FAUX
13649;1138;01/01/2023;53;FAUX
13650;1138;01/04/2023;52;FAUX
13651;1138;01/07/2023;50;FAUX
13652;1138;01/10/2023;62;FAUX
13653;1138;01/01/2024;67;FAUX
13654;1138;01/04/2024;60;FAUX
13655;1138;01/07/2024;78;FAUX
13656;1138;01/10/2024;74;FAUX
13657;1139;01/01/2022;85;FAUX
13658;1139;01/04/2022;93;FAUX
13659;1139;01/07/2022;77;VRAI
13660;1139;01/10/2022;57;VRAI
13661;1139;01/01/2023;84;FAUX
13662;1139;01/04/2023;67;VRAI
13663;1139;01/07/2023;74;FAUX
13664;1139;01/10/2023;90;VRAI
13665;1139;01/01/2024;96;FAUX
13666;1139;01/04/2024;72;VRAI
13667;1139;01/07/2024;93;VRAI
13668;1139;01/10/2024;80;VRAI
13669;1140;01/01/2022;90;FAUX
13670;1140;01/04/2022;52;VRAI
13671;1140;01/07/2022;89;VRAI
13672;1140;01/10/2022;62;FAUX
13673;1140;01/01/2023;54;VRAI
13674;1140;01/04/2023;88;VRAI
13675;1140;01/07/2023;90;VRAI
13676;1140;01/10/2023;57;FAUX
13677;1140;01/01/2024;53;VRAI
13678;1140;01/04/2024;71;FAUX
13679;1140;01/07/2024;68;VRAI
13680;1140;01/10/2024;84;FAUX
13681;1141;01/01/2022;82;FAUX
13682;1141;01/04/2022;50;VRAI
13683;1141;01/07/2022;65;FAUX
13684;1141;01/10/2022;78;VRAI
13685;1141;01/01/2023;93;FAUX
13686;1141;01/04/2023;73;FAUX
13687;1141;01/07/2023;58;FAUX
13688;1141;01/10/2023;57;FAUX
13689;1141;01/01/2024;64;VRAI
13690;1141;01/04/2024;71;VRAI
13691;1141;01/07/2024;64;FAUX
13692;1141;01/10/2024;50;FAUX
13693;1142;01/01/2022;90;FAUX
13694;1142;01/04/2022;51;FAUX
13695;1142;01/07/2022;51;VRAI
13696;1142;01/10/2022;56;FAUX
13697;1142;01/01/2023;98;FAUX
13698;1142;01/04/2023;90;FAUX
13699;1142;01/07/2023;90;VRAI
13700;1142;01/10/2023;54;VRAI
13701;1142;01/01/2024;87;FAUX
13702;1142;01/04/2024;50;VRAI
13703;1142;01/07/2024;66;FAUX
13704;1142;01/10/2024;64;VRAI
13705;1143;01/01/2022;66;VRAI
13706;1143;01/04/2022;72;VRAI
13707;1143;01/07/2022;59;VRAI
13708;1143;01/10/2022;50;VRAI
13709;1143;01/01/2023;97;VRAI
13710;1143;01/04/2023;61;FAUX
13711;1143;01/07/2023;99;FAUX
13712;1143;01/10/2023;50;FAUX
13713;1143;01/01/2024;93;VRAI
13714;1143;01/04/2024;53;FAUX
13715;1143;01/07/2024;61;FAUX
13716;1143;01/10/2024;50;FAUX
13717;1144;01/01/2022;50;VRAI
13718;1144;01/04/2022;61;FAUX
13719;1144;01/07/2022;70;VRAI
13720;1144;01/10/2022;62;VRAI
13721;1144;01/01/2023;90;FAUX
13722;1144;01/04/2023;82;FAUX
13723;1144;01/07/2023;74;VRAI
13724;1144;01/10/2023;73;VRAI
13725;1144;01/01/2024;75;FAUX
13726;1144;01/04/2024;87;VRAI
13727;1144;01/07/2024;98;VRAI
13728;1144;01/10/2024;85;VRAI
13729;1145;01/01/2022;69;VRAI
13730;1145;01/04/2022;79;FAUX
13731;1145;01/07/2022;72;VRAI
13732;1145;01/10/2022;91;FAUX
13733;1145;01/01/2023;80;FAUX
13734;1145;01/04/2023;50;VRAI
13735;1145;01/07/2023;53;VRAI
13736;1145;01/10/2023;79;VRAI
13737;1145;01/01/2024;97;VRAI
13738;1145;01/04/2024;70;FAUX
13739;1145;01/07/2024;99;FAUX
13740;1145;01/10/2024;55;FAUX
13741;1146;01/01/2022;70;VRAI
13742;1146;01/04/2022;68;VRAI
13743;1146;01/07/2022;86;VRAI
13744;1146;01/10/2022;78;FAUX
13745;1146;01/01/2023;77;FAUX
13746;1146;01/04/2023;50;FAUX
13747;1146;01/07/2023;74;VRAI
13748;1146;01/10/2023;70;FAUX
13749;1146;01/01/2024;75;FAUX
13750;1146;01/04/2024;84;VRAI
13751;1146;01/07/2024;66;VRAI
13752;1146;01/10/2024;91;FAUX
13753;1147;01/01/2022;93;FAUX
13754;1147;01/04/2022;88;VRAI
13755;1147;01/07/2022;91;VRAI
13756;1147;01/10/2022;86;FAUX
13757;1147;01/01/2023;60;FAUX
13758;1147;01/04/2023;51;FAUX
13759;1147;01/07/2023;65;FAUX
13760;1147;01/10/2023;65;FAUX
13761;1147;01/01/2024;51;VRAI
13762;1147;01/04/2024;78;FAUX
13763;1147;01/07/2024;59;VRAI
13764;1147;01/10/2024;72;FAUX
13765;1148;01/01/2022;80;VRAI
13766;1148;01/04/2022;64;VRAI
13767;1148;01/07/2022;82;FAUX
13768;1148;01/10/2022;66;FAUX
13769;1148;01/01/2023;85;FAUX
13770;1148;01/04/2023;58;FAUX
13771;1148;01/07/2023;52;FAUX
13772;1148;01/10/2023;51;FAUX
13773;1148;01/01/2024;72;FAUX
13774;1148;01/04/2024;68;VRAI
13775;1148;01/07/2024;84;FAUX
13776;1148;01/10/2024;99;FAUX
13777;1149;01/01/2022;69;VRAI
13778;1149;01/04/2022;90;FAUX
13779;1149;01/07/2022;87;VRAI
13780;1149;01/10/2022;78;FAUX
13781;1149;01/01/2023;87;VRAI
13782;1149;01/04/2023;73;VRAI
13783;1149;01/07/2023;78;VRAI
13784;1149;01/10/2023;94;FAUX
13785;1149;01/01/2024;88;FAUX
13786;1149;01/04/2024;79;VRAI
13787;1149;01/07/2024;53;FAUX
13788;1149;01/10/2024;54;FAUX
13789;1150;01/01/2022;76;FAUX
13790;1150;01/04/2022;57;FAUX
13791;1150;01/07/2022;57;VRAI
13792;1150;01/10/2022;95;FAUX
13793;1150;01/01/2023;52;VRAI
13794;1150;01/04/2023;83;FAUX
13795;1150;01/07/2023;94;VRAI
13796;1150;01/10/2023;92;FAUX
13797;1150;01/01/2024;93;FAUX
13798;1150;01/04/2024;90;VRAI
13799;1150;01/07/2024;88;FAUX
13800;1150;01/10/2024;63;FAUX
13801;1151;01/01/2022;63;VRAI
13802;1151;01/04/2022;73;VRAI
13803;1151;01/07/2022;50;FAUX
13804;1151;01/10/2022;91;FAUX
13805;1151;01/01/2023;86;FAUX
13806;1151;01/04/2023;55;FAUX
13807;1151;01/07/2023;70;VRAI
13808;1151;01/10/2023;76;FAUX
13809;1151;01/01/2024;85;VRAI
13810;1151;01/04/2024;98;FAUX
13811;1151;01/07/2024;64;VRAI
13812;1151;01/10/2024;53;VRAI
13813;1152;01/01/2022;87;VRAI
13814;1152;01/04/2022;61;VRAI
13815;1152;01/07/2022;81;VRAI
13816;1152;01/10/2022;93;VRAI
13817;1152;01/01/2023;76;VRAI
13818;1152;01/04/2023;89;FAUX
13819;1152;01/07/2023;78;VRAI
13820;1152;01/10/2023;92;VRAI
13821;1152;01/01/2024;88;VRAI
13822;1152;01/04/2024;70;VRAI
13823;1152;01/07/2024;97;FAUX
13824;1152;01/10/2024;72;VRAI
13825;1153;01/01/2022;74;FAUX
13826;1153;01/04/2022;69;VRAI
13827;1153;01/07/2022;70;VRAI
13828;1153;01/10/2022;91;FAUX
13829;1153;01/01/2023;67;FAUX
13830;1153;01/04/2023;72;VRAI
13831;1153;01/07/2023;90;VRAI
13832;1153;01/10/2023;90;FAUX
13833;1153;01/01/2024;54;VRAI
13834;1153;01/04/2024;75;VRAI
13835;1153;01/07/2024;88;VRAI
13836;1153;01/10/2024;91;VRAI
13837;1154;01/01/2022;67;FAUX
13838;1154;01/04/2022;65;VRAI
13839;1154;01/07/2022;85;VRAI
13840;1154;01/10/2022;98;VRAI
13841;1154;01/01/2023;86;VRAI
13842;1154;01/04/2023;94;VRAI
13843;1154;01/07/2023;76;VRAI
13844;1154;01/10/2023;81;VRAI
13845;1154;01/01/2024;60;VRAI
13846;1154;01/04/2024;77;FAUX
13847;1154;01/07/2024;98;VRAI
13848;1154;01/10/2024;69;VRAI
13849;1155;01/01/2022;86;FAUX
13850;1155;01/04/2022;65;VRAI
13851;1155;01/07/2022;94;VRAI
13852;1155;01/10/2022;96;VRAI
13853;1155;01/01/2023;81;VRAI
13854;1155;01/04/2023;66;VRAI
13855;1155;01/07/2023;68;FAUX
13856;1155;01/10/2023;83;FAUX
13857;1155;01/01/2024;52;VRAI
13858;1155;01/04/2024;74;FAUX
13859;1155;01/07/2024;60;VRAI
13860;1155;01/10/2024;64;FAUX
13861;1156;01/01/2022;68;VRAI
13862;1156;01/04/2022;92;VRAI
13863;1156;01/07/2022;64;FAUX
13864;1156;01/10/2022;64;VRAI
13865;1156;01/01/2023;58;VRAI
13866;1156;01/04/2023;68;FAUX
13867;1156;01/07/2023;78;FAUX
13868;1156;01/10/2023;54;VRAI
13869;1156;01/01/2024;71;VRAI
13870;1156;01/04/2024;99;FAUX
13871;1156;01/07/2024;98;VRAI
13872;1156;01/10/2024;95;VRAI
13873;1157;01/01/2022;65;FAUX
13874;1157;01/04/2022;66;FAUX
13875;1157;01/07/2022;63;FAUX
13876;1157;01/10/2022;55;FAUX
13877;1157;01/01/2023;89;VRAI
13878;1157;01/04/2023;81;FAUX
13879;1157;01/07/2023;82;VRAI
13880;1157;01/10/2023;84;FAUX
13881;1157;01/01/2024;98;FAUX
13882;1157;01/04/2024;79;FAUX
13883;1157;01/07/2024;65;VRAI
13884;1157;01/10/2024;91;FAUX
13885;1158;01/01/2022;71;FAUX
13886;1158;01/04/2022;63;FAUX
13887;1158;01/07/2022;86;VRAI
13888;1158;01/10/2022;63;FAUX
13889;1158;01/01/2023;99;FAUX
13890;1158;01/04/2023;72;FAUX
13891;1158;01/07/2023;88;VRAI
13892;1158;01/10/2023;88;VRAI
13893;1158;01/01/2024;71;FAUX
13894;1158;01/04/2024;87;FAUX
13895;1158;01/07/2024;98;VRAI
13896;1158;01/10/2024;67;VRAI
13897;1159;01/01/2022;73;VRAI
13898;1159;01/04/2022;94;FAUX
13899;1159;01/07/2022;68;FAUX
13900;1159;01/10/2022;91;VRAI
13901;1159;01/01/2023;59;FAUX
13902;1159;01/04/2023;63;VRAI
13903;1159;01/07/2023;60;VRAI
13904;1159;01/10/2023;89;FAUX
13905;1159;01/01/2024;84;VRAI
13906;1159;01/04/2024;95;VRAI
13907;1159;01/07/2024;81;VRAI
13908;1159;01/10/2024;63;FAUX
13909;1160;01/01/2022;50;VRAI
13910;1160;01/04/2022;86;FAUX
13911;1160;01/07/2022;92;VRAI
13912;1160;01/10/2022;94;VRAI
13913;1160;01/01/2023;73;VRAI
13914;1160;01/04/2023;66;VRAI
13915;1160;01/07/2023;80;FAUX
13916;1160;01/10/2023;81;VRAI
13917;1160;01/01/2024;80;VRAI
13918;1160;01/04/2024;69;FAUX
13919;1160;01/07/2024;52;FAUX
13920;1160;01/10/2024;71;FAUX
13921;1161;01/01/2022;91;VRAI
13922;1161;01/04/2022;93;VRAI
13923;1161;01/07/2022;87;VRAI
13924;1161;01/10/2022;80;VRAI
13925;1161;01/01/2023;75;VRAI
13926;1161;01/04/2023;69;VRAI
13927;1161;01/07/2023;51;VRAI
13928;1161;01/10/2023;85;FAUX
13929;1161;01/01/2024;69;VRAI
13930;1161;01/04/2024;88;FAUX
13931;1161;01/07/2024;60;VRAI
13932;1161;01/10/2024;52;VRAI
13933;1162;01/01/2022;69;FAUX
13934;1162;01/04/2022;96;VRAI
13935;1162;01/07/2022;70;FAUX
13936;1162;01/10/2022;99;FAUX
13937;1162;01/01/2023;97;FAUX
13938;1162;01/04/2023;50;VRAI
13939;1162;01/07/2023;92;VRAI
13940;1162;01/10/2023;73;VRAI
13941;1162;01/01/2024;74;VRAI
13942;1162;01/04/2024;87;VRAI
13943;1162;01/07/2024;96;VRAI
13944;1162;01/10/2024;84;FAUX
13945;1163;01/01/2022;58;VRAI
13946;1163;01/04/2022;87;FAUX
13947;1163;01/07/2022;90;VRAI
13948;1163;01/10/2022;90;FAUX
13949;1163;01/01/2023;81;FAUX
13950;1163;01/04/2023;75;FAUX
13951;1163;01/07/2023;54;VRAI
13952;1163;01/10/2023;98;FAUX
13953;1163;01/01/2024;66;FAUX
13954;1163;01/04/2024;64;VRAI
13955;1163;01/07/2024;62;FAUX
13956;1163;01/10/2024;83;VRAI
13957;1164;01/01/2022;79;VRAI
13958;1164;01/04/2022;51;VRAI
13959;1164;01/07/2022;93;FAUX
13960;1164;01/10/2022;89;FAUX
13961;1164;01/01/2023;73;VRAI
13962;1164;01/04/2023;51;VRAI
13963;1164;01/07/2023;77;FAUX
13964;1164;01/10/2023;90;VRAI
13965;1164;01/01/2024;79;FAUX
13966;1164;01/04/2024;56;FAUX
13967;1164;01/07/2024;71;FAUX
13968;1164;01/10/2024;78;VRAI
13969;1165;01/01/2022;59;FAUX
13970;1165;01/04/2022;63;VRAI
13971;1165;01/07/2022;54;VRAI
13972;1165;01/10/2022;55;FAUX
13973;1165;01/01/2023;66;VRAI
13974;1165;01/04/2023;88;FAUX
13975;1165;01/07/2023;77;VRAI
13976;1165;01/10/2023;51;FAUX
13977;1165;01/01/2024;76;VRAI
13978;1165;01/04/2024;72;VRAI
13979;1165;01/07/2024;97;FAUX
13980;1165;01/10/2024;68;VRAI
13981;1166;01/01/2022;61;FAUX
13982;1166;01/04/2022;79;VRAI
13983;1166;01/07/2022;51;VRAI
13984;1166;01/10/2022;60;FAUX
13985;1166;01/01/2023;61;FAUX
13986;1166;01/04/2023;52;VRAI
13987;1166;01/07/2023;63;VRAI
13988;1166;01/10/2023;91;VRAI
13989;1166;01/01/2024;59;FAUX
13990;1166;01/04/2024;85;VRAI
13991;1166;01/07/2024;59;VRAI
13992;1166;01/10/2024;93;VRAI
13993;1167;01/01/2022;76;VRAI
13994;1167;01/04/2022;60;VRAI
13995;1167;01/07/2022;50;VRAI
13996;1167;01/10/2022;82;FAUX
13997;1167;01/01/2023;70;FAUX
13998;1167;01/04/2023;88;VRAI
13999;1167;01/07/2023;59;FAUX
14000;1167;01/10/2023;82;FAUX
14001;1167;01/01/2024;90;FAUX
14002;1167;01/04/2024;96;FAUX
14003;1167;01/07/2024;96;FAUX
14004;1167;01/10/2024;65;VRAI
14005;1168;01/01/2022;69;FAUX
14006;1168;01/04/2022;69;FAUX
14007;1168;01/07/2022;78;FAUX
14008;1168;01/10/2022;92;VRAI
14009;1168;01/01/2023;96;VRAI
14010;1168;01/04/2023;72;FAUX
14011;1168;01/07/2023;79;VRAI
14012;1168;01/10/2023;52;FAUX
14013;1168;01/01/2024;73;VRAI
14014;1168;01/04/2024;86;VRAI
14015;1168;01/07/2024;91;FAUX
14016;1168;01/10/2024;86;FAUX
14017;1169;01/01/2022;57;FAUX
14018;1169;01/04/2022;93;FAUX
14019;1169;01/07/2022;81;FAUX
14020;1169;01/10/2022;84;FAUX
14021;1169;01/01/2023;99;VRAI
14022;1169;01/04/2023;51;FAUX
14023;1169;01/07/2023;93;VRAI
14024;1169;01/10/2023;87;VRAI
14025;1169;01/01/2024;51;FAUX
14026;1169;01/04/2024;95;FAUX
14027;1169;01/07/2024;58;VRAI
14028;1169;01/10/2024;54;VRAI
14029;1170;01/01/2022;58;FAUX
14030;1170;01/04/2022;76;VRAI
14031;1170;01/07/2022;85;VRAI
14032;1170;01/10/2022;69;VRAI
14033;1170;01/01/2023;85;VRAI
14034;1170;01/04/2023;72;FAUX
14035;1170;01/07/2023;95;VRAI
14036;1170;01/10/2023;79;VRAI
14037;1170;01/01/2024;87;VRAI
14038;1170;01/04/2024;99;FAUX
14039;1170;01/07/2024;52;FAUX
14040;1170;01/10/2024;51;FAUX
14041;1171;01/01/2022;76;VRAI
14042;1171;01/04/2022;91;FAUX
14043;1171;01/07/2022;96;VRAI
14044;1171;01/10/2022;89;VRAI
14045;1171;01/01/2023;67;VRAI
14046;1171;01/04/2023;60;VRAI
14047;1171;01/07/2023;68;VRAI
14048;1171;01/10/2023;56;VRAI
14049;1171;01/01/2024;51;FAUX
14050;1171;01/04/2024;54;FAUX
14051;1171;01/07/2024;67;FAUX
14052;1171;01/10/2024;53;FAUX
14053;1172;01/01/2022;62;VRAI
14054;1172;01/04/2022;70;VRAI
14055;1172;01/07/2022;82;FAUX
14056;1172;01/10/2022;54;FAUX
14057;1172;01/01/2023;84;FAUX
14058;1172;01/04/2023;77;VRAI
14059;1172;01/07/2023;94;VRAI
14060;1172;01/10/2023;91;VRAI
14061;1172;01/01/2024;79;FAUX
14062;1172;01/04/2024;88;VRAI
14063;1172;01/07/2024;61;FAUX
14064;1172;01/10/2024;78;FAUX
14065;1173;01/01/2022;76;VRAI
14066;1173;01/04/2022;62;FAUX
14067;1173;01/07/2022;86;VRAI
14068;1173;01/10/2022;81;VRAI
14069;1173;01/01/2023;70;VRAI
14070;1173;01/04/2023;57;FAUX
14071;1173;01/07/2023;78;VRAI
14072;1173;01/10/2023;66;FAUX
14073;1173;01/01/2024;82;VRAI
14074;1173;01/04/2024;76;FAUX
14075;1173;01/07/2024;61;FAUX
14076;1173;01/10/2024;59;FAUX
14077;1174;01/01/2022;70;VRAI
14078;1174;01/04/2022;50;VRAI
14079;1174;01/07/2022;75;VRAI
14080;1174;01/10/2022;71;VRAI
14081;1174;01/01/2023;50;VRAI
14082;1174;01/04/2023;75;VRAI
14083;1174;01/07/2023;90;FAUX
14084;1174;01/10/2023;88;FAUX
14085;1174;01/01/2024;81;FAUX
14086;1174;01/04/2024;62;FAUX
14087;1174;01/07/2024;81;FAUX
14088;1174;01/10/2024;90;FAUX
14089;1175;01/01/2022;73;VRAI
14090;1175;01/04/2022;60;VRAI
14091;1175;01/07/2022;59;FAUX
14092;1175;01/10/2022;90;VRAI
14093;1175;01/01/2023;52;VRAI
14094;1175;01/04/2023;65;FAUX
14095;1175;01/07/2023;66;VRAI
14096;1175;01/10/2023;79;VRAI
14097;1175;01/01/2024;84;VRAI
14098;1175;01/04/2024;62;FAUX
14099;1175;01/07/2024;87;FAUX
14100;1175;01/10/2024;58;FAUX
14101;1176;01/01/2022;68;FAUX
14102;1176;01/04/2022;56;VRAI
14103;1176;01/07/2022;71;FAUX
14104;1176;01/10/2022;79;VRAI
14105;1176;01/01/2023;86;FAUX
14106;1176;01/04/2023;85;VRAI
14107;1176;01/07/2023;78;FAUX
14108;1176;01/10/2023;72;FAUX
14109;1176;01/01/2024;85;VRAI
14110;1176;01/04/2024;82;VRAI
14111;1176;01/07/2024;90;FAUX
14112;1176;01/10/2024;83;VRAI
14113;1177;01/01/2022;75;VRAI
14114;1177;01/04/2022;62;FAUX
14115;1177;01/07/2022;66;FAUX
14116;1177;01/10/2022;81;FAUX
14117;1177;01/01/2023;78;VRAI
14118;1177;01/04/2023;96;FAUX
14119;1177;01/07/2023;76;VRAI
14120;1177;01/10/2023;93;FAUX
14121;1177;01/01/2024;69;VRAI
14122;1177;01/04/2024;99;FAUX
14123;1177;01/07/2024;96;VRAI
14124;1177;01/10/2024;57;VRAI
14125;1178;01/01/2022;63;VRAI
14126;1178;01/04/2022;63;VRAI
14127;1178;01/07/2022;96;VRAI
14128;1178;01/10/2022;64;FAUX
14129;1178;01/01/2023;85;VRAI
14130;1178;01/04/2023;66;VRAI
14131;1178;01/07/2023;69;VRAI
14132;1178;01/10/2023;65;VRAI
14133;1178;01/01/2024;67;FAUX
14134;1178;01/04/2024;72;FAUX
14135;1178;01/07/2024;98;FAUX
14136;1178;01/10/2024;58;FAUX
14137;1179;01/01/2022;79;VRAI
14138;1179;01/04/2022;80;FAUX
14139;1179;01/07/2022;92;VRAI
14140;1179;01/10/2022;81;VRAI
14141;1179;01/01/2023;52;VRAI
14142;1179;01/04/2023;50;VRAI
14143;1179;01/07/2023;54;FAUX
14144;1179;01/10/2023;74;VRAI
14145;1179;01/01/2024;54;VRAI
14146;1179;01/04/2024;72;FAUX
14147;1179;01/07/2024;83;VRAI
14148;1179;01/10/2024;72;FAUX
14149;1180;01/01/2022;98;FAUX
14150;1180;01/04/2022;54;VRAI
14151;1180;01/07/2022;93;VRAI
14152;1180;01/10/2022;77;FAUX
14153;1180;01/01/2023;62;VRAI
14154;1180;01/04/2023;79;FAUX
14155;1180;01/07/2023;66;VRAI
14156;1180;01/10/2023;58;VRAI
14157;1180;01/01/2024;65;VRAI
14158;1180;01/04/2024;67;VRAI
14159;1180;01/07/2024;78;VRAI
14160;1180;01/10/2024;94;FAUX
14161;1181;01/01/2022;94;FAUX
14162;1181;01/04/2022;95;VRAI
14163;1181;01/07/2022;74;VRAI
14164;1181;01/10/2022;95;VRAI
14165;1181;01/01/2023;58;FAUX
14166;1181;01/04/2023;77;FAUX
14167;1181;01/07/2023;73;VRAI
14168;1181;01/10/2023;95;VRAI
14169;1181;01/01/2024;84;FAUX
14170;1181;01/04/2024;84;VRAI
14171;1181;01/07/2024;84;FAUX
14172;1181;01/10/2024;95;FAUX
14173;1182;01/01/2022;51;FAUX
14174;1182;01/04/2022;75;FAUX
14175;1182;01/07/2022;62;FAUX
14176;1182;01/10/2022;81;FAUX
14177;1182;01/01/2023;68;FAUX
14178;1182;01/04/2023;50;VRAI
14179;1182;01/07/2023;60;FAUX
14180;1182;01/10/2023;97;VRAI
14181;1182;01/01/2024;68;FAUX
14182;1182;01/04/2024;52;VRAI
14183;1182;01/07/2024;67;VRAI
14184;1182;01/10/2024;54;FAUX
14185;1183;01/01/2022;73;FAUX
14186;1183;01/04/2022;87;VRAI
14187;1183;01/07/2022;55;FAUX
14188;1183;01/10/2022;60;VRAI
14189;1183;01/01/2023;88;VRAI
14190;1183;01/04/2023;75;VRAI
14191;1183;01/07/2023;65;FAUX
14192;1183;01/10/2023;98;VRAI
14193;1183;01/01/2024;58;VRAI
14194;1183;01/04/2024;57;VRAI
14195;1183;01/07/2024;70;VRAI
14196;1183;01/10/2024;88;VRAI
14197;1184;01/01/2022;69;FAUX
14198;1184;01/04/2022;94;FAUX
14199;1184;01/07/2022;62;VRAI
14200;1184;01/10/2022;60;FAUX
14201;1184;01/01/2023;79;VRAI
14202;1184;01/04/2023;82;FAUX
14203;1184;01/07/2023;52;FAUX
14204;1184;01/10/2023;50;FAUX
14205;1184;01/01/2024;55;VRAI
14206;1184;01/04/2024;78;VRAI
14207;1184;01/07/2024;62;VRAI
14208;1184;01/10/2024;87;VRAI
14209;1185;01/01/2022;74;VRAI
14210;1185;01/04/2022;62;FAUX
14211;1185;01/07/2022;82;VRAI
14212;1185;01/10/2022;87;VRAI
14213;1185;01/01/2023;73;FAUX
14214;1185;01/04/2023;93;VRAI
14215;1185;01/07/2023;99;FAUX
14216;1185;01/10/2023;75;FAUX
14217;1185;01/01/2024;81;VRAI
14218;1185;01/04/2024;63;VRAI
14219;1185;01/07/2024;71;FAUX
14220;1185;01/10/2024;76;FAUX
14221;1186;01/01/2022;71;FAUX
14222;1186;01/04/2022;92;FAUX
14223;1186;01/07/2022;52;FAUX
14224;1186;01/10/2022;97;VRAI
14225;1186;01/01/2023;65;VRAI
14226;1186;01/04/2023;62;FAUX
14227;1186;01/07/2023;98;VRAI
14228;1186;01/10/2023;70;VRAI
14229;1186;01/01/2024;91;FAUX
14230;1186;01/04/2024;56;FAUX
14231;1186;01/07/2024;71;FAUX
14232;1186;01/10/2024;70;VRAI
14233;1187;01/01/2022;99;FAUX
14234;1187;01/04/2022;59;VRAI
14235;1187;01/07/2022;58;FAUX
14236;1187;01/10/2022;62;VRAI
14237;1187;01/01/2023;66;FAUX
14238;1187;01/04/2023;72;VRAI
14239;1187;01/07/2023;65;FAUX
14240;1187;01/10/2023;80;VRAI
14241;1187;01/01/2024;72;VRAI
14242;1187;01/04/2024;88;VRAI
14243;1187;01/07/2024;71;VRAI
14244;1187;01/10/2024;90;FAUX
14245;1188;01/01/2022;97;VRAI
14246;1188;01/04/2022;67;VRAI
14247;1188;01/07/2022;63;FAUX
14248;1188;01/10/2022;60;FAUX
14249;1188;01/01/2023;85;FAUX
14250;1188;01/04/2023;68;VRAI
14251;1188;01/07/2023;82;VRAI
14252;1188;01/10/2023;68;VRAI
14253;1188;01/01/2024;81;VRAI
14254;1188;01/04/2024;60;FAUX
14255;1188;01/07/2024;72;VRAI
14256;1188;01/10/2024;54;FAUX
14257;1189;01/01/2022;71;FAUX
14258;1189;01/04/2022;67;VRAI
14259;1189;01/07/2022;82;VRAI
14260;1189;01/10/2022;77;VRAI
14261;1189;01/01/2023;98;VRAI
14262;1189;01/04/2023;86;FAUX
14263;1189;01/07/2023;97;FAUX
14264;1189;01/10/2023;68;FAUX
14265;1189;01/01/2024;52;VRAI
14266;1189;01/04/2024;82;VRAI
14267;1189;01/07/2024;50;FAUX
14268;1189;01/10/2024;59;VRAI
14269;1190;01/01/2022;62;FAUX
14270;1190;01/04/2022;92;FAUX
14271;1190;01/07/2022;84;FAUX
14272;1190;01/10/2022;90;FAUX
14273;1190;01/01/2023;52;VRAI
14274;1190;01/04/2023;70;VRAI
14275;1190;01/07/2023;63;VRAI
14276;1190;01/10/2023;68;VRAI
14277;1190;01/01/2024;69;FAUX
14278;1190;01/04/2024;51;VRAI
14279;1190;01/07/2024;56;VRAI
14280;1190;01/10/2024;99;FAUX
14281;1191;01/01/2022;55;VRAI
14282;1191;01/04/2022;93;FAUX
14283;1191;01/07/2022;92;FAUX
14284;1191;01/10/2022;78;VRAI
14285;1191;01/01/2023;74;VRAI
14286;1191;01/04/2023;53;VRAI
14287;1191;01/07/2023;62;FAUX
14288;1191;01/10/2023;76;VRAI
14289;1191;01/01/2024;83;FAUX
14290;1191;01/04/2024;58;FAUX
14291;1191;01/07/2024;70;FAUX
14292;1191;01/10/2024;79;VRAI
14293;1192;01/01/2022;58;VRAI
14294;1192;01/04/2022;67;FAUX
14295;1192;01/07/2022;87;VRAI
14296;1192;01/10/2022;71;VRAI
14297;1192;01/01/2023;84;FAUX
14298;1192;01/04/2023;91;FAUX
14299;1192;01/07/2023;59;VRAI
14300;1192;01/10/2023;80;FAUX
14301;1192;01/01/2024;89;FAUX
14302;1192;01/04/2024;90;VRAI
14303;1192;01/07/2024;57;FAUX
14304;1192;01/10/2024;69;VRAI
14305;1193;01/01/2022;77;FAUX
14306;1193;01/04/2022;91;VRAI
14307;1193;01/07/2022;77;VRAI
14308;1193;01/10/2022;50;VRAI
14309;1193;01/01/2023;84;FAUX
14310;1193;01/04/2023;55;VRAI
14311;1193;01/07/2023;58;VRAI
14312;1193;01/10/2023;65;FAUX
14313;1193;01/01/2024;84;VRAI
14314;1193;01/04/2024;69;FAUX
14315;1193;01/07/2024;72;FAUX
14316;1193;01/10/2024;91;FAUX
14317;1194;01/01/2022;84;VRAI
14318;1194;01/04/2022;95;VRAI
14319;1194;01/07/2022;53;FAUX
14320;1194;01/10/2022;92;VRAI
14321;1194;01/01/2023;89;VRAI
14322;1194;01/04/2023;58;FAUX
14323;1194;01/07/2023;61;VRAI
14324;1194;01/10/2023;81;VRAI
14325;1194;01/01/2024;64;VRAI
14326;1194;01/04/2024;77;FAUX
14327;1194;01/07/2024;87;VRAI
14328;1194;01/10/2024;89;FAUX
14329;1195;01/01/2022;70;VRAI
14330;1195;01/04/2022;52;FAUX
14331;1195;01/07/2022;75;VRAI
14332;1195;01/10/2022;94;VRAI
14333;1195;01/01/2023;69;VRAI
14334;1195;01/04/2023;70;FAUX
14335;1195;01/07/2023;90;VRAI
14336;1195;01/10/2023;98;VRAI
14337;1195;01/01/2024;74;FAUX
14338;1195;01/04/2024;59;FAUX
14339;1195;01/07/2024;52;VRAI
14340;1195;01/10/2024;80;VRAI
14341;1196;01/01/2022;78;VRAI
14342;1196;01/04/2022;95;VRAI
14343;1196;01/07/2022;87;FAUX
14344;1196;01/10/2022;57;FAUX
14345;1196;01/01/2023;75;FAUX
14346;1196;01/04/2023;77;FAUX
14347;1196;01/07/2023;95;FAUX
14348;1196;01/10/2023;56;VRAI
14349;1196;01/01/2024;71;VRAI
14350;1196;01/04/2024;87;VRAI
14351;1196;01/07/2024;95;FAUX
14352;1196;01/10/2024;67;FAUX
14353;1197;01/01/2022;80;VRAI
14354;1197;01/04/2022;88;VRAI
14355;1197;01/07/2022;93;VRAI
14356;1197;01/10/2022;78;VRAI
14357;1197;01/01/2023;85;FAUX
14358;1197;01/04/2023;93;FAUX
14359;1197;01/07/2023;56;VRAI
14360;1197;01/10/2023;82;VRAI
14361;1197;01/01/2024;94;FAUX
14362;1197;01/04/2024;86;VRAI
14363;1197;01/07/2024;74;VRAI
14364;1197;01/10/2024;77;VRAI
14365;1198;01/01/2022;61;FAUX
14366;1198;01/04/2022;76;FAUX
14367;1198;01/07/2022;75;FAUX
14368;1198;01/10/2022;66;VRAI
14369;1198;01/01/2023;81;FAUX
14370;1198;01/04/2023;92;FAUX
14371;1198;01/07/2023;57;FAUX
14372;1198;01/10/2023;75;FAUX
14373;1198;01/01/2024;76;VRAI
14374;1198;01/04/2024;77;VRAI
14375;1198;01/07/2024;88;FAUX
14376;1198;01/10/2024;58;FAUX
14377;1199;01/01/2022;94;FAUX
14378;1199;01/04/2022;72;VRAI
14379;1199;01/07/2022;68;VRAI
14380;1199;01/10/2022;63;FAUX
14381;1199;01/01/2023;98;FAUX
14382;1199;01/04/2023;69;VRAI
14383;1199;01/07/2023;54;FAUX
14384;1199;01/10/2023;69;FAUX
14385;1199;01/01/2024;63;VRAI
14386;1199;01/04/2024;75;FAUX
14387;1199;01/07/2024;79;VRAI
14388;1199;01/10/2024;75;FAUX
14389;1200;01/01/2022;94;VRAI
14390;1200;01/04/2022;93;VRAI
14391;1200;01/07/2022;73;FAUX
14392;1200;01/10/2022;90;VRAI
14393;1200;01/01/2023;92;FAUX
14394;1200;01/04/2023;96;FAUX
14395;1200;01/07/2023;56;VRAI
14396;1200;01/10/2023;71;VRAI
14397;1200;01/01/2024;80;VRAI
14398;1200;01/04/2024;62;VRAI
14399;1200;01/07/2024;90;FAUX
14400;1200;01/10/2024;78;FAUX
14401;1201;01/01/2022;93;FAUX
14402;1201;01/04/2022;68;VRAI
14403;1201;01/07/2022;96;FAUX
14404;1201;01/10/2022;57;VRAI
14405;1201;01/01/2023;87;VRAI
14406;1201;01/04/2023;87;VRAI
14407;1201;01/07/2023;75;VRAI
14408;1201;01/10/2023;51;VRAI
14409;1201;01/01/2024;69;FAUX
14410;1201;01/04/2024;87;FAUX
14411;1201;01/07/2024;86;FAUX
14412;1201;01/10/2024;87;FAUX
14413;1202;01/01/2022;95;VRAI
14414;1202;01/04/2022;84;VRAI
14415;1202;01/07/2022;86;FAUX
14416;1202;01/10/2022;70;VRAI
14417;1202;01/01/2023;77;FAUX
14418;1202;01/04/2023;69;FAUX
14419;1202;01/07/2023;85;VRAI
14420;1202;01/10/2023;62;FAUX
14421;1202;01/01/2024;60;FAUX
14422;1202;01/04/2024;68;VRAI
14423;1202;01/07/2024;80;VRAI
14424;1202;01/10/2024;86;FAUX
14425;1203;01/01/2022;52;FAUX
14426;1203;01/04/2022;78;VRAI
14427;1203;01/07/2022;64;VRAI
14428;1203;01/10/2022;52;FAUX
14429;1203;01/01/2023;96;VRAI
14430;1203;01/04/2023;65;VRAI
14431;1203;01/07/2023;83;FAUX
14432;1203;01/10/2023;93;VRAI
14433;1203;01/01/2024;88;VRAI
14434;1203;01/04/2024;63;FAUX
14435;1203;01/07/2024;91;VRAI
14436;1203;01/10/2024;60;FAUX
14437;1204;01/01/2022;69;FAUX
14438;1204;01/04/2022;77;VRAI
14439;1204;01/07/2022;87;FAUX
14440;1204;01/10/2022;62;VRAI
14441;1204;01/01/2023;84;VRAI
14442;1204;01/04/2023;73;FAUX
14443;1204;01/07/2023;50;FAUX
14444;1204;01/10/2023;73;VRAI
14445;1204;01/01/2024;67;FAUX
14446;1204;01/04/2024;75;VRAI
14447;1204;01/07/2024;57;FAUX
14448;1204;01/10/2024;75;VRAI
14449;1205;01/01/2022;82;FAUX
14450;1205;01/04/2022;54;VRAI
14451;1205;01/07/2022;98;VRAI
14452;1205;01/10/2022;85;VRAI
14453;1205;01/01/2023;66;VRAI
14454;1205;01/04/2023;74;FAUX
14455;1205;01/07/2023;51;FAUX
14456;1205;01/10/2023;85;VRAI
14457;1205;01/01/2024;83;FAUX
14458;1205;01/04/2024;68;FAUX
14459;1205;01/07/2024;91;FAUX
14460;1205;01/10/2024;86;VRAI
14461;1206;01/01/2022;50;FAUX
14462;1206;01/04/2022;52;VRAI
14463;1206;01/07/2022;75;VRAI
14464;1206;01/10/2022;95;FAUX
14465;1206;01/01/2023;96;FAUX
14466;1206;01/04/2023;77;FAUX
14467;1206;01/07/2023;68;FAUX
14468;1206;01/10/2023;89;FAUX
14469;1206;01/01/2024;65;FAUX
14470;1206;01/04/2024;79;VRAI
14471;1206;01/07/2024;84;FAUX
14472;1206;01/10/2024;54;VRAI
14473;1207;01/01/2022;61;VRAI
14474;1207;01/04/2022;82;VRAI
14475;1207;01/07/2022;73;VRAI
14476;1207;01/10/2022;91;VRAI
14477;1207;01/01/2023;89;VRAI
14478;1207;01/04/2023;57;VRAI
14479;1207;01/07/2023;69;FAUX
14480;1207;01/10/2023;60;VRAI
14481;1207;01/01/2024;79;VRAI
14482;1207;01/04/2024;97;VRAI
14483;1207;01/07/2024;62;FAUX
14484;1207;01/10/2024;98;VRAI
14485;1208;01/01/2022;56;VRAI
14486;1208;01/04/2022;62;VRAI
14487;1208;01/07/2022;74;VRAI
14488;1208;01/10/2022;96;VRAI
14489;1208;01/01/2023;54;FAUX
14490;1208;01/04/2023;79;VRAI
14491;1208;01/07/2023;62;FAUX
14492;1208;01/10/2023;54;VRAI
14493;1208;01/01/2024;50;FAUX
14494;1208;01/04/2024;99;VRAI
14495;1208;01/07/2024;57;FAUX
14496;1208;01/10/2024;52;VRAI
14497;1209;01/01/2022;51;VRAI
14498;1209;01/04/2022;80;FAUX
14499;1209;01/07/2022;59;VRAI
14500;1209;01/10/2022;65;VRAI
14501;1209;01/01/2023;69;VRAI
14502;1209;01/04/2023;52;FAUX
14503;1209;01/07/2023;84;FAUX
14504;1209;01/10/2023;70;FAUX
14505;1209;01/01/2024;81;FAUX
14506;1209;01/04/2024;67;FAUX
14507;1209;01/07/2024;87;VRAI
14508;1209;01/10/2024;52;VRAI
14509;1210;01/01/2022;51;FAUX
14510;1210;01/04/2022;52;VRAI
14511;1210;01/07/2022;95;VRAI
14512;1210;01/10/2022;87;FAUX
14513;1210;01/01/2023;68;VRAI
14514;1210;01/04/2023;93;VRAI
14515;1210;01/07/2023;54;FAUX
14516;1210;01/10/2023;76;VRAI
14517;1210;01/01/2024;97;FAUX
14518;1210;01/04/2024;89;VRAI
14519;1210;01/07/2024;70;VRAI
14520;1210;01/10/2024;73;VRAI
14521;1211;01/01/2022;88;VRAI
14522;1211;01/04/2022;99;FAUX
14523;1211;01/07/2022;89;VRAI
14524;1211;01/10/2022;95;FAUX
14525;1211;01/01/2023;62;FAUX
14526;1211;01/04/2023;94;FAUX
14527;1211;01/07/2023;50;VRAI
14528;1211;01/10/2023;88;FAUX
14529;1211;01/01/2024;51;VRAI
14530;1211;01/04/2024;65;VRAI
14531;1211;01/07/2024;65;FAUX
14532;1211;01/10/2024;72;FAUX
14533;1212;01/01/2022;65;VRAI
14534;1212;01/04/2022;96;VRAI
14535;1212;01/07/2022;79;FAUX
14536;1212;01/10/2022;82;FAUX
14537;1212;01/01/2023;58;VRAI
14538;1212;01/04/2023;86;FAUX
14539;1212;01/07/2023;79;FAUX
14540;1212;01/10/2023;64;VRAI
14541;1212;01/01/2024;97;FAUX
14542;1212;01/04/2024;67;FAUX
14543;1212;01/07/2024;53;VRAI
14544;1212;01/10/2024;65;VRAI
14545;1213;01/01/2022;60;FAUX
14546;1213;01/04/2022;73;FAUX
14547;1213;01/07/2022;88;FAUX
14548;1213;01/10/2022;64;VRAI
14549;1213;01/01/2023;64;FAUX
14550;1213;01/04/2023;77;FAUX
14551;1213;01/07/2023;66;FAUX
14552;1213;01/10/2023;71;VRAI
14553;1213;01/01/2024;78;FAUX
14554;1213;01/04/2024;60;FAUX
14555;1213;01/07/2024;93;VRAI
14556;1213;01/10/2024;91;FAUX
14557;1214;01/01/2022;63;FAUX
14558;1214;01/04/2022;87;VRAI
14559;1214;01/07/2022;83;VRAI
14560;1214;01/10/2022;94;VRAI
14561;1214;01/01/2023;81;FAUX
14562;1214;01/04/2023;52;VRAI
14563;1214;01/07/2023;92;VRAI
14564;1214;01/10/2023;71;VRAI
14565;1214;01/01/2024;53;VRAI
14566;1214;01/04/2024;81;FAUX
14567;1214;01/07/2024;78;FAUX
14568;1214;01/10/2024;89;VRAI
14569;1215;01/01/2022;94;VRAI
14570;1215;01/04/2022;59;VRAI
14571;1215;01/07/2022;94;FAUX
14572;1215;01/10/2022;66;FAUX
14573;1215;01/01/2023;51;VRAI
14574;1215;01/04/2023;93;FAUX
14575;1215;01/07/2023;87;VRAI
14576;1215;01/10/2023;54;VRAI
14577;1215;01/01/2024;58;FAUX
14578;1215;01/04/2024;77;FAUX
14579;1215;01/07/2024;78;VRAI
14580;1215;01/10/2024;84;VRAI
14581;1216;01/01/2022;69;VRAI
14582;1216;01/04/2022;88;VRAI
14583;1216;01/07/2022;93;FAUX
14584;1216;01/10/2022;88;VRAI
14585;1216;01/01/2023;59;FAUX
14586;1216;01/04/2023;66;VRAI
14587;1216;01/07/2023;64;FAUX
14588;1216;01/10/2023;58;FAUX
14589;1216;01/01/2024;72;VRAI
14590;1216;01/04/2024;62;FAUX
14591;1216;01/07/2024;98;FAUX
14592;1216;01/10/2024;58;FAUX
14593;1217;01/01/2022;54;FAUX
14594;1217;01/04/2022;92;FAUX
14595;1217;01/07/2022;81;VRAI
14596;1217;01/10/2022;51;VRAI
14597;1217;01/01/2023;70;FAUX
14598;1217;01/04/2023;73;FAUX
14599;1217;01/07/2023;63;VRAI
14600;1217;01/10/2023;76;FAUX
14601;1217;01/01/2024;55;FAUX
14602;1217;01/04/2024;64;VRAI
14603;1217;01/07/2024;85;FAUX
14604;1217;01/10/2024;77;VRAI
14605;1218;01/01/2022;58;VRAI
14606;1218;01/04/2022;59;FAUX
14607;1218;01/07/2022;53;VRAI
14608;1218;01/10/2022;55;FAUX
14609;1218;01/01/2023;89;FAUX
14610;1218;01/04/2023;57;FAUX
14611;1218;01/07/2023;65;FAUX
14612;1218;01/10/2023;98;VRAI
14613;1218;01/01/2024;50;FAUX
14614;1218;01/04/2024;68;FAUX
14615;1218;01/07/2024;66;VRAI
14616;1218;01/10/2024;77;FAUX
14617;1219;01/01/2022;61;FAUX
14618;1219;01/04/2022;56;VRAI
14619;1219;01/07/2022;57;VRAI
14620;1219;01/10/2022;98;VRAI
14621;1219;01/01/2023;57;FAUX
14622;1219;01/04/2023;77;VRAI
14623;1219;01/07/2023;79;FAUX
14624;1219;01/10/2023;60;FAUX
14625;1219;01/01/2024;99;FAUX
14626;1219;01/04/2024;74;FAUX
14627;1219;01/07/2024;94;VRAI
14628;1219;01/10/2024;88;VRAI
14629;1220;01/01/2022;98;FAUX
14630;1220;01/04/2022;89;VRAI
14631;1220;01/07/2022;52;FAUX
14632;1220;01/10/2022;65;FAUX
14633;1220;01/01/2023;64;VRAI
14634;1220;01/04/2023;53;VRAI
14635;1220;01/07/2023;76;VRAI
14636;1220;01/10/2023;92;FAUX
14637;1220;01/01/2024;86;VRAI
14638;1220;01/04/2024;92;VRAI
14639;1220;01/07/2024;89;VRAI
14640;1220;01/10/2024;78;FAUX
14641;1221;01/01/2022;78;VRAI
14642;1221;01/04/2022;60;VRAI
14643;1221;01/07/2022;99;FAUX
14644;1221;01/10/2022;59;VRAI
14645;1221;01/01/2023;74;VRAI
14646;1221;01/04/2023;66;VRAI
14647;1221;01/07/2023;82;VRAI
14648;1221;01/10/2023;82;VRAI
14649;1221;01/01/2024;58;VRAI
14650;1221;01/04/2024;74;FAUX
14651;1221;01/07/2024;58;FAUX
14652;1221;01/10/2024;64;FAUX
14653;1222;01/01/2022;65;VRAI
14654;1222;01/04/2022;63;FAUX
14655;1222;01/07/2022;70;VRAI
14656;1222;01/10/2022;90;VRAI
14657;1222;01/01/2023;53;FAUX
14658;1222;01/04/2023;84;VRAI
14659;1222;01/07/2023;58;VRAI
14660;1222;01/10/2023;97;FAUX
14661;1222;01/01/2024;98;FAUX
14662;1222;01/04/2024;59;VRAI
14663;1222;01/07/2024;64;VRAI
14664;1222;01/10/2024;60;FAUX
14665;1223;01/01/2022;97;FAUX
14666;1223;01/04/2022;90;VRAI
14667;1223;01/07/2022;86;FAUX
14668;1223;01/10/2022;83;FAUX
14669;1223;01/01/2023;97;FAUX
14670;1223;01/04/2023;67;FAUX
14671;1223;01/07/2023;54;VRAI
14672;1223;01/10/2023;68;FAUX
14673;1223;01/01/2024;70;VRAI
14674;1223;01/04/2024;62;VRAI
14675;1223;01/07/2024;73;VRAI
14676;1223;01/10/2024;72;VRAI
14677;1224;01/01/2022;96;FAUX
14678;1224;01/04/2022;55;VRAI
14679;1224;01/07/2022;60;VRAI
14680;1224;01/10/2022;58;FAUX
14681;1224;01/01/2023;85;FAUX
14682;1224;01/04/2023;72;VRAI
14683;1224;01/07/2023;73;FAUX
14684;1224;01/10/2023;84;VRAI
14685;1224;01/01/2024;70;VRAI
14686;1224;01/04/2024;62;FAUX
14687;1224;01/07/2024;93;FAUX
14688;1224;01/10/2024;93;VRAI
14689;1225;01/01/2022;83;VRAI
14690;1225;01/04/2022;91;VRAI
14691;1225;01/07/2022;58;VRAI
14692;1225;01/10/2022;85;VRAI
14693;1225;01/01/2023;95;FAUX
14694;1225;01/04/2023;74;FAUX
14695;1225;01/07/2023;83;FAUX
14696;1225;01/10/2023;52;FAUX
14697;1225;01/01/2024;68;VRAI
14698;1225;01/04/2024;66;FAUX
14699;1225;01/07/2024;79;FAUX
14700;1225;01/10/2024;92;FAUX
14701;1226;01/01/2022;92;VRAI
14702;1226;01/04/2022;99;FAUX
14703;1226;01/07/2022;57;FAUX
14704;1226;01/10/2022;83;VRAI
14705;1226;01/01/2023;59;FAUX
14706;1226;01/04/2023;56;VRAI
14707;1226;01/07/2023;75;FAUX
14708;1226;01/10/2023;81;VRAI
14709;1226;01/01/2024;64;FAUX
14710;1226;01/04/2024;51;FAUX
14711;1226;01/07/2024;86;VRAI
14712;1226;01/10/2024;82;VRAI
14713;1227;01/01/2022;99;VRAI
14714;1227;01/04/2022;50;FAUX
14715;1227;01/07/2022;88;FAUX
14716;1227;01/10/2022;66;VRAI
14717;1227;01/01/2023;55;FAUX
14718;1227;01/04/2023;93;FAUX
14719;1227;01/07/2023;96;VRAI
14720;1227;01/10/2023;61;FAUX
14721;1227;01/01/2024;70;FAUX
14722;1227;01/04/2024;67;FAUX
14723;1227;01/07/2024;53;FAUX
14724;1227;01/10/2024;92;FAUX
14725;1228;01/01/2022;55;FAUX
14726;1228;01/04/2022;58;FAUX
14727;1228;01/07/2022;94;FAUX
14728;1228;01/10/2022;86;FAUX
14729;1228;01/01/2023;53;FAUX
14730;1228;01/04/2023;99;FAUX
14731;1228;01/07/2023;62;VRAI
14732;1228;01/10/2023;84;FAUX
14733;1228;01/01/2024;91;FAUX
14734;1228;01/04/2024;74;VRAI
14735;1228;01/07/2024;96;FAUX
14736;1228;01/10/2024;64;VRAI
14737;1229;01/01/2022;75;VRAI
14738;1229;01/04/2022;59;FAUX
14739;1229;01/07/2022;71;FAUX
14740;1229;01/10/2022;70;VRAI
14741;1229;01/01/2023;56;FAUX
14742;1229;01/04/2023;76;FAUX
14743;1229;01/07/2023;84;VRAI
14744;1229;01/10/2023;51;FAUX
14745;1229;01/01/2024;64;VRAI
14746;1229;01/04/2024;73;FAUX
14747;1229;01/07/2024;59;FAUX
14748;1229;01/10/2024;73;FAUX
14749;1230;01/01/2022;73;FAUX
14750;1230;01/04/2022;97;FAUX
14751;1230;01/07/2022;97;FAUX
14752;1230;01/10/2022;90;FAUX
14753;1230;01/01/2023;60;FAUX
14754;1230;01/04/2023;50;FAUX
14755;1230;01/07/2023;92;FAUX
14756;1230;01/10/2023;75;VRAI
14757;1230;01/01/2024;96;FAUX
14758;1230;01/04/2024;58;VRAI
14759;1230;01/07/2024;50;VRAI
14760;1230;01/10/2024;93;VRAI
14761;1231;01/01/2022;91;VRAI
14762;1231;01/04/2022;65;FAUX
14763;1231;01/07/2022;60;VRAI
14764;1231;01/10/2022;74;VRAI
14765;1231;01/01/2023;68;FAUX
14766;1231;01/04/2023;96;VRAI
14767;1231;01/07/2023;78;FAUX
14768;1231;01/10/2023;95;FAUX
14769;1231;01/01/2024;57;FAUX
14770;1231;01/04/2024;55;VRAI
14771;1231;01/07/2024;94;VRAI
14772;1231;01/10/2024;79;FAUX
14773;1232;01/01/2022;83;VRAI
14774;1232;01/04/2022;61;VRAI
14775;1232;01/07/2022;55;VRAI
14776;1232;01/10/2022;55;VRAI
14777;1232;01/01/2023;53;VRAI
14778;1232;01/04/2023;58;VRAI
14779;1232;01/07/2023;59;VRAI
14780;1232;01/10/2023;57;FAUX
14781;1232;01/01/2024;72;FAUX
14782;1232;01/04/2024;86;VRAI
14783;1232;01/07/2024;55;VRAI
14784;1232;01/10/2024;91;VRAI
14785;1233;01/01/2022;84;FAUX
14786;1233;01/04/2022;81;FAUX
14787;1233;01/07/2022;84;VRAI
14788;1233;01/10/2022;59;VRAI
14789;1233;01/01/2023;66;VRAI
14790;1233;01/04/2023;83;FAUX
14791;1233;01/07/2023;94;VRAI
14792;1233;01/10/2023;54;FAUX
14793;1233;01/01/2024;59;FAUX
14794;1233;01/04/2024;61;FAUX
14795;1233;01/07/2024;62;VRAI
14796;1233;01/10/2024;97;FAUX
14797;1234;01/01/2022;82;FAUX
14798;1234;01/04/2022;90;FAUX
14799;1234;01/07/2022;96;FAUX
14800;1234;01/10/2022;81;FAUX
14801;1234;01/01/2023;95;VRAI
14802;1234;01/04/2023;85;FAUX
14803;1234;01/07/2023;97;FAUX
14804;1234;01/10/2023;62;FAUX
14805;1234;01/01/2024;71;FAUX
14806;1234;01/04/2024;51;VRAI
14807;1234;01/07/2024;62;VRAI
14808;1234;01/10/2024;62;VRAI
14809;1235;01/01/2022;83;VRAI
14810;1235;01/04/2022;58;FAUX
14811;1235;01/07/2022;80;VRAI
14812;1235;01/10/2022;76;VRAI
14813;1235;01/01/2023;51;VRAI
14814;1235;01/04/2023;68;VRAI
14815;1235;01/07/2023;80;VRAI
14816;1235;01/10/2023;65;VRAI
14817;1235;01/01/2024;64;FAUX
14818;1235;01/04/2024;63;VRAI
14819;1235;01/07/2024;87;VRAI
14820;1235;01/10/2024;86;VRAI
14821;1236;01/01/2022;92;FAUX
14822;1236;01/04/2022;75;FAUX
14823;1236;01/07/2022;58;VRAI
14824;1236;01/10/2022;98;FAUX
14825;1236;01/01/2023;64;VRAI
14826;1236;01/04/2023;86;FAUX
14827;1236;01/07/2023;75;FAUX
14828;1236;01/10/2023;67;VRAI
14829;1236;01/01/2024;84;FAUX
14830;1236;01/04/2024;90;VRAI
14831;1236;01/07/2024;78;VRAI
14832;1236;01/10/2024;73;FAUX
14833;1237;01/01/2022;70;VRAI
14834;1237;01/04/2022;56;VRAI
14835;1237;01/07/2022;72;FAUX
14836;1237;01/10/2022;70;VRAI
14837;1237;01/01/2023;50;VRAI
14838;1237;01/04/2023;90;VRAI
14839;1237;01/07/2023;80;VRAI
14840;1237;01/10/2023;93;FAUX
14841;1237;01/01/2024;94;VRAI
14842;1237;01/04/2024;54;VRAI
14843;1237;01/07/2024;80;VRAI
14844;1237;01/10/2024;50;FAUX
14845;1238;01/01/2022;79;FAUX
14846;1238;01/04/2022;57;FAUX
14847;1238;01/07/2022;75;FAUX
14848;1238;01/10/2022;64;VRAI
14849;1238;01/01/2023;59;FAUX
14850;1238;01/04/2023;65;VRAI
14851;1238;01/07/2023;80;FAUX
14852;1238;01/10/2023;65;FAUX
14853;1238;01/01/2024;77;FAUX
14854;1238;01/04/2024;69;VRAI
14855;1238;01/07/2024;58;FAUX
14856;1238;01/10/2024;59;VRAI
14857;1239;01/01/2022;94;FAUX
14858;1239;01/04/2022;94;VRAI
14859;1239;01/07/2022;64;VRAI
14860;1239;01/10/2022;79;FAUX
14861;1239;01/01/2023;81;FAUX
14862;1239;01/04/2023;76;VRAI
14863;1239;01/07/2023;68;FAUX
14864;1239;01/10/2023;93;FAUX
14865;1239;01/01/2024;55;VRAI
14866;1239;01/04/2024;73;VRAI
14867;1239;01/07/2024;76;VRAI
14868;1239;01/10/2024;55;FAUX
14869;1240;01/01/2022;82;VRAI
14870;1240;01/04/2022;95;FAUX
14871;1240;01/07/2022;87;FAUX
14872;1240;01/10/2022;66;VRAI
14873;1240;01/01/2023;80;VRAI
14874;1240;01/04/2023;60;FAUX
14875;1240;01/07/2023;54;FAUX
14876;1240;01/10/2023;61;VRAI
14877;1240;01/01/2024;90;FAUX
14878;1240;01/04/2024;51;FAUX
14879;1240;01/07/2024;51;FAUX
14880;1240;01/10/2024;61;FAUX
14881;1241;01/01/2022;51;VRAI
14882;1241;01/04/2022;65;FAUX
14883;1241;01/07/2022;79;VRAI
14884;1241;01/10/2022;96;FAUX
14885;1241;01/01/2023;85;FAUX
14886;1241;01/04/2023;60;VRAI
14887;1241;01/07/2023;73;FAUX
14888;1241;01/10/2023;76;VRAI
14889;1241;01/01/2024;51;VRAI
14890;1241;01/04/2024;60;VRAI
14891;1241;01/07/2024;98;FAUX
14892;1241;01/10/2024;96;VRAI
14893;1242;01/01/2022;84;FAUX
14894;1242;01/04/2022;79;VRAI
14895;1242;01/07/2022;73;VRAI
14896;1242;01/10/2022;78;VRAI
14897;1242;01/01/2023;97;VRAI
14898;1242;01/04/2023;61;VRAI
14899;1242;01/07/2023;97;VRAI
14900;1242;01/10/2023;78;FAUX
14901;1242;01/01/2024;72;VRAI
14902;1242;01/04/2024;94;VRAI
14903;1242;01/07/2024;73;FAUX
14904;1242;01/10/2024;93;VRAI
14905;1243;01/01/2022;71;FAUX
14906;1243;01/04/2022;62;FAUX
14907;1243;01/07/2022;52;VRAI
14908;1243;01/10/2022;77;FAUX
14909;1243;01/01/2023;99;VRAI
14910;1243;01/04/2023;95;VRAI
14911;1243;01/07/2023;83;VRAI
14912;1243;01/10/2023;57;FAUX
14913;1243;01/01/2024;84;FAUX
14914;1243;01/04/2024;86;FAUX
14915;1243;01/07/2024;61;VRAI
14916;1243;01/10/2024;64;VRAI
14917;1244;01/01/2022;79;VRAI
14918;1244;01/04/2022;86;FAUX
14919;1244;01/07/2022;68;FAUX
14920;1244;01/10/2022;56;FAUX
14921;1244;01/01/2023;77;VRAI
14922;1244;01/04/2023;86;FAUX
14923;1244;01/07/2023;60;FAUX
14924;1244;01/10/2023;99;VRAI
14925;1244;01/01/2024;91;VRAI
14926;1244;01/04/2024;95;FAUX
14927;1244;01/07/2024;69;VRAI
14928;1244;01/10/2024;51;VRAI
14929;1245;01/01/2022;62;VRAI
14930;1245;01/04/2022;98;VRAI
14931;1245;01/07/2022;80;VRAI
14932;1245;01/10/2022;72;FAUX
14933;1245;01/01/2023;71;FAUX
14934;1245;01/04/2023;65;VRAI
14935;1245;01/07/2023;91;VRAI
14936;1245;01/10/2023;69;FAUX
14937;1245;01/01/2024;76;FAUX
14938;1245;01/04/2024;78;VRAI
14939;1245;01/07/2024;98;FAUX
14940;1245;01/10/2024;87;VRAI
14941;1246;01/01/2022;87;FAUX
14942;1246;01/04/2022;51;VRAI
14943;1246;01/07/2022;69;VRAI
14944;1246;01/10/2022;96;VRAI
14945;1246;01/01/2023;75;VRAI
14946;1246;01/04/2023;95;FAUX
14947;1246;01/07/2023;77;VRAI
14948;1246;01/10/2023;64;VRAI
14949;1246;01/01/2024;99;FAUX
14950;1246;01/04/2024;60;VRAI
14951;1246;01/07/2024;54;VRAI
14952;1246;01/10/2024;96;VRAI
14953;1247;01/01/2022;56;VRAI
14954;1247;01/04/2022;67;FAUX
14955;1247;01/07/2022;77;FAUX
14956;1247;01/10/2022;61;FAUX
14957;1247;01/01/2023;78;VRAI
14958;1247;01/04/2023;55;VRAI
14959;1247;01/07/2023;59;VRAI
14960;1247;01/10/2023;81;VRAI
14961;1247;01/01/2024;82;VRAI
14962;1247;01/04/2024;52;VRAI
14963;1247;01/07/2024;92;FAUX
14964;1247;01/10/2024;59;VRAI
14965;1248;01/01/2022;90;VRAI
14966;1248;01/04/2022;92;FAUX
14967;1248;01/07/2022;83;VRAI
14968;1248;01/10/2022;90;VRAI
14969;1248;01/01/2023;98;FAUX
14970;1248;01/04/2023;59;FAUX
14971;1248;01/07/2023;67;VRAI
14972;1248;01/10/2023;91;VRAI
14973;1248;01/01/2024;85;FAUX
14974;1248;01/04/2024;68;FAUX
14975;1248;01/07/2024;98;VRAI
14976;1248;01/10/2024;68;VRAI
14977;1249;01/01/2022;75;FAUX
14978;1249;01/04/2022;96;VRAI
14979;1249;01/07/2022;99;VRAI
14980;1249;01/10/2022;59;FAUX
14981;1249;01/01/2023;95;VRAI
14982;1249;01/04/2023;99;VRAI
14983;1249;01/07/2023;60;FAUX
14984;1249;01/10/2023;89;FAUX
14985;1249;01/01/2024;57;FAUX
14986;1249;01/04/2024;63;VRAI
14987;1249;01/07/2024;99;FAUX
14988;1249;01/10/2024;85;VRAI
14989;1250;01/01/2022;94;VRAI
14990;1250;01/04/2022;52;VRAI
14991;1250;01/07/2022;69;FAUX
14992;1250;01/10/2022;99;FAUX
14993;1250;01/01/2023;68;VRAI
14994;1250;01/04/2023;65;VRAI
14995;1250;01/07/2023;54;FAUX
14996;1250;01/10/2023;64;FAUX
14997;1250;01/01/2024;93;VRAI
14998;1250;01/04/2024;77;VRAI
14999;1250;01/07/2024;95;FAUX
15000;1250;01/10/2024;67;FAUX
15001;1251;01/01/2022;82;VRAI
15002;1251;01/04/2022;98;FAUX
15003;1251;01/07/2022;64;FAUX
15004;1251;01/10/2022;62;FAUX
15005;1251;01/01/2023;83;FAUX
15006;1251;01/04/2023;84;VRAI
15007;1251;01/07/2023;80;VRAI
15008;1251;01/10/2023;89;FAUX
15009;1251;01/01/2024;61;FAUX
15010;1251;01/04/2024;74;VRAI
15011;1251;01/07/2024;86;FAUX
15012;1251;01/10/2024;92;FAUX
15013;1252;01/01/2022;58;FAUX
15014;1252;01/04/2022;52;VRAI
15015;1252;01/07/2022;75;VRAI
15016;1252;01/10/2022;90;FAUX
15017;1252;01/01/2023;87;VRAI
15018;1252;01/04/2023;88;FAUX
15019;1252;01/07/2023;89;VRAI
15020;1252;01/10/2023;78;FAUX
15021;1252;01/01/2024;54;VRAI
15022;1252;01/04/2024;78;FAUX
15023;1252;01/07/2024;94;VRAI
15024;1252;01/10/2024;83;FAUX
15025;1253;01/01/2022;90;FAUX
15026;1253;01/04/2022;59;FAUX
15027;1253;01/07/2022;91;FAUX
15028;1253;01/10/2022;60;VRAI
15029;1253;01/01/2023;84;VRAI
15030;1253;01/04/2023;73;FAUX
15031;1253;01/07/2023;50;FAUX
15032;1253;01/10/2023;96;FAUX
15033;1253;01/01/2024;52;FAUX
15034;1253;01/04/2024;94;FAUX
15035;1253;01/07/2024;81;FAUX
15036;1253;01/10/2024;87;FAUX
15037;1254;01/01/2022;66;VRAI
15038;1254;01/04/2022;89;FAUX
15039;1254;01/07/2022;64;VRAI
15040;1254;01/10/2022;88;VRAI
15041;1254;01/01/2023;59;VRAI
15042;1254;01/04/2023;82;VRAI
15043;1254;01/07/2023;61;VRAI
15044;1254;01/10/2023;96;FAUX
15045;1254;01/01/2024;65;VRAI
15046;1254;01/04/2024;63;VRAI
15047;1254;01/07/2024;93;VRAI
15048;1254;01/10/2024;99;FAUX
15049;1255;01/01/2022;95;FAUX
15050;1255;01/04/2022;90;VRAI
15051;1255;01/07/2022;75;VRAI
15052;1255;01/10/2022;61;VRAI
15053;1255;01/01/2023;66;VRAI
15054;1255;01/04/2023;57;VRAI
15055;1255;01/07/2023;75;FAUX
15056;1255;01/10/2023;64;VRAI
15057;1255;01/01/2024;96;FAUX
15058;1255;01/04/2024;63;FAUX
15059;1255;01/07/2024;97;FAUX
15060;1255;01/10/2024;91;FAUX
15061;1256;01/01/2022;95;FAUX
15062;1256;01/04/2022;92;FAUX
15063;1256;01/07/2022;68;VRAI
15064;1256;01/10/2022;53;VRAI
15065;1256;01/01/2023;62;FAUX
15066;1256;01/04/2023;67;VRAI
15067;1256;01/07/2023;93;VRAI
15068;1256;01/10/2023;87;VRAI
15069;1256;01/01/2024;98;VRAI
15070;1256;01/04/2024;50;VRAI
15071;1256;01/07/2024;85;FAUX
15072;1256;01/10/2024;88;VRAI
15073;1257;01/01/2022;74;FAUX
15074;1257;01/04/2022;89;VRAI
15075;1257;01/07/2022;53;FAUX
15076;1257;01/10/2022;60;VRAI
15077;1257;01/01/2023;57;FAUX
15078;1257;01/04/2023;83;FAUX
15079;1257;01/07/2023;58;FAUX
15080;1257;01/10/2023;98;VRAI
15081;1257;01/01/2024;91;VRAI
15082;1257;01/04/2024;91;VRAI
15083;1257;01/07/2024;93;VRAI
15084;1257;01/10/2024;69;FAUX
15085;1258;01/01/2022;50;VRAI
15086;1258;01/04/2022;77;VRAI
15087;1258;01/07/2022;92;FAUX
15088;1258;01/10/2022;93;VRAI
15089;1258;01/01/2023;50;FAUX
15090;1258;01/04/2023;83;FAUX
15091;1258;01/07/2023;66;VRAI
15092;1258;01/10/2023;81;FAUX
15093;1258;01/01/2024;85;VRAI
15094;1258;01/04/2024;92;VRAI
15095;1258;01/07/2024;75;VRAI
15096;1258;01/10/2024;75;VRAI
15097;1259;01/01/2022;67;VRAI
15098;1259;01/04/2022;78;VRAI
15099;1259;01/07/2022;73;VRAI
15100;1259;01/10/2022;77;FAUX
15101;1259;01/01/2023;60;VRAI
15102;1259;01/04/2023;72;VRAI
15103;1259;01/07/2023;65;FAUX
15104;1259;01/10/2023;77;VRAI
15105;1259;01/01/2024;87;VRAI
15106;1259;01/04/2024;55;FAUX
15107;1259;01/07/2024;78;FAUX
15108;1259;01/10/2024;52;FAUX
15109;1260;01/01/2022;97;FAUX
15110;1260;01/04/2022;62;FAUX
15111;1260;01/07/2022;64;FAUX
15112;1260;01/10/2022;82;VRAI
15113;1260;01/01/2023;61;VRAI
15114;1260;01/04/2023;92;VRAI
15115;1260;01/07/2023;82;VRAI
15116;1260;01/10/2023;77;VRAI
15117;1260;01/01/2024;85;VRAI
15118;1260;01/04/2024;74;VRAI
15119;1260;01/07/2024;86;VRAI
15120;1260;01/10/2024;84;VRAI
15121;1261;01/01/2022;83;FAUX
15122;1261;01/04/2022;95;FAUX
15123;1261;01/07/2022;68;VRAI
15124;1261;01/10/2022;56;FAUX
15125;1261;01/01/2023;68;VRAI
15126;1261;01/04/2023;75;VRAI
15127;1261;01/07/2023;98;FAUX
15128;1261;01/10/2023;76;FAUX
15129;1261;01/01/2024;75;VRAI
15130;1261;01/04/2024;69;FAUX
15131;1261;01/07/2024;96;VRAI
15132;1261;01/10/2024;75;FAUX
15133;1262;01/01/2022;55;VRAI
15134;1262;01/04/2022;59;FAUX
15135;1262;01/07/2022;82;FAUX
15136;1262;01/10/2022;65;VRAI
15137;1262;01/01/2023;59;FAUX
15138;1262;01/04/2023;68;FAUX
15139;1262;01/07/2023;89;VRAI
15140;1262;01/10/2023;89;FAUX
15141;1262;01/01/2024;59;FAUX
15142;1262;01/04/2024;59;VRAI
15143;1262;01/07/2024;79;FAUX
15144;1262;01/10/2024;50;VRAI
15145;1263;01/01/2022;68;VRAI
15146;1263;01/04/2022;79;FAUX
15147;1263;01/07/2022;89;FAUX
15148;1263;01/10/2022;51;FAUX
15149;1263;01/01/2023;63;VRAI
15150;1263;01/04/2023;91;VRAI
15151;1263;01/07/2023;78;VRAI
15152;1263;01/10/2023;95;FAUX
15153;1263;01/01/2024;53;FAUX
15154;1263;01/04/2024;68;VRAI
15155;1263;01/07/2024;85;VRAI
15156;1263;01/10/2024;62;VRAI
15157;1264;01/01/2022;99;FAUX
15158;1264;01/04/2022;54;VRAI
15159;1264;01/07/2022;63;FAUX
15160;1264;01/10/2022;81;FAUX
15161;1264;01/01/2023;76;VRAI
15162;1264;01/04/2023;52;FAUX
15163;1264;01/07/2023;56;VRAI
15164;1264;01/10/2023;90;VRAI
15165;1264;01/01/2024;66;VRAI
15166;1264;01/04/2024;59;VRAI
15167;1264;01/07/2024;50;FAUX
15168;1264;01/10/2024;59;VRAI
15169;1265;01/01/2022;88;VRAI
15170;1265;01/04/2022;56;VRAI
15171;1265;01/07/2022;89;VRAI
15172;1265;01/10/2022;75;VRAI
15173;1265;01/01/2023;62;VRAI
15174;1265;01/04/2023;79;FAUX
15175;1265;01/07/2023;99;FAUX
15176;1265;01/10/2023;88;VRAI
15177;1265;01/01/2024;59;FAUX
15178;1265;01/04/2024;72;VRAI
15179;1265;01/07/2024;61;FAUX
15180;1265;01/10/2024;62;FAUX
15181;1266;01/01/2022;98;FAUX
15182;1266;01/04/2022;95;VRAI
15183;1266;01/07/2022;65;VRAI
15184;1266;01/10/2022;59;VRAI
15185;1266;01/01/2023;58;VRAI
15186;1266;01/04/2023;73;VRAI
15187;1266;01/07/2023;60;VRAI
15188;1266;01/10/2023;99;VRAI
15189;1266;01/01/2024;72;VRAI
15190;1266;01/04/2024;99;FAUX
15191;1266;01/07/2024;97;VRAI
15192;1266;01/10/2024;59;VRAI
15193;1267;01/01/2022;89;VRAI
15194;1267;01/04/2022;84;VRAI
15195;1267;01/07/2022;77;FAUX
15196;1267;01/10/2022;90;FAUX
15197;1267;01/01/2023;79;FAUX
15198;1267;01/04/2023;99;FAUX
15199;1267;01/07/2023;54;FAUX
15200;1267;01/10/2023;91;VRAI
15201;1267;01/01/2024;85;VRAI
15202;1267;01/04/2024;73;VRAI
15203;1267;01/07/2024;97;VRAI
15204;1267;01/10/2024;97;VRAI
15205;1268;01/01/2022;90;VRAI
15206;1268;01/04/2022;61;VRAI
15207;1268;01/07/2022;57;FAUX
15208;1268;01/10/2022;67;FAUX
15209;1268;01/01/2023;95;FAUX
15210;1268;01/04/2023;72;VRAI
15211;1268;01/07/2023;50;VRAI
15212;1268;01/10/2023;95;FAUX
15213;1268;01/01/2024;65;VRAI
15214;1268;01/04/2024;71;VRAI
15215;1268;01/07/2024;61;VRAI
15216;1268;01/10/2024;71;VRAI
15217;1269;01/01/2022;91;FAUX
15218;1269;01/04/2022;97;VRAI
15219;1269;01/07/2022;62;VRAI
15220;1269;01/10/2022;77;VRAI
15221;1269;01/01/2023;52;VRAI
15222;1269;01/04/2023;85;FAUX
15223;1269;01/07/2023;64;VRAI
15224;1269;01/10/2023;93;VRAI
15225;1269;01/01/2024;95;VRAI
15226;1269;01/04/2024;53;FAUX
15227;1269;01/07/2024;81;VRAI
15228;1269;01/10/2024;92;FAUX
15229;1270;01/01/2022;53;VRAI
15230;1270;01/04/2022;69;VRAI
15231;1270;01/07/2022;67;FAUX
15232;1270;01/10/2022;98;VRAI
15233;1270;01/01/2023;91;VRAI
15234;1270;01/04/2023;61;VRAI
15235;1270;01/07/2023;79;VRAI
15236;1270;01/10/2023;85;FAUX
15237;1270;01/01/2024;77;FAUX
15238;1270;01/04/2024;71;FAUX
15239;1270;01/07/2024;98;FAUX
15240;1270;01/10/2024;87;FAUX
15241;1271;01/01/2022;54;FAUX
15242;1271;01/04/2022;83;VRAI
15243;1271;01/07/2022;87;VRAI
15244;1271;01/10/2022;51;VRAI
15245;1271;01/01/2023;74;VRAI
15246;1271;01/04/2023;80;VRAI
15247;1271;01/07/2023;89;FAUX
15248;1271;01/10/2023;54;VRAI
15249;1271;01/01/2024;65;FAUX
15250;1271;01/04/2024;67;VRAI
15251;1271;01/07/2024;66;VRAI
15252;1271;01/10/2024;84;FAUX
15253;1272;01/01/2022;53;VRAI
15254;1272;01/04/2022;80;VRAI
15255;1272;01/07/2022;58;VRAI
15256;1272;01/10/2022;54;FAUX
15257;1272;01/01/2023;65;FAUX
15258;1272;01/04/2023;90;FAUX
15259;1272;01/07/2023;69;FAUX
15260;1272;01/10/2023;79;FAUX
15261;1272;01/01/2024;98;VRAI
15262;1272;01/04/2024;99;VRAI
15263;1272;01/07/2024;90;FAUX
15264;1272;01/10/2024;87;VRAI
15265;1273;01/01/2022;69;VRAI
15266;1273;01/04/2022;72;FAUX
15267;1273;01/07/2022;96;VRAI
15268;1273;01/10/2022;74;VRAI
15269;1273;01/01/2023;99;FAUX
15270;1273;01/04/2023;96;FAUX
15271;1273;01/07/2023;58;VRAI
15272;1273;01/10/2023;97;FAUX
15273;1273;01/01/2024;84;VRAI
15274;1273;01/04/2024;86;VRAI
15275;1273;01/07/2024;83;FAUX
15276;1273;01/10/2024;85;VRAI
15277;1274;01/01/2022;58;FAUX
15278;1274;01/04/2022;75;FAUX
15279;1274;01/07/2022;61;FAUX
15280;1274;01/10/2022;90;VRAI
15281;1274;01/01/2023;93;FAUX
15282;1274;01/04/2023;75;VRAI
15283;1274;01/07/2023;82;FAUX
15284;1274;01/10/2023;79;VRAI
15285;1274;01/01/2024;59;FAUX
15286;1274;01/04/2024;85;VRAI
15287;1274;01/07/2024;80;VRAI
15288;1274;01/10/2024;71;VRAI
15289;1275;01/01/2022;92;FAUX
15290;1275;01/04/2022;87;VRAI
15291;1275;01/07/2022;51;VRAI
15292;1275;01/10/2022;72;FAUX
15293;1275;01/01/2023;84;VRAI
15294;1275;01/04/2023;86;VRAI
15295;1275;01/07/2023;81;FAUX
15296;1275;01/10/2023;92;VRAI
15297;1275;01/01/2024;61;FAUX
15298;1275;01/04/2024;84;VRAI
15299;1275;01/07/2024;52;FAUX
15300;1275;01/10/2024;87;FAUX
15301;1276;01/01/2022;87;VRAI
15302;1276;01/04/2022;89;VRAI
15303;1276;01/07/2022;57;FAUX
15304;1276;01/10/2022;64;FAUX
15305;1276;01/01/2023;94;VRAI
15306;1276;01/04/2023;57;VRAI
15307;1276;01/07/2023;81;FAUX
15308;1276;01/10/2023;62;FAUX
15309;1276;01/01/2024;64;FAUX
15310;1276;01/04/2024;82;VRAI
15311;1276;01/07/2024;82;VRAI
15312;1276;01/10/2024;78;FAUX
15313;1277;01/01/2022;86;FAUX
15314;1277;01/04/2022;81;FAUX
15315;1277;01/07/2022;52;FAUX
15316;1277;01/10/2022;69;FAUX
15317;1277;01/01/2023;77;FAUX
15318;1277;01/04/2023;53;VRAI
15319;1277;01/07/2023;66;VRAI
15320;1277;01/10/2023;73;FAUX
15321;1277;01/01/2024;91;VRAI
15322;1277;01/04/2024;85;FAUX
15323;1277;01/07/2024;90;FAUX
15324;1277;01/10/2024;52;FAUX
15325;1278;01/01/2022;71;FAUX
15326;1278;01/04/2022;82;FAUX
15327;1278;01/07/2022;74;FAUX
15328;1278;01/10/2022;79;VRAI
15329;1278;01/01/2023;52;FAUX
15330;1278;01/04/2023;78;VRAI
15331;1278;01/07/2023;81;VRAI
15332;1278;01/10/2023;68;VRAI
15333;1278;01/01/2024;65;FAUX
15334;1278;01/04/2024;72;FAUX
15335;1278;01/07/2024;95;VRAI
15336;1278;01/10/2024;50;VRAI
15337;1279;01/01/2022;86;VRAI
15338;1279;01/04/2022;79;VRAI
15339;1279;01/07/2022;88;VRAI
15340;1279;01/10/2022;75;VRAI
15341;1279;01/01/2023;71;FAUX
15342;1279;01/04/2023;72;FAUX
15343;1279;01/07/2023;92;VRAI
15344;1279;01/10/2023;76;VRAI
15345;1279;01/01/2024;61;VRAI
15346;1279;01/04/2024;83;FAUX
15347;1279;01/07/2024;86;VRAI
15348;1279;01/10/2024;93;FAUX
15349;1280;01/01/2022;70;VRAI
15350;1280;01/04/2022;82;VRAI
15351;1280;01/07/2022;60;VRAI
15352;1280;01/10/2022;81;FAUX
15353;1280;01/01/2023;91;VRAI
15354;1280;01/04/2023;85;FAUX
15355;1280;01/07/2023;86;VRAI
15356;1280;01/10/2023;90;VRAI
15357;1280;01/01/2024;77;VRAI
15358;1280;01/04/2024;64;VRAI
15359;1280;01/07/2024;92;VRAI
15360;1280;01/10/2024;57;VRAI
15361;1281;01/01/2022;81;VRAI
15362;1281;01/04/2022;97;FAUX
15363;1281;01/07/2022;67;VRAI
15364;1281;01/10/2022;78;FAUX
15365;1281;01/01/2023;62;FAUX
15366;1281;01/04/2023;57;VRAI
15367;1281;01/07/2023;81;VRAI
15368;1281;01/10/2023;98;FAUX
15369;1281;01/01/2024;90;VRAI
15370;1281;01/04/2024;74;VRAI
15371;1281;01/07/2024;66;VRAI
15372;1281;01/10/2024;82;VRAI
15373;1282;01/01/2022;85;VRAI
15374;1282;01/04/2022;96;FAUX
15375;1282;01/07/2022;74;VRAI
15376;1282;01/10/2022;93;FAUX
15377;1282;01/01/2023;79;VRAI
15378;1282;01/04/2023;92;VRAI
15379;1282;01/07/2023;78;FAUX
15380;1282;01/10/2023;87;VRAI
15381;1282;01/01/2024;75;VRAI
15382;1282;01/04/2024;96;VRAI
15383;1282;01/07/2024;52;FAUX
15384;1282;01/10/2024;83;VRAI
15385;1283;01/01/2022;64;FAUX
15386;1283;01/04/2022;77;VRAI
15387;1283;01/07/2022;69;FAUX
15388;1283;01/10/2022;93;VRAI
15389;1283;01/01/2023;65;FAUX
15390;1283;01/04/2023;53;FAUX
15391;1283;01/07/2023;93;VRAI
15392;1283;01/10/2023;95;FAUX
15393;1283;01/01/2024;75;FAUX
15394;1283;01/04/2024;62;VRAI
15395;1283;01/07/2024;54;FAUX
15396;1283;01/10/2024;91;VRAI
15397;1284;01/01/2022;62;VRAI
15398;1284;01/04/2022;60;VRAI
15399;1284;01/07/2022;81;VRAI
15400;1284;01/10/2022;91;FAUX
15401;1284;01/01/2023;78;VRAI
15402;1284;01/04/2023;69;FAUX
15403;1284;01/07/2023;85;VRAI
15404;1284;01/10/2023;89;VRAI
15405;1284;01/01/2024;82;FAUX
15406;1284;01/04/2024;68;VRAI
15407;1284;01/07/2024;81;FAUX
15408;1284;01/10/2024;71;VRAI
15409;1285;01/01/2022;50;FAUX
15410;1285;01/04/2022;74;FAUX
15411;1285;01/07/2022;84;VRAI
15412;1285;01/10/2022;55;FAUX
15413;1285;01/01/2023;99;VRAI
15414;1285;01/04/2023;86;VRAI
15415;1285;01/07/2023;52;VRAI
15416;1285;01/10/2023;80;VRAI
15417;1285;01/01/2024;94;VRAI
15418;1285;01/04/2024;66;VRAI
15419;1285;01/07/2024;54;FAUX
15420;1285;01/10/2024;95;VRAI
15421;1286;01/01/2022;77;FAUX
15422;1286;01/04/2022;88;VRAI
15423;1286;01/07/2022;91;VRAI
15424;1286;01/10/2022;79;FAUX
15425;1286;01/01/2023;54;FAUX
15426;1286;01/04/2023;71;VRAI
15427;1286;01/07/2023;93;VRAI
15428;1286;01/10/2023;70;VRAI
15429;1286;01/01/2024;86;VRAI
15430;1286;01/04/2024;70;FAUX
15431;1286;01/07/2024;90;FAUX
15432;1286;01/10/2024;78;VRAI
15433;1287;01/01/2022;84;VRAI
15434;1287;01/04/2022;56;FAUX
15435;1287;01/07/2022;95;FAUX
15436;1287;01/10/2022;58;FAUX
15437;1287;01/01/2023;72;VRAI
15438;1287;01/04/2023;58;VRAI
15439;1287;01/07/2023;53;VRAI
15440;1287;01/10/2023;74;FAUX
15441;1287;01/01/2024;97;VRAI
15442;1287;01/04/2024;67;VRAI
15443;1287;01/07/2024;56;VRAI
15444;1287;01/10/2024;80;FAUX
15445;1288;01/01/2022;81;VRAI
15446;1288;01/04/2022;77;FAUX
15447;1288;01/07/2022;54;FAUX
15448;1288;01/10/2022;71;VRAI
15449;1288;01/01/2023;59;VRAI
15450;1288;01/04/2023;53;FAUX
15451;1288;01/07/2023;76;VRAI
15452;1288;01/10/2023;56;VRAI
15453;1288;01/01/2024;60;VRAI
15454;1288;01/04/2024;57;FAUX
15455;1288;01/07/2024;86;VRAI
15456;1288;01/10/2024;56;FAUX
15457;1289;01/01/2022;85;FAUX
15458;1289;01/04/2022;73;VRAI
15459;1289;01/07/2022;51;FAUX
15460;1289;01/10/2022;61;VRAI
15461;1289;01/01/2023;91;VRAI
15462;1289;01/04/2023;75;FAUX
15463;1289;01/07/2023;94;FAUX
15464;1289;01/10/2023;55;VRAI
15465;1289;01/01/2024;51;FAUX
15466;1289;01/04/2024;63;FAUX
15467;1289;01/07/2024;87;VRAI
15468;1289;01/10/2024;81;FAUX
15469;1290;01/01/2022;63;FAUX
15470;1290;01/04/2022;62;FAUX
15471;1290;01/07/2022;80;VRAI
15472;1290;01/10/2022;94;FAUX
15473;1290;01/01/2023;71;VRAI
15474;1290;01/04/2023;77;FAUX
15475;1290;01/07/2023;68;VRAI
15476;1290;01/10/2023;65;VRAI
15477;1290;01/01/2024;93;VRAI
15478;1290;01/04/2024;51;FAUX
15479;1290;01/07/2024;96;VRAI
15480;1290;01/10/2024;69;VRAI
15481;1291;01/01/2022;74;VRAI
15482;1291;01/04/2022;62;VRAI
15483;1291;01/07/2022;94;FAUX
15484;1291;01/10/2022;84;FAUX
15485;1291;01/01/2023;88;VRAI
15486;1291;01/04/2023;58;FAUX
15487;1291;01/07/2023;99;VRAI
15488;1291;01/10/2023;95;FAUX
15489;1291;01/01/2024;78;VRAI
15490;1291;01/04/2024;52;FAUX
15491;1291;01/07/2024;80;VRAI
15492;1291;01/10/2024;66;FAUX
15493;1292;01/01/2022;90;FAUX
15494;1292;01/04/2022;51;FAUX
15495;1292;01/07/2022;65;VRAI
15496;1292;01/10/2022;90;VRAI
15497;1292;01/01/2023;54;FAUX
15498;1292;01/04/2023;84;FAUX
15499;1292;01/07/2023;64;FAUX
15500;1292;01/10/2023;65;VRAI
15501;1292;01/01/2024;80;FAUX
15502;1292;01/04/2024;95;VRAI
15503;1292;01/07/2024;61;VRAI
15504;1292;01/10/2024;68;FAUX
15505;1293;01/01/2022;94;VRAI
15506;1293;01/04/2022;62;VRAI
15507;1293;01/07/2022;51;FAUX
15508;1293;01/10/2022;80;VRAI
15509;1293;01/01/2023;70;VRAI
15510;1293;01/04/2023;57;VRAI
15511;1293;01/07/2023;86;VRAI
15512;1293;01/10/2023;68;VRAI
15513;1293;01/01/2024;94;FAUX
15514;1293;01/04/2024;75;VRAI
15515;1293;01/07/2024;85;VRAI
15516;1293;01/10/2024;53;VRAI
15517;1294;01/01/2022;94;VRAI
15518;1294;01/04/2022;61;FAUX
15519;1294;01/07/2022;96;VRAI
15520;1294;01/10/2022;75;VRAI
15521;1294;01/01/2023;92;VRAI
15522;1294;01/04/2023;93;FAUX
15523;1294;01/07/2023;78;VRAI
15524;1294;01/10/2023;68;VRAI
15525;1294;01/01/2024;84;FAUX
15526;1294;01/04/2024;90;VRAI
15527;1294;01/07/2024;76;FAUX
15528;1294;01/10/2024;80;VRAI
15529;1295;01/01/2022;84;FAUX
15530;1295;01/04/2022;56;VRAI
15531;1295;01/07/2022;84;VRAI
15532;1295;01/10/2022;50;FAUX
15533;1295;01/01/2023;55;VRAI
15534;1295;01/04/2023;83;FAUX
15535;1295;01/07/2023;74;VRAI
15536;1295;01/10/2023;96;FAUX
15537;1295;01/01/2024;91;VRAI
15538;1295;01/04/2024;99;FAUX
15539;1295;01/07/2024;80;FAUX
15540;1295;01/10/2024;78;VRAI
15541;1296;01/01/2022;72;FAUX
15542;1296;01/04/2022;90;VRAI
15543;1296;01/07/2022;64;VRAI
15544;1296;01/10/2022;52;VRAI
15545;1296;01/01/2023;50;FAUX
15546;1296;01/04/2023;98;VRAI
15547;1296;01/07/2023;79;FAUX
15548;1296;01/10/2023;60;FAUX
15549;1296;01/01/2024;88;VRAI
15550;1296;01/04/2024;61;FAUX
15551;1296;01/07/2024;74;FAUX
15552;1296;01/10/2024;64;VRAI
15553;1297;01/01/2022;79;VRAI
15554;1297;01/04/2022;89;FAUX
15555;1297;01/07/2022;93;VRAI
15556;1297;01/10/2022;70;VRAI
15557;1297;01/01/2023;85;VRAI
15558;1297;01/04/2023;93;FAUX
15559;1297;01/07/2023;72;FAUX
15560;1297;01/10/2023;72;FAUX
15561;1297;01/01/2024;82;VRAI
15562;1297;01/04/2024;88;FAUX
15563;1297;01/07/2024;84;VRAI
15564;1297;01/10/2024;65;FAUX
15565;1298;01/01/2022;80;VRAI
15566;1298;01/04/2022;99;FAUX
15567;1298;01/07/2022;93;FAUX
15568;1298;01/10/2022;74;VRAI
15569;1298;01/01/2023;52;FAUX
15570;1298;01/04/2023;59;VRAI
15571;1298;01/07/2023;66;FAUX
15572;1298;01/10/2023;84;VRAI
15573;1298;01/01/2024;51;VRAI
15574;1298;01/04/2024;95;VRAI
15575;1298;01/07/2024;98;FAUX
15576;1298;01/10/2024;75;FAUX
15577;1299;01/01/2022;78;FAUX
15578;1299;01/04/2022;96;VRAI
15579;1299;01/07/2022;72;VRAI
15580;1299;01/10/2022;80;VRAI
15581;1299;01/01/2023;90;FAUX
15582;1299;01/04/2023;89;VRAI
15583;1299;01/07/2023;64;FAUX
15584;1299;01/10/2023;84;FAUX
15585;1299;01/01/2024;79;FAUX
15586;1299;01/04/2024;76;VRAI
15587;1299;01/07/2024;89;FAUX
15588;1299;01/10/2024;94;VRAI
15589;1300;01/01/2022;60;VRAI
15590;1300;01/04/2022;96;FAUX
15591;1300;01/07/2022;75;FAUX
15592;1300;01/10/2022;70;VRAI
15593;1300;01/01/2023;96;VRAI
15594;1300;01/04/2023;93;FAUX
15595;1300;01/07/2023;50;FAUX
15596;1300;01/10/2023;62;FAUX
15597;1300;01/01/2024;98;VRAI
15598;1300;01/04/2024;90;FAUX
15599;1300;01/07/2024;80;VRAI
15600;1300;01/10/2024;99;FAUX
15601;1301;01/01/2022;80;FAUX
15602;1301;01/04/2022;51;VRAI
15603;1301;01/07/2022;82;FAUX
15604;1301;01/10/2022;70;VRAI
15605;1301;01/01/2023;80;FAUX
15606;1301;01/04/2023;79;VRAI
15607;1301;01/07/2023;70;VRAI
15608;1301;01/10/2023;65;VRAI
15609;1301;01/01/2024;71;VRAI
15610;1301;01/04/2024;51;VRAI
15611;1301;01/07/2024;63;FAUX
15612;1301;01/10/2024;78;FAUX
15613;1302;01/01/2022;56;FAUX
15614;1302;01/04/2022;94;FAUX
15615;1302;01/07/2022;93;VRAI
15616;1302;01/10/2022;65;VRAI
15617;1302;01/01/2023;88;VRAI
15618;1302;01/04/2023;87;FAUX
15619;1302;01/07/2023;81;VRAI
15620;1302;01/10/2023;52;FAUX
15621;1302;01/01/2024;52;FAUX
15622;1302;01/04/2024;95;VRAI
15623;1302;01/07/2024;58;VRAI
15624;1302;01/10/2024;77;VRAI
15625;1303;01/01/2022;98;VRAI
15626;1303;01/04/2022;91;VRAI
15627;1303;01/07/2022;89;FAUX
15628;1303;01/10/2022;87;VRAI
15629;1303;01/01/2023;53;VRAI
15630;1303;01/04/2023;96;FAUX
15631;1303;01/07/2023;72;VRAI
15632;1303;01/10/2023;71;VRAI
15633;1303;01/01/2024;74;FAUX
15634;1303;01/04/2024;90;FAUX
15635;1303;01/07/2024;86;VRAI
15636;1303;01/10/2024;71;FAUX
15637;1304;01/01/2022;74;VRAI
15638;1304;01/04/2022;70;FAUX
15639;1304;01/07/2022;69;FAUX
15640;1304;01/10/2022;77;FAUX
15641;1304;01/01/2023;78;FAUX
15642;1304;01/04/2023;75;FAUX
15643;1304;01/07/2023;51;VRAI
15644;1304;01/10/2023;98;FAUX
15645;1304;01/01/2024;62;VRAI
15646;1304;01/04/2024;58;VRAI
15647;1304;01/07/2024;57;FAUX
15648;1304;01/10/2024;85;FAUX
15649;1305;01/01/2022;73;VRAI
15650;1305;01/04/2022;75;FAUX
15651;1305;01/07/2022;70;VRAI
15652;1305;01/10/2022;60;FAUX
15653;1305;01/01/2023;95;FAUX
15654;1305;01/04/2023;97;FAUX
15655;1305;01/07/2023;82;FAUX
15656;1305;01/10/2023;50;VRAI
15657;1305;01/01/2024;55;FAUX
15658;1305;01/04/2024;64;FAUX
15659;1305;01/07/2024;86;VRAI
15660;1305;01/10/2024;93;FAUX
15661;1306;01/01/2022;95;FAUX
15662;1306;01/04/2022;68;VRAI
15663;1306;01/07/2022;84;VRAI
15664;1306;01/10/2022;99;FAUX
15665;1306;01/01/2023;58;FAUX
15666;1306;01/04/2023;56;VRAI
15667;1306;01/07/2023;67;FAUX
15668;1306;01/10/2023;51;FAUX
15669;1306;01/01/2024;59;FAUX
15670;1306;01/04/2024;51;FAUX
15671;1306;01/07/2024;94;VRAI
15672;1306;01/10/2024;57;FAUX
15673;1307;01/01/2022;56;VRAI
15674;1307;01/04/2022;72;FAUX
15675;1307;01/07/2022;70;VRAI
15676;1307;01/10/2022;96;VRAI
15677;1307;01/01/2023;61;VRAI
15678;1307;01/04/2023;97;FAUX
15679;1307;01/07/2023;79;FAUX
15680;1307;01/10/2023;83;VRAI
15681;1307;01/01/2024;81;VRAI
15682;1307;01/04/2024;52;FAUX
15683;1307;01/07/2024;53;VRAI
15684;1307;01/10/2024;99;FAUX
15685;1308;01/01/2022;73;VRAI
15686;1308;01/04/2022;52;FAUX
15687;1308;01/07/2022;79;FAUX
15688;1308;01/10/2022;98;FAUX
15689;1308;01/01/2023;57;FAUX
15690;1308;01/04/2023;65;VRAI
15691;1308;01/07/2023;55;FAUX
15692;1308;01/10/2023;77;FAUX
15693;1308;01/01/2024;74;FAUX
15694;1308;01/04/2024;70;FAUX
15695;1308;01/07/2024;85;FAUX
15696;1308;01/10/2024;58;FAUX
15697;1309;01/01/2022;70;VRAI
15698;1309;01/04/2022;50;VRAI
15699;1309;01/07/2022;53;FAUX
15700;1309;01/10/2022;75;FAUX
15701;1309;01/01/2023;52;FAUX
15702;1309;01/04/2023;58;FAUX
15703;1309;01/07/2023;52;FAUX
15704;1309;01/10/2023;55;VRAI
15705;1309;01/01/2024;75;FAUX
15706;1309;01/04/2024;51;FAUX
15707;1309;01/07/2024;70;FAUX
15708;1309;01/10/2024;52;VRAI
15709;1310;01/01/2022;99;VRAI
15710;1310;01/04/2022;87;VRAI
15711;1310;01/07/2022;64;VRAI
15712;1310;01/10/2022;59;FAUX
15713;1310;01/01/2023;63;FAUX
15714;1310;01/04/2023;94;FAUX
15715;1310;01/07/2023;93;FAUX
15716;1310;01/10/2023;86;VRAI
15717;1310;01/01/2024;78;VRAI
15718;1310;01/04/2024;69;VRAI
15719;1310;01/07/2024;83;VRAI
15720;1310;01/10/2024;98;VRAI
15721;1311;01/01/2022;92;VRAI
15722;1311;01/04/2022;68;FAUX
15723;1311;01/07/2022;80;VRAI
15724;1311;01/10/2022;57;VRAI
15725;1311;01/01/2023;98;FAUX
15726;1311;01/04/2023;87;VRAI
15727;1311;01/07/2023;62;VRAI
15728;1311;01/10/2023;92;VRAI
15729;1311;01/01/2024;59;FAUX
15730;1311;01/04/2024;91;FAUX
15731;1311;01/07/2024;92;FAUX
15732;1311;01/10/2024;66;VRAI
15733;1312;01/01/2022;65;VRAI
15734;1312;01/04/2022;91;FAUX
15735;1312;01/07/2022;75;FAUX
15736;1312;01/10/2022;86;FAUX
15737;1312;01/01/2023;58;VRAI
15738;1312;01/04/2023;52;VRAI
15739;1312;01/07/2023;91;VRAI
15740;1312;01/10/2023;51;VRAI
15741;1312;01/01/2024;89;FAUX
15742;1312;01/04/2024;79;FAUX
15743;1312;01/07/2024;79;VRAI
15744;1312;01/10/2024;90;VRAI
15745;1313;01/01/2022;72;VRAI
15746;1313;01/04/2022;62;VRAI
15747;1313;01/07/2022;50;FAUX
15748;1313;01/10/2022;89;VRAI
15749;1313;01/01/2023;87;VRAI
15750;1313;01/04/2023;65;FAUX
15751;1313;01/07/2023;56;FAUX
15752;1313;01/10/2023;52;FAUX
15753;1313;01/01/2024;65;FAUX
15754;1313;01/04/2024;80;VRAI
15755;1313;01/07/2024;62;VRAI
15756;1313;01/10/2024;50;FAUX
15757;1314;01/01/2022;74;VRAI
15758;1314;01/04/2022;99;FAUX
15759;1314;01/07/2022;60;VRAI
15760;1314;01/10/2022;56;FAUX
15761;1314;01/01/2023;79;FAUX
15762;1314;01/04/2023;52;FAUX
15763;1314;01/07/2023;88;VRAI
15764;1314;01/10/2023;50;FAUX
15765;1314;01/01/2024;75;FAUX
15766;1314;01/04/2024;91;FAUX
15767;1314;01/07/2024;87;FAUX
15768;1314;01/10/2024;84;FAUX
15769;1315;01/01/2022;58;VRAI
15770;1315;01/04/2022;79;VRAI
15771;1315;01/07/2022;71;VRAI
15772;1315;01/10/2022;58;VRAI
15773;1315;01/01/2023;57;FAUX
15774;1315;01/04/2023;53;VRAI
15775;1315;01/07/2023;68;FAUX
15776;1315;01/10/2023;67;VRAI
15777;1315;01/01/2024;78;VRAI
15778;1315;01/04/2024;55;VRAI
15779;1315;01/07/2024;92;FAUX
15780;1315;01/10/2024;54;VRAI
15781;1316;01/01/2022;57;VRAI
15782;1316;01/04/2022;86;VRAI
15783;1316;01/07/2022;94;FAUX
15784;1316;01/10/2022;86;FAUX
15785;1316;01/01/2023;75;FAUX
15786;1316;01/04/2023;65;FAUX
15787;1316;01/07/2023;95;VRAI
15788;1316;01/10/2023;96;VRAI
15789;1316;01/01/2024;52;FAUX
15790;1316;01/04/2024;72;VRAI
15791;1316;01/07/2024;60;FAUX
15792;1316;01/10/2024;96;FAUX
15793;1317;01/01/2022;95;VRAI
15794;1317;01/04/2022;55;FAUX
15795;1317;01/07/2022;65;FAUX
15796;1317;01/10/2022;86;VRAI
15797;1317;01/01/2023;60;VRAI
15798;1317;01/04/2023;74;FAUX
15799;1317;01/07/2023;68;FAUX
15800;1317;01/10/2023;99;FAUX
15801;1317;01/01/2024;57;VRAI
15802;1317;01/04/2024;61;VRAI
15803;1317;01/07/2024;84;FAUX
15804;1317;01/10/2024;70;VRAI
15805;1318;01/01/2022;75;FAUX
15806;1318;01/04/2022;50;VRAI
15807;1318;01/07/2022;84;VRAI
15808;1318;01/10/2022;99;FAUX
15809;1318;01/01/2023;51;FAUX
15810;1318;01/04/2023;50;FAUX
15811;1318;01/07/2023;80;VRAI
15812;1318;01/10/2023;86;VRAI
15813;1318;01/01/2024;90;FAUX
15814;1318;01/04/2024;62;VRAI
15815;1318;01/07/2024;73;VRAI
15816;1318;01/10/2024;50;VRAI
15817;1319;01/01/2022;69;FAUX
15818;1319;01/04/2022;52;VRAI
15819;1319;01/07/2022;81;VRAI
15820;1319;01/10/2022;93;VRAI
15821;1319;01/01/2023;74;VRAI
15822;1319;01/04/2023;99;FAUX
15823;1319;01/07/2023;92;VRAI
15824;1319;01/10/2023;97;FAUX
15825;1319;01/01/2024;76;FAUX
15826;1319;01/04/2024;99;VRAI
15827;1319;01/07/2024;60;FAUX
15828;1319;01/10/2024;97;VRAI
15829;1320;01/01/2022;74;FAUX
15830;1320;01/04/2022;73;VRAI
15831;1320;01/07/2022;57;VRAI
15832;1320;01/10/2022;80;VRAI
15833;1320;01/01/2023;66;VRAI
15834;1320;01/04/2023;80;FAUX
15835;1320;01/07/2023;53;VRAI
15836;1320;01/10/2023;57;FAUX
15837;1320;01/01/2024;98;FAUX
15838;1320;01/04/2024;58;FAUX
15839;1320;01/07/2024;57;FAUX
15840;1320;01/10/2024;64;FAUX
15841;1321;01/01/2022;72;VRAI
15842;1321;01/04/2022;99;VRAI
15843;1321;01/07/2022;82;FAUX
15844;1321;01/10/2022;91;FAUX
15845;1321;01/01/2023;77;FAUX
15846;1321;01/04/2023;70;VRAI
15847;1321;01/07/2023;60;FAUX
15848;1321;01/10/2023;77;FAUX
15849;1321;01/01/2024;89;FAUX
15850;1321;01/04/2024;92;FAUX
15851;1321;01/07/2024;65;FAUX
15852;1321;01/10/2024;71;VRAI
15853;1322;01/01/2022;92;VRAI
15854;1322;01/04/2022;65;FAUX
15855;1322;01/07/2022;84;FAUX
15856;1322;01/10/2022;91;VRAI
15857;1322;01/01/2023;70;FAUX
15858;1322;01/04/2023;74;VRAI
15859;1322;01/07/2023;80;VRAI
15860;1322;01/10/2023;96;FAUX
15861;1322;01/01/2024;84;FAUX
15862;1322;01/04/2024;99;FAUX
15863;1322;01/07/2024;54;FAUX
15864;1322;01/10/2024;62;FAUX
15865;1323;01/01/2022;52;FAUX
15866;1323;01/04/2022;64;VRAI
15867;1323;01/07/2022;76;FAUX
15868;1323;01/10/2022;76;FAUX
15869;1323;01/01/2023;55;VRAI
15870;1323;01/04/2023;77;FAUX
15871;1323;01/07/2023;71;FAUX
15872;1323;01/10/2023;64;FAUX
15873;1323;01/01/2024;67;VRAI
15874;1323;01/04/2024;53;FAUX
15875;1323;01/07/2024;99;VRAI
15876;1323;01/10/2024;54;VRAI
15877;1324;01/01/2022;55;FAUX
15878;1324;01/04/2022;61;VRAI
15879;1324;01/07/2022;96;FAUX
15880;1324;01/10/2022;58;VRAI
15881;1324;01/01/2023;78;FAUX
15882;1324;01/04/2023;69;FAUX
15883;1324;01/07/2023;81;VRAI
15884;1324;01/10/2023;71;FAUX
15885;1324;01/01/2024;93;FAUX
15886;1324;01/04/2024;89;VRAI
15887;1324;01/07/2024;74;VRAI
15888;1324;01/10/2024;84;FAUX
15889;1325;01/01/2022;53;FAUX
15890;1325;01/04/2022;97;FAUX
15891;1325;01/07/2022;83;FAUX
15892;1325;01/10/2022;65;VRAI
15893;1325;01/01/2023;91;VRAI
15894;1325;01/04/2023;93;VRAI
15895;1325;01/07/2023;93;VRAI
15896;1325;01/10/2023;50;FAUX
15897;1325;01/01/2024;92;FAUX
15898;1325;01/04/2024;93;VRAI
15899;1325;01/07/2024;82;VRAI
15900;1325;01/10/2024;62;VRAI
15901;1326;01/01/2022;51;FAUX
15902;1326;01/04/2022;59;VRAI
15903;1326;01/07/2022;82;VRAI
15904;1326;01/10/2022;94;FAUX
15905;1326;01/01/2023;78;FAUX
15906;1326;01/04/2023;83;FAUX
15907;1326;01/07/2023;88;VRAI
15908;1326;01/10/2023;71;VRAI
15909;1326;01/01/2024;60;FAUX
15910;1326;01/04/2024;81;FAUX
15911;1326;01/07/2024;60;VRAI
15912;1326;01/10/2024;66;FAUX
15913;1327;01/01/2022;68;VRAI
15914;1327;01/04/2022;81;VRAI
15915;1327;01/07/2022;74;FAUX
15916;1327;01/10/2022;77;FAUX
15917;1327;01/01/2023;76;FAUX
15918;1327;01/04/2023;91;VRAI
15919;1327;01/07/2023;88;FAUX
15920;1327;01/10/2023;66;VRAI
15921;1327;01/01/2024;94;FAUX
15922;1327;01/04/2024;68;VRAI
15923;1327;01/07/2024;63;VRAI
15924;1327;01/10/2024;67;FAUX
15925;1328;01/01/2022;63;VRAI
15926;1328;01/04/2022;63;FAUX
15927;1328;01/07/2022;54;FAUX
15928;1328;01/10/2022;54;FAUX
15929;1328;01/01/2023;62;FAUX
15930;1328;01/04/2023;65;VRAI
15931;1328;01/07/2023;80;VRAI
15932;1328;01/10/2023;70;VRAI
15933;1328;01/01/2024;79;VRAI
15934;1328;01/04/2024;87;VRAI
15935;1328;01/07/2024;62;FAUX
15936;1328;01/10/2024;97;FAUX
15937;1329;01/01/2022;91;VRAI
15938;1329;01/04/2022;83;VRAI
15939;1329;01/07/2022;98;VRAI
15940;1329;01/10/2022;53;FAUX
15941;1329;01/01/2023;55;FAUX
15942;1329;01/04/2023;77;FAUX
15943;1329;01/07/2023;76;VRAI
15944;1329;01/10/2023;75;FAUX
15945;1329;01/01/2024;69;VRAI
15946;1329;01/04/2024;77;FAUX
15947;1329;01/07/2024;98;VRAI
15948;1329;01/10/2024;59;VRAI
15949;1330;01/01/2022;79;FAUX
15950;1330;01/04/2022;54;VRAI
15951;1330;01/07/2022;93;FAUX
15952;1330;01/10/2022;58;VRAI
15953;1330;01/01/2023;53;FAUX
15954;1330;01/04/2023;50;FAUX
15955;1330;01/07/2023;90;FAUX
15956;1330;01/10/2023;75;FAUX
15957;1330;01/01/2024;65;VRAI
15958;1330;01/04/2024;95;FAUX
15959;1330;01/07/2024;75;FAUX
15960;1330;01/10/2024;93;FAUX
15961;1331;01/01/2022;54;VRAI
15962;1331;01/04/2022;53;VRAI
15963;1331;01/07/2022;84;FAUX
15964;1331;01/10/2022;98;FAUX
15965;1331;01/01/2023;93;VRAI
15966;1331;01/04/2023;57;FAUX
15967;1331;01/07/2023;54;VRAI
15968;1331;01/10/2023;76;FAUX
15969;1331;01/01/2024;54;VRAI
15970;1331;01/04/2024;57;FAUX
15971;1331;01/07/2024;67;FAUX
15972;1331;01/10/2024;53;VRAI
15973;1332;01/01/2022;64;FAUX
15974;1332;01/04/2022;76;VRAI
15975;1332;01/07/2022;97;FAUX
15976;1332;01/10/2022;95;FAUX
15977;1332;01/01/2023;53;VRAI
15978;1332;01/04/2023;68;VRAI
15979;1332;01/07/2023;68;VRAI
15980;1332;01/10/2023;89;FAUX
15981;1332;01/01/2024;77;VRAI
15982;1332;01/04/2024;97;VRAI
15983;1332;01/07/2024;52;FAUX
15984;1332;01/10/2024;59;FAUX
15985;1333;01/01/2022;78;VRAI
15986;1333;01/04/2022;56;FAUX
15987;1333;01/07/2022;72;FAUX
15988;1333;01/10/2022;76;FAUX
15989;1333;01/01/2023;58;FAUX
15990;1333;01/04/2023;52;FAUX
15991;1333;01/07/2023;62;FAUX
15992;1333;01/10/2023;87;VRAI
15993;1333;01/01/2024;68;VRAI
15994;1333;01/04/2024;88;FAUX
15995;1333;01/07/2024;71;VRAI
15996;1333;01/10/2024;50;FAUX
15997;1334;01/01/2022;66;VRAI
15998;1334;01/04/2022;58;FAUX
15999;1334;01/07/2022;73;FAUX
16000;1334;01/10/2022;69;VRAI
16001;1334;01/01/2023;62;VRAI
16002;1334;01/04/2023;85;VRAI
16003;1334;01/07/2023;76;FAUX
16004;1334;01/10/2023;67;FAUX
16005;1334;01/01/2024;58;VRAI
16006;1334;01/04/2024;56;FAUX
16007;1334;01/07/2024;64;FAUX
16008;1334;01/10/2024;58;VRAI
16009;1335;01/01/2022;90;VRAI
16010;1335;01/04/2022;85;FAUX
16011;1335;01/07/2022;80;VRAI
16012;1335;01/10/2022;55;VRAI
16013;1335;01/01/2023;74;FAUX
16014;1335;01/04/2023;91;VRAI
16015;1335;01/07/2023;87;FAUX
16016;1335;01/10/2023;80;VRAI
16017;1335;01/01/2024;78;FAUX
16018;1335;01/04/2024;58;VRAI
16019;1335;01/07/2024;65;FAUX
16020;1335;01/10/2024;72;VRAI
16021;1336;01/01/2022;57;VRAI
16022;1336;01/04/2022;61;FAUX
16023;1336;01/07/2022;65;VRAI
16024;1336;01/10/2022;92;FAUX
16025;1336;01/01/2023;88;FAUX
16026;1336;01/04/2023;60;VRAI
16027;1336;01/07/2023;75;VRAI
16028;1336;01/10/2023;64;VRAI
16029;1336;01/01/2024;97;VRAI
16030;1336;01/04/2024;65;VRAI
16031;1336;01/07/2024;74;VRAI
16032;1336;01/10/2024;63;FAUX
16033;1337;01/01/2022;60;VRAI
16034;1337;01/04/2022;58;FAUX
16035;1337;01/07/2022;80;VRAI
16036;1337;01/10/2022;65;VRAI
16037;1337;01/01/2023;99;VRAI
16038;1337;01/04/2023;98;VRAI
16039;1337;01/07/2023;68;FAUX
16040;1337;01/10/2023;96;FAUX
16041;1337;01/01/2024;91;FAUX
16042;1337;01/04/2024;98;FAUX
16043;1337;01/07/2024;89;FAUX
16044;1337;01/10/2024;51;VRAI
16045;1338;01/01/2022;89;FAUX
16046;1338;01/04/2022;74;VRAI
16047;1338;01/07/2022;77;VRAI
16048;1338;01/10/2022;99;VRAI
16049;1338;01/01/2023;66;FAUX
16050;1338;01/04/2023;50;VRAI
16051;1338;01/07/2023;93;FAUX
16052;1338;01/10/2023;98;VRAI
16053;1338;01/01/2024;52;FAUX
16054;1338;01/04/2024;50;VRAI
16055;1338;01/07/2024;83;FAUX
16056;1338;01/10/2024;92;VRAI
16057;1339;01/01/2022;85;VRAI
16058;1339;01/04/2022;92;FAUX
16059;1339;01/07/2022;87;VRAI
16060;1339;01/10/2022;57;FAUX
16061;1339;01/01/2023;50;FAUX
16062;1339;01/04/2023;79;VRAI
16063;1339;01/07/2023;70;FAUX
16064;1339;01/10/2023;87;FAUX
16065;1339;01/01/2024;90;FAUX
16066;1339;01/04/2024;89;FAUX
16067;1339;01/07/2024;84;FAUX
16068;1339;01/10/2024;67;FAUX
16069;1340;01/01/2022;58;VRAI
16070;1340;01/04/2022;94;VRAI
16071;1340;01/07/2022;98;FAUX
16072;1340;01/10/2022;53;VRAI
16073;1340;01/01/2023;97;FAUX
16074;1340;01/04/2023;65;VRAI
16075;1340;01/07/2023;75;FAUX
16076;1340;01/10/2023;86;FAUX
16077;1340;01/01/2024;91;VRAI
16078;1340;01/04/2024;56;FAUX
16079;1340;01/07/2024;79;FAUX
16080;1340;01/10/2024;64;FAUX
16081;1341;01/01/2022;73;FAUX
16082;1341;01/04/2022;89;VRAI
16083;1341;01/07/2022;64;VRAI
16084;1341;01/10/2022;70;FAUX
16085;1341;01/01/2023;54;VRAI
16086;1341;01/04/2023;85;FAUX
16087;1341;01/07/2023;95;VRAI
16088;1341;01/10/2023;73;VRAI
16089;1341;01/01/2024;59;FAUX
16090;1341;01/04/2024;55;VRAI
16091;1341;01/07/2024;70;FAUX
16092;1341;01/10/2024;92;FAUX
16093;1342;01/01/2022;64;FAUX
16094;1342;01/04/2022;64;VRAI
16095;1342;01/07/2022;66;FAUX
16096;1342;01/10/2022;99;FAUX
16097;1342;01/01/2023;64;VRAI
16098;1342;01/04/2023;66;FAUX
16099;1342;01/07/2023;75;FAUX
16100;1342;01/10/2023;58;FAUX
16101;1342;01/01/2024;61;FAUX
16102;1342;01/04/2024;72;VRAI
16103;1342;01/07/2024;63;FAUX
16104;1342;01/10/2024;57;FAUX
16105;1343;01/01/2022;81;VRAI
16106;1343;01/04/2022;77;FAUX
16107;1343;01/07/2022;71;VRAI
16108;1343;01/10/2022;58;VRAI
16109;1343;01/01/2023;74;VRAI
16110;1343;01/04/2023;61;VRAI
16111;1343;01/07/2023;52;VRAI
16112;1343;01/10/2023;95;VRAI
16113;1343;01/01/2024;72;VRAI
16114;1343;01/04/2024;67;VRAI
16115;1343;01/07/2024;85;FAUX
16116;1343;01/10/2024;57;FAUX
16117;1344;01/01/2022;67;VRAI
16118;1344;01/04/2022;85;FAUX
16119;1344;01/07/2022;89;VRAI
16120;1344;01/10/2022;93;FAUX
16121;1344;01/01/2023;61;FAUX
16122;1344;01/04/2023;51;FAUX
16123;1344;01/07/2023;89;FAUX
16124;1344;01/10/2023;62;VRAI
16125;1344;01/01/2024;52;FAUX
16126;1344;01/04/2024;83;VRAI
16127;1344;01/07/2024;81;FAUX
16128;1344;01/10/2024;77;FAUX
16129;1345;01/01/2022;57;VRAI
16130;1345;01/04/2022;79;VRAI
16131;1345;01/07/2022;79;VRAI
16132;1345;01/10/2022;96;FAUX
16133;1345;01/01/2023;83;VRAI
16134;1345;01/04/2023;66;VRAI
16135;1345;01/07/2023;73;FAUX
16136;1345;01/10/2023;77;VRAI
16137;1345;01/01/2024;85;VRAI
16138;1345;01/04/2024;56;VRAI
16139;1345;01/07/2024;95;FAUX
16140;1345;01/10/2024;63;FAUX
16141;1346;01/01/2022;77;FAUX
16142;1346;01/04/2022;56;FAUX
16143;1346;01/07/2022;85;VRAI
16144;1346;01/10/2022;64;VRAI
16145;1346;01/01/2023;52;FAUX
16146;1346;01/04/2023;51;VRAI
16147;1346;01/07/2023;65;VRAI
16148;1346;01/10/2023;58;FAUX
16149;1346;01/01/2024;78;FAUX
16150;1346;01/04/2024;82;FAUX
16151;1346;01/07/2024;92;FAUX
16152;1346;01/10/2024;54;VRAI
16153;1347;01/01/2022;56;VRAI
16154;1347;01/04/2022;63;FAUX
16155;1347;01/07/2022;89;FAUX
16156;1347;01/10/2022;84;FAUX
16157;1347;01/01/2023;99;FAUX
16158;1347;01/04/2023;64;VRAI
16159;1347;01/07/2023;73;VRAI
16160;1347;01/10/2023;93;VRAI
16161;1347;01/01/2024;66;VRAI
16162;1347;01/04/2024;55;VRAI
16163;1347;01/07/2024;57;VRAI
16164;1347;01/10/2024;81;FAUX
16165;1348;01/01/2022;59;FAUX
16166;1348;01/04/2022;64;FAUX
16167;1348;01/07/2022;92;FAUX
16168;1348;01/10/2022;86;FAUX
16169;1348;01/01/2023;73;VRAI
16170;1348;01/04/2023;86;FAUX
16171;1348;01/07/2023;78;VRAI
16172;1348;01/10/2023;59;FAUX
16173;1348;01/01/2024;65;VRAI
16174;1348;01/04/2024;60;VRAI
16175;1348;01/07/2024;75;FAUX
16176;1348;01/10/2024;68;FAUX
16177;1349;01/01/2022;67;FAUX
16178;1349;01/04/2022;81;VRAI
16179;1349;01/07/2022;61;FAUX
16180;1349;01/10/2022;62;VRAI
16181;1349;01/01/2023;70;VRAI
16182;1349;01/04/2023;78;FAUX
16183;1349;01/07/2023;76;VRAI
16184;1349;01/10/2023;64;VRAI
16185;1349;01/01/2024;61;FAUX
16186;1349;01/04/2024;90;VRAI
16187;1349;01/07/2024;61;VRAI
16188;1349;01/10/2024;54;FAUX
16189;1350;01/01/2022;75;VRAI
16190;1350;01/04/2022;59;FAUX
16191;1350;01/07/2022;88;VRAI
16192;1350;01/10/2022;60;FAUX
16193;1350;01/01/2023;80;FAUX
16194;1350;01/04/2023;88;FAUX
16195;1350;01/07/2023;77;FAUX
16196;1350;01/10/2023;95;VRAI
16197;1350;01/01/2024;80;VRAI
16198;1350;01/04/2024;97;FAUX
16199;1350;01/07/2024;54;VRAI
16200;1350;01/10/2024;74;VRAI
16201;1351;01/01/2022;78;VRAI
16202;1351;01/04/2022;89;VRAI
16203;1351;01/07/2022;86;FAUX
16204;1351;01/10/2022;78;FAUX
16205;1351;01/01/2023;83;FAUX
16206;1351;01/04/2023;80;FAUX
16207;1351;01/07/2023;95;VRAI
16208;1351;01/10/2023;53;VRAI
16209;1351;01/01/2024;90;FAUX
16210;1351;01/04/2024;93;VRAI
16211;1351;01/07/2024;75;VRAI
16212;1351;01/10/2024;76;FAUX
16213;1352;01/01/2022;79;VRAI
16214;1352;01/04/2022;95;VRAI
16215;1352;01/07/2022;91;VRAI
16216;1352;01/10/2022;78;VRAI
16217;1352;01/01/2023;67;FAUX
16218;1352;01/04/2023;98;VRAI
16219;1352;01/07/2023;81;FAUX
16220;1352;01/10/2023;74;FAUX
16221;1352;01/01/2024;81;VRAI
16222;1352;01/04/2024;52;FAUX
16223;1352;01/07/2024;84;FAUX
16224;1352;01/10/2024;78;VRAI
16225;1353;01/01/2022;55;VRAI
16226;1353;01/04/2022;86;VRAI
16227;1353;01/07/2022;76;VRAI
16228;1353;01/10/2022;75;VRAI
16229;1353;01/01/2023;68;VRAI
16230;1353;01/04/2023;84;VRAI
16231;1353;01/07/2023;98;VRAI
16232;1353;01/10/2023;63;FAUX
16233;1353;01/01/2024;97;VRAI
16234;1353;01/04/2024;92;VRAI
16235;1353;01/07/2024;86;VRAI
16236;1353;01/10/2024;64;FAUX
16237;1354;01/01/2022;67;FAUX
16238;1354;01/04/2022;63;FAUX
16239;1354;01/07/2022;94;VRAI
16240;1354;01/10/2022;87;VRAI
16241;1354;01/01/2023;60;VRAI
16242;1354;01/04/2023;97;FAUX
16243;1354;01/07/2023;75;VRAI
16244;1354;01/10/2023;74;VRAI
16245;1354;01/01/2024;71;VRAI
16246;1354;01/04/2024;95;FAUX
16247;1354;01/07/2024;83;FAUX
16248;1354;01/10/2024;58;FAUX
16249;1355;01/01/2022;60;VRAI
16250;1355;01/04/2022;79;FAUX
16251;1355;01/07/2022;51;FAUX
16252;1355;01/10/2022;79;FAUX
16253;1355;01/01/2023;63;VRAI
16254;1355;01/04/2023;74;VRAI
16255;1355;01/07/2023;62;VRAI
16256;1355;01/10/2023;93;FAUX
16257;1355;01/01/2024;75;FAUX
16258;1355;01/04/2024;63;FAUX
16259;1355;01/07/2024;73;FAUX
16260;1355;01/10/2024;89;VRAI
16261;1356;01/01/2022;98;VRAI
16262;1356;01/04/2022;92;VRAI
16263;1356;01/07/2022;75;FAUX
16264;1356;01/10/2022;62;FAUX
16265;1356;01/01/2023;63;VRAI
16266;1356;01/04/2023;56;VRAI
16267;1356;01/07/2023;80;FAUX
16268;1356;01/10/2023;65;FAUX
16269;1356;01/01/2024;97;VRAI
16270;1356;01/04/2024;64;VRAI
16271;1356;01/07/2024;96;FAUX
16272;1356;01/10/2024;90;VRAI
16273;1357;01/01/2022;74;VRAI
16274;1357;01/04/2022;75;FAUX
16275;1357;01/07/2022;57;FAUX
16276;1357;01/10/2022;70;FAUX
16277;1357;01/01/2023;96;VRAI
16278;1357;01/04/2023;50;VRAI
16279;1357;01/07/2023;81;FAUX
16280;1357;01/10/2023;80;VRAI
16281;1357;01/01/2024;51;VRAI
16282;1357;01/04/2024;57;VRAI
16283;1357;01/07/2024;74;VRAI
16284;1357;01/10/2024;94;FAUX
16285;1358;01/01/2022;91;FAUX
16286;1358;01/04/2022;87;VRAI
16287;1358;01/07/2022;52;FAUX
16288;1358;01/10/2022;97;FAUX
16289;1358;01/01/2023;71;FAUX
16290;1358;01/04/2023;82;FAUX
16291;1358;01/07/2023;81;VRAI
16292;1358;01/10/2023;66;FAUX
16293;1358;01/01/2024;67;FAUX
16294;1358;01/04/2024;52;FAUX
16295;1358;01/07/2024;55;VRAI
16296;1358;01/10/2024;62;VRAI
16297;1359;01/01/2022;80;VRAI
16298;1359;01/04/2022;70;FAUX
16299;1359;01/07/2022;66;FAUX
16300;1359;01/10/2022;50;FAUX
16301;1359;01/01/2023;87;FAUX
16302;1359;01/04/2023;50;FAUX
16303;1359;01/07/2023;96;VRAI
16304;1359;01/10/2023;73;VRAI
16305;1359;01/01/2024;69;VRAI
16306;1359;01/04/2024;70;FAUX
16307;1359;01/07/2024;86;VRAI
16308;1359;01/10/2024;87;VRAI
16309;1360;01/01/2022;64;FAUX
16310;1360;01/04/2022;95;FAUX
16311;1360;01/07/2022;79;FAUX
16312;1360;01/10/2022;92;FAUX
16313;1360;01/01/2023;88;VRAI
16314;1360;01/04/2023;72;VRAI
16315;1360;01/07/2023;64;FAUX
16316;1360;01/10/2023;61;FAUX
16317;1360;01/01/2024;55;FAUX
16318;1360;01/04/2024;67;VRAI
16319;1360;01/07/2024;99;FAUX
16320;1360;01/10/2024;73;FAUX
16321;1361;01/01/2022;77;VRAI
16322;1361;01/04/2022;68;VRAI
16323;1361;01/07/2022;53;FAUX
16324;1361;01/10/2022;66;VRAI
16325;1361;01/01/2023;59;FAUX
16326;1361;01/04/2023;54;VRAI
16327;1361;01/07/2023;93;VRAI
16328;1361;01/10/2023;51;FAUX
16329;1361;01/01/2024;98;VRAI
16330;1361;01/04/2024;86;VRAI
16331;1361;01/07/2024;69;FAUX
16332;1361;01/10/2024;93;FAUX
16333;1362;01/01/2022;88;FAUX
16334;1362;01/04/2022;78;FAUX
16335;1362;01/07/2022;65;FAUX
16336;1362;01/10/2022;80;FAUX
16337;1362;01/01/2023;90;FAUX
16338;1362;01/04/2023;54;VRAI
16339;1362;01/07/2023;92;VRAI
16340;1362;01/10/2023;81;VRAI
16341;1362;01/01/2024;72;VRAI
16342;1362;01/04/2024;50;FAUX
16343;1362;01/07/2024;90;FAUX
16344;1362;01/10/2024;97;VRAI
16345;1363;01/01/2022;54;VRAI
16346;1363;01/04/2022;60;FAUX
16347;1363;01/07/2022;71;VRAI
16348;1363;01/10/2022;72;FAUX
16349;1363;01/01/2023;61;VRAI
16350;1363;01/04/2023;70;VRAI
16351;1363;01/07/2023;54;FAUX
16352;1363;01/10/2023;79;FAUX
16353;1363;01/01/2024;51;VRAI
16354;1363;01/04/2024;98;FAUX
16355;1363;01/07/2024;72;VRAI
16356;1363;01/10/2024;73;FAUX
16357;1364;01/01/2022;67;VRAI
16358;1364;01/04/2022;96;VRAI
16359;1364;01/07/2022;98;VRAI
16360;1364;01/10/2022;63;VRAI
16361;1364;01/01/2023;63;VRAI
16362;1364;01/04/2023;54;VRAI
16363;1364;01/07/2023;80;FAUX
16364;1364;01/10/2023;85;FAUX
16365;1364;01/01/2024;50;VRAI
16366;1364;01/04/2024;52;VRAI
16367;1364;01/07/2024;69;VRAI
16368;1364;01/10/2024;97;VRAI
16369;1365;01/01/2022;70;FAUX
16370;1365;01/04/2022;91;FAUX
16371;1365;01/07/2022;79;VRAI
16372;1365;01/10/2022;59;FAUX
16373;1365;01/01/2023;94;VRAI
16374;1365;01/04/2023;88;FAUX
16375;1365;01/07/2023;97;VRAI
16376;1365;01/10/2023;55;FAUX
16377;1365;01/01/2024;91;FAUX
16378;1365;01/04/2024;92;FAUX
16379;1365;01/07/2024;59;VRAI
16380;1365;01/10/2024;63;VRAI
16381;1366;01/01/2022;88;VRAI
16382;1366;01/04/2022;60;VRAI
16383;1366;01/07/2022;60;FAUX
16384;1366;01/10/2022;98;FAUX
16385;1366;01/01/2023;82;VRAI
16386;1366;01/04/2023;90;FAUX
16387;1366;01/07/2023;81;VRAI
16388;1366;01/10/2023;59;VRAI
16389;1366;01/01/2024;64;FAUX
16390;1366;01/04/2024;92;VRAI
16391;1366;01/07/2024;98;FAUX
16392;1366;01/10/2024;94;FAUX
16393;1367;01/01/2022;55;VRAI
16394;1367;01/04/2022;97;FAUX
16395;1367;01/07/2022;57;VRAI
16396;1367;01/10/2022;74;VRAI
16397;1367;01/01/2023;66;FAUX
16398;1367;01/04/2023;79;FAUX
16399;1367;01/07/2023;66;VRAI
16400;1367;01/10/2023;53;FAUX
16401;1367;01/01/2024;63;FAUX
16402;1367;01/04/2024;54;VRAI
16403;1367;01/07/2024;54;VRAI
16404;1367;01/10/2024;54;VRAI
16405;1368;01/01/2022;87;FAUX
16406;1368;01/04/2022;50;FAUX
16407;1368;01/07/2022;62;FAUX
16408;1368;01/10/2022;55;FAUX
16409;1368;01/01/2023;99;FAUX
16410;1368;01/04/2023;57;FAUX
16411;1368;01/07/2023;98;FAUX
16412;1368;01/10/2023;64;FAUX
16413;1368;01/01/2024;59;VRAI
16414;1368;01/04/2024;82;VRAI
16415;1368;01/07/2024;58;VRAI
16416;1368;01/10/2024;82;VRAI
16417;1369;01/01/2022;63;FAUX
16418;1369;01/04/2022;81;VRAI
16419;1369;01/07/2022;55;VRAI
16420;1369;01/10/2022;53;FAUX
16421;1369;01/01/2023;97;FAUX
16422;1369;01/04/2023;59;VRAI
16423;1369;01/07/2023;80;FAUX
16424;1369;01/10/2023;62;FAUX
16425;1369;01/01/2024;53;FAUX
16426;1369;01/04/2024;95;FAUX
16427;1369;01/07/2024;73;FAUX
16428;1369;01/10/2024;58;VRAI
16429;1370;01/01/2022;91;VRAI
16430;1370;01/04/2022;73;VRAI
16431;1370;01/07/2022;68;FAUX
16432;1370;01/10/2022;51;VRAI
16433;1370;01/01/2023;85;VRAI
16434;1370;01/04/2023;83;VRAI
16435;1370;01/07/2023;88;VRAI
16436;1370;01/10/2023;87;VRAI
16437;1370;01/01/2024;65;FAUX
16438;1370;01/04/2024;93;FAUX
16439;1370;01/07/2024;75;FAUX
16440;1370;01/10/2024;94;VRAI
16441;1371;01/01/2022;73;FAUX
16442;1371;01/04/2022;89;VRAI
16443;1371;01/07/2022;79;FAUX
16444;1371;01/10/2022;60;VRAI
16445;1371;01/01/2023;58;FAUX
16446;1371;01/04/2023;75;FAUX
16447;1371;01/07/2023;52;FAUX
16448;1371;01/10/2023;82;VRAI
16449;1371;01/01/2024;96;VRAI
16450;1371;01/04/2024;73;VRAI
16451;1371;01/07/2024;82;VRAI
16452;1371;01/10/2024;59;VRAI
16453;1372;01/01/2022;92;FAUX
16454;1372;01/04/2022;88;VRAI
16455;1372;01/07/2022;66;FAUX
16456;1372;01/10/2022;93;FAUX
16457;1372;01/01/2023;74;FAUX
16458;1372;01/04/2023;61;FAUX
16459;1372;01/07/2023;52;FAUX
16460;1372;01/10/2023;78;FAUX
16461;1372;01/01/2024;73;VRAI
16462;1372;01/04/2024;62;FAUX
16463;1372;01/07/2024;89;VRAI
16464;1372;01/10/2024;55;FAUX
16465;1373;01/01/2022;59;VRAI
16466;1373;01/04/2022;87;FAUX
16467;1373;01/07/2022;67;FAUX
16468;1373;01/10/2022;66;FAUX
16469;1373;01/01/2023;91;FAUX
16470;1373;01/04/2023;93;FAUX
16471;1373;01/07/2023;59;VRAI
16472;1373;01/10/2023;97;VRAI
16473;1373;01/01/2024;90;VRAI
16474;1373;01/04/2024;74;FAUX
16475;1373;01/07/2024;55;FAUX
16476;1373;01/10/2024;59;VRAI
16477;1374;01/01/2022;80;FAUX
16478;1374;01/04/2022;92;VRAI
16479;1374;01/07/2022;68;VRAI
16480;1374;01/10/2022;54;FAUX
16481;1374;01/01/2023;75;VRAI
16482;1374;01/04/2023;73;FAUX
16483;1374;01/07/2023;88;VRAI
16484;1374;01/10/2023;53;FAUX
16485;1374;01/01/2024;97;FAUX
16486;1374;01/04/2024;91;FAUX
16487;1374;01/07/2024;64;VRAI
16488;1374;01/10/2024;89;FAUX
16489;1375;01/01/2022;62;FAUX
16490;1375;01/04/2022;88;VRAI
16491;1375;01/07/2022;85;VRAI
16492;1375;01/10/2022;97;VRAI
16493;1375;01/01/2023;83;VRAI
16494;1375;01/04/2023;70;FAUX
16495;1375;01/07/2023;74;VRAI
16496;1375;01/10/2023;71;VRAI
16497;1375;01/01/2024;74;FAUX
16498;1375;01/04/2024;63;FAUX
16499;1375;01/07/2024;89;FAUX
16500;1375;01/10/2024;75;FAUX
16501;1376;01/01/2022;71;VRAI
16502;1376;01/04/2022;88;FAUX
16503;1376;01/07/2022;74;FAUX
16504;1376;01/10/2022;62;VRAI
16505;1376;01/01/2023;91;VRAI
16506;1376;01/04/2023;64;VRAI
16507;1376;01/07/2023;93;VRAI
16508;1376;01/10/2023;80;FAUX
16509;1376;01/01/2024;86;VRAI
16510;1376;01/04/2024;81;FAUX
16511;1376;01/07/2024;60;FAUX
16512;1376;01/10/2024;94;FAUX
16513;1377;01/01/2022;53;FAUX
16514;1377;01/04/2022;94;VRAI
16515;1377;01/07/2022;78;VRAI
16516;1377;01/10/2022;53;VRAI
16517;1377;01/01/2023;96;FAUX
16518;1377;01/04/2023;75;VRAI
16519;1377;01/07/2023;80;VRAI
16520;1377;01/10/2023;76;VRAI
16521;1377;01/01/2024;97;FAUX
16522;1377;01/04/2024;98;VRAI
16523;1377;01/07/2024;92;VRAI
16524;1377;01/10/2024;86;FAUX
16525;1378;01/01/2022;94;FAUX
16526;1378;01/04/2022;72;VRAI
16527;1378;01/07/2022;53;FAUX
16528;1378;01/10/2022;91;VRAI
16529;1378;01/01/2023;91;VRAI
16530;1378;01/04/2023;50;FAUX
16531;1378;01/07/2023;92;VRAI
16532;1378;01/10/2023;89;FAUX
16533;1378;01/01/2024;95;FAUX
16534;1378;01/04/2024;72;VRAI
16535;1378;01/07/2024;71;VRAI
16536;1378;01/10/2024;77;VRAI
16537;1379;01/01/2022;66;FAUX
16538;1379;01/04/2022;55;FAUX
16539;1379;01/07/2022;99;FAUX
16540;1379;01/10/2022;66;FAUX
16541;1379;01/01/2023;54;VRAI
16542;1379;01/04/2023;97;VRAI
16543;1379;01/07/2023;58;FAUX
16544;1379;01/10/2023;91;FAUX
16545;1379;01/01/2024;62;VRAI
16546;1379;01/04/2024;97;VRAI
16547;1379;01/07/2024;65;FAUX
16548;1379;01/10/2024;81;FAUX
16549;1380;01/01/2022;97;FAUX
16550;1380;01/04/2022;64;FAUX
16551;1380;01/07/2022;86;VRAI
16552;1380;01/10/2022;54;FAUX
16553;1380;01/01/2023;60;FAUX
16554;1380;01/04/2023;68;FAUX
16555;1380;01/07/2023;75;FAUX
16556;1380;01/10/2023;66;VRAI
16557;1380;01/01/2024;68;FAUX
16558;1380;01/04/2024;69;VRAI
16559;1380;01/07/2024;72;VRAI
16560;1380;01/10/2024;77;VRAI
16561;1381;01/01/2022;61;FAUX
16562;1381;01/04/2022;50;FAUX
16563;1381;01/07/2022;59;FAUX
16564;1381;01/10/2022;81;VRAI
16565;1381;01/01/2023;59;VRAI
16566;1381;01/04/2023;99;VRAI
16567;1381;01/07/2023;81;VRAI
16568;1381;01/10/2023;61;VRAI
16569;1381;01/01/2024;67;FAUX
16570;1381;01/04/2024;62;FAUX
16571;1381;01/07/2024;52;VRAI
16572;1381;01/10/2024;91;FAUX
16573;1382;01/01/2022;89;FAUX
16574;1382;01/04/2022;51;FAUX
16575;1382;01/07/2022;94;VRAI
16576;1382;01/10/2022;60;FAUX
16577;1382;01/01/2023;50;FAUX
16578;1382;01/04/2023;91;FAUX
16579;1382;01/07/2023;62;FAUX
16580;1382;01/10/2023;85;VRAI
16581;1382;01/01/2024;59;FAUX
16582;1382;01/04/2024;95;VRAI
16583;1382;01/07/2024;52;FAUX
16584;1382;01/10/2024;51;FAUX
16585;1383;01/01/2022;80;VRAI
16586;1383;01/04/2022;70;VRAI
16587;1383;01/07/2022;99;VRAI
16588;1383;01/10/2022;80;FAUX
16589;1383;01/01/2023;88;FAUX
16590;1383;01/04/2023;88;VRAI
16591;1383;01/07/2023;58;VRAI
16592;1383;01/10/2023;61;VRAI
16593;1383;01/01/2024;87;FAUX
16594;1383;01/04/2024;88;FAUX
16595;1383;01/07/2024;53;FAUX
16596;1383;01/10/2024;56;FAUX
16597;1384;01/01/2022;89;FAUX
16598;1384;01/04/2022;84;VRAI
16599;1384;01/07/2022;62;VRAI
16600;1384;01/10/2022;69;VRAI
16601;1384;01/01/2023;96;VRAI
16602;1384;01/04/2023;51;FAUX
16603;1384;01/07/2023;89;FAUX
16604;1384;01/10/2023;72;FAUX
16605;1384;01/01/2024;89;VRAI
16606;1384;01/04/2024;82;FAUX
16607;1384;01/07/2024;77;FAUX
16608;1384;01/10/2024;91;FAUX
16609;1385;01/01/2022;79;FAUX
16610;1385;01/04/2022;90;VRAI
16611;1385;01/07/2022;83;VRAI
16612;1385;01/10/2022;71;VRAI
16613;1385;01/01/2023;63;FAUX
16614;1385;01/04/2023;59;FAUX
16615;1385;01/07/2023;63;VRAI
16616;1385;01/10/2023;87;FAUX
16617;1385;01/01/2024;94;FAUX
16618;1385;01/04/2024;52;FAUX
16619;1385;01/07/2024;69;VRAI
16620;1385;01/10/2024;62;VRAI
16621;1386;01/01/2022;72;VRAI
16622;1386;01/04/2022;65;FAUX
16623;1386;01/07/2022;84;VRAI
16624;1386;01/10/2022;96;FAUX
16625;1386;01/01/2023;56;FAUX
16626;1386;01/04/2023;86;FAUX
16627;1386;01/07/2023;74;VRAI
16628;1386;01/10/2023;59;FAUX
16629;1386;01/01/2024;82;VRAI
16630;1386;01/04/2024;84;VRAI
16631;1386;01/07/2024;52;VRAI
16632;1386;01/10/2024;98;FAUX
16633;1387;01/01/2022;57;VRAI
16634;1387;01/04/2022;62;FAUX
16635;1387;01/07/2022;52;FAUX
16636;1387;01/10/2022;95;VRAI
16637;1387;01/01/2023;84;VRAI
16638;1387;01/04/2023;69;FAUX
16639;1387;01/07/2023;58;FAUX
16640;1387;01/10/2023;74;FAUX
16641;1387;01/01/2024;57;FAUX
16642;1387;01/04/2024;77;FAUX
16643;1387;01/07/2024;73;VRAI
16644;1387;01/10/2024;78;VRAI
16645;1388;01/01/2022;67;VRAI
16646;1388;01/04/2022;62;VRAI
16647;1388;01/07/2022;97;VRAI
16648;1388;01/10/2022;54;FAUX
16649;1388;01/01/2023;51;VRAI
16650;1388;01/04/2023;97;VRAI
16651;1388;01/07/2023;74;VRAI
16652;1388;01/10/2023;74;VRAI
16653;1388;01/01/2024;79;VRAI
16654;1388;01/04/2024;53;VRAI
16655;1388;01/07/2024;76;FAUX
16656;1388;01/10/2024;96;VRAI
16657;1389;01/01/2022;73;FAUX
16658;1389;01/04/2022;86;VRAI
16659;1389;01/07/2022;74;VRAI
16660;1389;01/10/2022;80;VRAI
16661;1389;01/01/2023;84;FAUX
16662;1389;01/04/2023;87;VRAI
16663;1389;01/07/2023;93;VRAI
16664;1389;01/10/2023;99;FAUX
16665;1389;01/01/2024;53;FAUX
16666;1389;01/04/2024;80;VRAI
16667;1389;01/07/2024;63;FAUX
16668;1389;01/10/2024;63;VRAI
16669;1390;01/01/2022;92;FAUX
16670;1390;01/04/2022;90;FAUX
16671;1390;01/07/2022;54;FAUX
16672;1390;01/10/2022;64;VRAI
16673;1390;01/01/2023;91;FAUX
16674;1390;01/04/2023;85;FAUX
16675;1390;01/07/2023;89;FAUX
16676;1390;01/10/2023;87;VRAI
16677;1390;01/01/2024;60;FAUX
16678;1390;01/04/2024;74;VRAI
16679;1390;01/07/2024;92;FAUX
16680;1390;01/10/2024;84;VRAI
16681;1391;01/01/2022;73;VRAI
16682;1391;01/04/2022;91;VRAI
16683;1391;01/07/2022;79;VRAI
16684;1391;01/10/2022;72;FAUX
16685;1391;01/01/2023;95;FAUX
16686;1391;01/04/2023;78;VRAI
16687;1391;01/07/2023;64;VRAI
16688;1391;01/10/2023;52;VRAI
16689;1391;01/01/2024;57;VRAI
16690;1391;01/04/2024;82;FAUX
16691;1391;01/07/2024;58;VRAI
16692;1391;01/10/2024;66;VRAI
16693;1392;01/01/2022;50;FAUX
16694;1392;01/04/2022;54;FAUX
16695;1392;01/07/2022;60;FAUX
16696;1392;01/10/2022;87;VRAI
16697;1392;01/01/2023;99;VRAI
16698;1392;01/04/2023;67;VRAI
16699;1392;01/07/2023;76;VRAI
16700;1392;01/10/2023;54;FAUX
16701;1392;01/01/2024;68;VRAI
16702;1392;01/04/2024;62;FAUX
16703;1392;01/07/2024;56;FAUX
16704;1392;01/10/2024;63;VRAI
16705;1393;01/01/2022;57;VRAI
16706;1393;01/04/2022;84;VRAI
16707;1393;01/07/2022;53;FAUX
16708;1393;01/10/2022;53;FAUX
16709;1393;01/01/2023;72;FAUX
16710;1393;01/04/2023;61;FAUX
16711;1393;01/07/2023;69;VRAI
16712;1393;01/10/2023;94;FAUX
16713;1393;01/01/2024;57;FAUX
16714;1393;01/04/2024;71;VRAI
16715;1393;01/07/2024;90;FAUX
16716;1393;01/10/2024;90;VRAI
16717;1394;01/01/2022;81;VRAI
16718;1394;01/04/2022;82;VRAI
16719;1394;01/07/2022;55;VRAI
16720;1394;01/10/2022;58;FAUX
16721;1394;01/01/2023;81;FAUX
16722;1394;01/04/2023;65;FAUX
16723;1394;01/07/2023;90;VRAI
16724;1394;01/10/2023;76;VRAI
16725;1394;01/01/2024;58;VRAI
16726;1394;01/04/2024;66;FAUX
16727;1394;01/07/2024;54;VRAI
16728;1394;01/10/2024;75;VRAI
16729;1395;01/01/2022;50;VRAI
16730;1395;01/04/2022;84;VRAI
16731;1395;01/07/2022;72;FAUX
16732;1395;01/10/2022;90;FAUX
16733;1395;01/01/2023;68;VRAI
16734;1395;01/04/2023;54;FAUX
16735;1395;01/07/2023;95;FAUX
16736;1395;01/10/2023;97;VRAI
16737;1395;01/01/2024;87;FAUX
16738;1395;01/04/2024;72;FAUX
16739;1395;01/07/2024;67;VRAI
16740;1395;01/10/2024;77;FAUX
16741;1396;01/01/2022;58;VRAI
16742;1396;01/04/2022;99;FAUX
16743;1396;01/07/2022;51;VRAI
16744;1396;01/10/2022;87;VRAI
16745;1396;01/01/2023;90;VRAI
16746;1396;01/04/2023;69;FAUX
16747;1396;01/07/2023;59;FAUX
16748;1396;01/10/2023;64;VRAI
16749;1396;01/01/2024;99;FAUX
16750;1396;01/04/2024;69;FAUX
16751;1396;01/07/2024;90;FAUX
16752;1396;01/10/2024;56;VRAI
16753;1397;01/01/2022;73;VRAI
16754;1397;01/04/2022;54;VRAI
16755;1397;01/07/2022;94;VRAI
16756;1397;01/10/2022;50;FAUX
16757;1397;01/01/2023;67;FAUX
16758;1397;01/04/2023;72;FAUX
16759;1397;01/07/2023;56;FAUX
16760;1397;01/10/2023;57;VRAI
16761;1397;01/01/2024;79;FAUX
16762;1397;01/04/2024;63;VRAI
16763;1397;01/07/2024;91;VRAI
16764;1397;01/10/2024;87;VRAI
16765;1398;01/01/2022;91;FAUX
16766;1398;01/04/2022;82;FAUX
16767;1398;01/07/2022;62;VRAI
16768;1398;01/10/2022;73;FAUX
16769;1398;01/01/2023;78;FAUX
16770;1398;01/04/2023;55;FAUX
16771;1398;01/07/2023;77;VRAI
16772;1398;01/10/2023;67;VRAI
16773;1398;01/01/2024;86;VRAI
16774;1398;01/04/2024;58;VRAI
16775;1398;01/07/2024;61;FAUX
16776;1398;01/10/2024;95;FAUX
16777;1399;01/01/2022;93;VRAI
16778;1399;01/04/2022;73;VRAI
16779;1399;01/07/2022;61;FAUX
16780;1399;01/10/2022;86;VRAI
16781;1399;01/01/2023;88;FAUX
16782;1399;01/04/2023;71;VRAI
16783;1399;01/07/2023;66;VRAI
16784;1399;01/10/2023;96;FAUX
16785;1399;01/01/2024;64;VRAI
16786;1399;01/04/2024;81;VRAI
16787;1399;01/07/2024;78;VRAI
16788;1399;01/10/2024;76;FAUX
16789;1400;01/01/2022;53;VRAI
16790;1400;01/04/2022;97;FAUX
16791;1400;01/07/2022;70;FAUX
16792;1400;01/10/2022;57;FAUX
16793;1400;01/01/2023;69;FAUX
16794;1400;01/04/2023;94;FAUX
16795;1400;01/07/2023;70;FAUX
16796;1400;01/10/2023;81;FAUX
16797;1400;01/01/2024;62;VRAI
16798;1400;01/04/2024;71;VRAI
16799;1400;01/07/2024;73;FAUX
16800;1400;01/10/2024;90;FAUX
16801;1401;01/01/2022;71;VRAI
16802;1401;01/04/2022;93;FAUX
16803;1401;01/07/2022;75;FAUX
16804;1401;01/10/2022;68;FAUX
16805;1401;01/01/2023;61;VRAI
16806;1401;01/04/2023;70;FAUX
16807;1401;01/07/2023;85;VRAI
16808;1401;01/10/2023;88;FAUX
16809;1401;01/01/2024;94;FAUX
16810;1401;01/04/2024;69;FAUX
16811;1401;01/07/2024;81;FAUX
16812;1401;01/10/2024;59;FAUX
16813;1402;01/01/2022;96;VRAI
16814;1402;01/04/2022;96;FAUX
16815;1402;01/07/2022;98;VRAI
16816;1402;01/10/2022;93;VRAI
16817;1402;01/01/2023;78;FAUX
16818;1402;01/04/2023;54;VRAI
16819;1402;01/07/2023;86;FAUX
16820;1402;01/10/2023;90;FAUX
16821;1402;01/01/2024;97;FAUX
16822;1402;01/04/2024;65;VRAI
16823;1402;01/07/2024;67;VRAI
16824;1402;01/10/2024;72;VRAI
16825;1403;01/01/2022;60;VRAI
16826;1403;01/04/2022;78;VRAI
16827;1403;01/07/2022;91;VRAI
16828;1403;01/10/2022;58;VRAI
16829;1403;01/01/2023;58;FAUX
16830;1403;01/04/2023;93;VRAI
16831;1403;01/07/2023;70;FAUX
16832;1403;01/10/2023;97;FAUX
16833;1403;01/01/2024;50;VRAI
16834;1403;01/04/2024;94;VRAI
16835;1403;01/07/2024;89;VRAI
16836;1403;01/10/2024;87;VRAI
16837;1404;01/01/2022;89;VRAI
16838;1404;01/04/2022;73;FAUX
16839;1404;01/07/2022;93;VRAI
16840;1404;01/10/2022;85;VRAI
16841;1404;01/01/2023;62;FAUX
16842;1404;01/04/2023;98;VRAI
16843;1404;01/07/2023;86;FAUX
16844;1404;01/10/2023;60;VRAI
16845;1404;01/01/2024;56;VRAI
16846;1404;01/04/2024;60;VRAI
16847;1404;01/07/2024;92;VRAI
16848;1404;01/10/2024;89;FAUX
16849;1405;01/01/2022;70;VRAI
16850;1405;01/04/2022;52;FAUX
16851;1405;01/07/2022;73;FAUX
16852;1405;01/10/2022;52;FAUX
16853;1405;01/01/2023;86;VRAI
16854;1405;01/04/2023;71;VRAI
16855;1405;01/07/2023;95;FAUX
16856;1405;01/10/2023;94;FAUX
16857;1405;01/01/2024;61;VRAI
16858;1405;01/04/2024;76;VRAI
16859;1405;01/07/2024;73;FAUX
16860;1405;01/10/2024;96;FAUX
16861;1406;01/01/2022;97;VRAI
16862;1406;01/04/2022;57;VRAI
16863;1406;01/07/2022;64;VRAI
16864;1406;01/10/2022;73;VRAI
16865;1406;01/01/2023;65;FAUX
16866;1406;01/04/2023;92;VRAI
16867;1406;01/07/2023;92;FAUX
16868;1406;01/10/2023;77;FAUX
16869;1406;01/01/2024;83;FAUX
16870;1406;01/04/2024;87;FAUX
16871;1406;01/07/2024;52;VRAI
16872;1406;01/10/2024;80;FAUX
16873;1407;01/01/2022;72;FAUX
16874;1407;01/04/2022;65;FAUX
16875;1407;01/07/2022;81;VRAI
16876;1407;01/10/2022;67;VRAI
16877;1407;01/01/2023;53;VRAI
16878;1407;01/04/2023;89;FAUX
16879;1407;01/07/2023;72;VRAI
16880;1407;01/10/2023;62;FAUX
16881;1407;01/01/2024;63;VRAI
16882;1407;01/04/2024;54;VRAI
16883;1407;01/07/2024;71;FAUX
16884;1407;01/10/2024;94;FAUX
16885;1408;01/01/2022;99;FAUX
16886;1408;01/04/2022;78;VRAI
16887;1408;01/07/2022;84;FAUX
16888;1408;01/10/2022;84;VRAI
16889;1408;01/01/2023;69;FAUX
16890;1408;01/04/2023;67;FAUX
16891;1408;01/07/2023;91;FAUX
16892;1408;01/10/2023;78;VRAI
16893;1408;01/01/2024;71;VRAI
16894;1408;01/04/2024;95;FAUX
16895;1408;01/07/2024;69;VRAI
16896;1408;01/10/2024;65;FAUX
16897;1409;01/01/2022;66;FAUX
16898;1409;01/04/2022;71;FAUX
16899;1409;01/07/2022;81;FAUX
16900;1409;01/10/2022;91;FAUX
16901;1409;01/01/2023;90;VRAI
16902;1409;01/04/2023;71;FAUX
16903;1409;01/07/2023;64;VRAI
16904;1409;01/10/2023;78;VRAI
16905;1409;01/01/2024;99;FAUX
16906;1409;01/04/2024;81;FAUX
16907;1409;01/07/2024;75;VRAI
16908;1409;01/10/2024;60;VRAI
16909;1410;01/01/2022;68;VRAI
16910;1410;01/04/2022;69;VRAI
16911;1410;01/07/2022;66;FAUX
16912;1410;01/10/2022;79;FAUX
16913;1410;01/01/2023;81;FAUX
16914;1410;01/04/2023;94;FAUX
16915;1410;01/07/2023;81;VRAI
16916;1410;01/10/2023;52;FAUX
16917;1410;01/01/2024;77;VRAI
16918;1410;01/04/2024;87;FAUX
16919;1410;01/07/2024;55;FAUX
16920;1410;01/10/2024;89;VRAI
16921;1411;01/01/2022;66;FAUX
16922;1411;01/04/2022;54;VRAI
16923;1411;01/07/2022;92;FAUX
16924;1411;01/10/2022;84;FAUX
16925;1411;01/01/2023;73;FAUX
16926;1411;01/04/2023;51;FAUX
16927;1411;01/07/2023;90;VRAI
16928;1411;01/10/2023;66;FAUX
16929;1411;01/01/2024;92;VRAI
16930;1411;01/04/2024;54;VRAI
16931;1411;01/07/2024;56;FAUX
16932;1411;01/10/2024;53;VRAI
16933;1412;01/01/2022;91;FAUX
16934;1412;01/04/2022;81;FAUX
16935;1412;01/07/2022;67;VRAI
16936;1412;01/10/2022;63;FAUX
16937;1412;01/01/2023;60;FAUX
16938;1412;01/04/2023;69;VRAI
16939;1412;01/07/2023;84;FAUX
16940;1412;01/10/2023;97;VRAI
16941;1412;01/01/2024;89;VRAI
16942;1412;01/04/2024;85;FAUX
16943;1412;01/07/2024;93;VRAI
16944;1412;01/10/2024;91;FAUX
16945;1413;01/01/2022;92;VRAI
16946;1413;01/04/2022;96;FAUX
16947;1413;01/07/2022;78;VRAI
16948;1413;01/10/2022;92;VRAI
16949;1413;01/01/2023;51;FAUX
16950;1413;01/04/2023;71;VRAI
16951;1413;01/07/2023;58;VRAI
16952;1413;01/10/2023;65;VRAI
16953;1413;01/01/2024;62;FAUX
16954;1413;01/04/2024;67;FAUX
16955;1413;01/07/2024;74;VRAI
16956;1413;01/10/2024;59;FAUX
16957;1414;01/01/2022;79;VRAI
16958;1414;01/04/2022;98;VRAI
16959;1414;01/07/2022;82;VRAI
16960;1414;01/10/2022;64;VRAI
16961;1414;01/01/2023;51;VRAI
16962;1414;01/04/2023;83;FAUX
16963;1414;01/07/2023;90;VRAI
16964;1414;01/10/2023;51;FAUX
16965;1414;01/01/2024;69;VRAI
16966;1414;01/04/2024;80;FAUX
16967;1414;01/07/2024;53;VRAI
16968;1414;01/10/2024;79;VRAI
16969;1415;01/01/2022;64;VRAI
16970;1415;01/04/2022;69;FAUX
16971;1415;01/07/2022;77;FAUX
16972;1415;01/10/2022;99;VRAI
16973;1415;01/01/2023;76;FAUX
16974;1415;01/04/2023;90;FAUX
16975;1415;01/07/2023;50;VRAI
16976;1415;01/10/2023;98;VRAI
16977;1415;01/01/2024;73;VRAI
16978;1415;01/04/2024;89;VRAI
16979;1415;01/07/2024;61;VRAI
16980;1415;01/10/2024;79;FAUX
16981;1416;01/01/2022;62;VRAI
16982;1416;01/04/2022;74;FAUX
16983;1416;01/07/2022;74;VRAI
16984;1416;01/10/2022;61;VRAI
16985;1416;01/01/2023;60;FAUX
16986;1416;01/04/2023;66;FAUX
16987;1416;01/07/2023;94;FAUX
16988;1416;01/10/2023;69;VRAI
16989;1416;01/01/2024;54;VRAI
16990;1416;01/04/2024;81;VRAI
16991;1416;01/07/2024;53;VRAI
16992;1416;01/10/2024;97;VRAI
16993;1417;01/01/2022;95;FAUX
16994;1417;01/04/2022;88;FAUX
16995;1417;01/07/2022;97;FAUX
16996;1417;01/10/2022;87;VRAI
16997;1417;01/01/2023;89;VRAI
16998;1417;01/04/2023;66;FAUX
16999;1417;01/07/2023;71;VRAI
17000;1417;01/10/2023;67;FAUX
17001;1417;01/01/2024;87;FAUX
17002;1417;01/04/2024;70;VRAI
17003;1417;01/07/2024;87;VRAI
17004;1417;01/10/2024;79;FAUX
17005;1418;01/01/2022;57;FAUX
17006;1418;01/04/2022;88;FAUX
17007;1418;01/07/2022;58;VRAI
17008;1418;01/10/2022;92;VRAI
17009;1418;01/01/2023;78;VRAI
17010;1418;01/04/2023;52;FAUX
17011;1418;01/07/2023;87;VRAI
17012;1418;01/10/2023;54;VRAI
17013;1418;01/01/2024;69;FAUX
17014;1418;01/04/2024;57;FAUX
17015;1418;01/07/2024;84;VRAI
17016;1418;01/10/2024;98;VRAI
17017;1419;01/01/2022;89;VRAI
17018;1419;01/04/2022;67;VRAI
17019;1419;01/07/2022;53;FAUX
17020;1419;01/10/2022;67;FAUX
17021;1419;01/01/2023;73;VRAI
17022;1419;01/04/2023;78;VRAI
17023;1419;01/07/2023;77;VRAI
17024;1419;01/10/2023;94;FAUX
17025;1419;01/01/2024;98;VRAI
17026;1419;01/04/2024;51;FAUX
17027;1419;01/07/2024;78;FAUX
17028;1419;01/10/2024;77;VRAI
17029;1420;01/01/2022;83;FAUX
17030;1420;01/04/2022;94;FAUX
17031;1420;01/07/2022;97;VRAI
17032;1420;01/10/2022;89;VRAI
17033;1420;01/01/2023;96;FAUX
17034;1420;01/04/2023;76;VRAI
17035;1420;01/07/2023;71;VRAI
17036;1420;01/10/2023;68;FAUX
17037;1420;01/01/2024;58;VRAI
17038;1420;01/04/2024;51;FAUX
17039;1420;01/07/2024;88;FAUX
17040;1420;01/10/2024;55;VRAI
17041;1421;01/01/2022;56;FAUX
17042;1421;01/04/2022;82;FAUX
17043;1421;01/07/2022;63;VRAI
17044;1421;01/10/2022;74;FAUX
17045;1421;01/01/2023;77;FAUX
17046;1421;01/04/2023;76;VRAI
17047;1421;01/07/2023;51;FAUX
17048;1421;01/10/2023;70;VRAI
17049;1421;01/01/2024;51;FAUX
17050;1421;01/04/2024;53;FAUX
17051;1421;01/07/2024;54;VRAI
17052;1421;01/10/2024;83;FAUX
17053;1422;01/01/2022;95;FAUX
17054;1422;01/04/2022;88;VRAI
17055;1422;01/07/2022;99;VRAI
17056;1422;01/10/2022;93;FAUX
17057;1422;01/01/2023;93;FAUX
17058;1422;01/04/2023;78;VRAI
17059;1422;01/07/2023;50;VRAI
17060;1422;01/10/2023;97;FAUX
17061;1422;01/01/2024;56;FAUX
17062;1422;01/04/2024;81;FAUX
17063;1422;01/07/2024;73;VRAI
17064;1422;01/10/2024;76;VRAI
17065;1423;01/01/2022;72;FAUX
17066;1423;01/04/2022;94;VRAI
17067;1423;01/07/2022;93;VRAI
17068;1423;01/10/2022;50;VRAI
17069;1423;01/01/2023;76;FAUX
17070;1423;01/04/2023;85;FAUX
17071;1423;01/07/2023;76;VRAI
17072;1423;01/10/2023;74;FAUX
17073;1423;01/01/2024;64;FAUX
17074;1423;01/04/2024;68;VRAI
17075;1423;01/07/2024;99;VRAI
17076;1423;01/10/2024;90;VRAI
17077;1424;01/01/2022;90;FAUX
17078;1424;01/04/2022;72;FAUX
17079;1424;01/07/2022;51;VRAI
17080;1424;01/10/2022;70;FAUX
17081;1424;01/01/2023;83;VRAI
17082;1424;01/04/2023;70;FAUX
17083;1424;01/07/2023;72;VRAI
17084;1424;01/10/2023;99;VRAI
17085;1424;01/01/2024;63;VRAI
17086;1424;01/04/2024;61;FAUX
17087;1424;01/07/2024;95;FAUX
17088;1424;01/10/2024;96;VRAI
17089;1425;01/01/2022;51;FAUX
17090;1425;01/04/2022;55;FAUX
17091;1425;01/07/2022;51;VRAI
17092;1425;01/10/2022;85;FAUX
17093;1425;01/01/2023;56;FAUX
17094;1425;01/04/2023;82;VRAI
17095;1425;01/07/2023;63;VRAI
17096;1425;01/10/2023;61;VRAI
17097;1425;01/01/2024;55;VRAI
17098;1425;01/04/2024;61;VRAI
17099;1425;01/07/2024;80;FAUX
17100;1425;01/10/2024;59;FAUX
17101;1426;01/01/2022;76;FAUX
17102;1426;01/04/2022;56;FAUX
17103;1426;01/07/2022;85;VRAI
17104;1426;01/10/2022;76;FAUX
17105;1426;01/01/2023;54;VRAI
17106;1426;01/04/2023;57;FAUX
17107;1426;01/07/2023;70;FAUX
17108;1426;01/10/2023;56;VRAI
17109;1426;01/01/2024;68;VRAI
17110;1426;01/04/2024;85;VRAI
17111;1426;01/07/2024;78;VRAI
17112;1426;01/10/2024;69;FAUX
17113;1427;01/01/2022;61;FAUX
17114;1427;01/04/2022;61;FAUX
17115;1427;01/07/2022;52;FAUX
17116;1427;01/10/2022;88;VRAI
17117;1427;01/01/2023;68;VRAI
17118;1427;01/04/2023;53;VRAI
17119;1427;01/07/2023;91;FAUX
17120;1427;01/10/2023;82;FAUX
17121;1427;01/01/2024;57;FAUX
17122;1427;01/04/2024;64;VRAI
17123;1427;01/07/2024;57;FAUX
17124;1427;01/10/2024;55;VRAI
17125;1428;01/01/2022;95;FAUX
17126;1428;01/04/2022;56;FAUX
17127;1428;01/07/2022;59;VRAI
17128;1428;01/10/2022;71;VRAI
17129;1428;01/01/2023;50;VRAI
17130;1428;01/04/2023;91;FAUX
17131;1428;01/07/2023;51;FAUX
17132;1428;01/10/2023;78;VRAI
17133;1428;01/01/2024;86;FAUX
17134;1428;01/04/2024;56;VRAI
17135;1428;01/07/2024;79;FAUX
17136;1428;01/10/2024;64;FAUX
17137;1429;01/01/2022;69;FAUX
17138;1429;01/04/2022;86;VRAI
17139;1429;01/07/2022;78;VRAI
17140;1429;01/10/2022;86;VRAI
17141;1429;01/01/2023;76;FAUX
17142;1429;01/04/2023;97;VRAI
17143;1429;01/07/2023;95;FAUX
17144;1429;01/10/2023;88;VRAI
17145;1429;01/01/2024;96;FAUX
17146;1429;01/04/2024;89;VRAI
17147;1429;01/07/2024;60;FAUX
17148;1429;01/10/2024;78;VRAI
17149;1430;01/01/2022;99;VRAI
17150;1430;01/04/2022;59;FAUX
17151;1430;01/07/2022;84;VRAI
17152;1430;01/10/2022;72;FAUX
17153;1430;01/01/2023;60;FAUX
17154;1430;01/04/2023;92;VRAI
17155;1430;01/07/2023;76;VRAI
17156;1430;01/10/2023;80;VRAI
17157;1430;01/01/2024;79;VRAI
17158;1430;01/04/2024;62;VRAI
17159;1430;01/07/2024;89;VRAI
17160;1430;01/10/2024;92;VRAI
17161;1431;01/01/2022;94;VRAI
17162;1431;01/04/2022;87;VRAI
17163;1431;01/07/2022;73;FAUX
17164;1431;01/10/2022;61;VRAI
17165;1431;01/01/2023;95;VRAI
17166;1431;01/04/2023;76;VRAI
17167;1431;01/07/2023;74;FAUX
17168;1431;01/10/2023;79;FAUX
17169;1431;01/01/2024;59;VRAI
17170;1431;01/04/2024;62;FAUX
17171;1431;01/07/2024;76;FAUX
17172;1431;01/10/2024;94;FAUX
17173;1432;01/01/2022;73;FAUX
17174;1432;01/04/2022;63;VRAI
17175;1432;01/07/2022;93;VRAI
17176;1432;01/10/2022;53;FAUX
17177;1432;01/01/2023;59;FAUX
17178;1432;01/04/2023;86;VRAI
17179;1432;01/07/2023;97;VRAI
17180;1432;01/10/2023;54;VRAI
17181;1432;01/01/2024;94;VRAI
17182;1432;01/04/2024;66;VRAI
17183;1432;01/07/2024;86;VRAI
17184;1432;01/10/2024;96;FAUX
17185;1433;01/01/2022;93;FAUX
17186;1433;01/04/2022;92;VRAI
17187;1433;01/07/2022;70;VRAI
17188;1433;01/10/2022;53;VRAI
17189;1433;01/01/2023;81;FAUX
17190;1433;01/04/2023;84;FAUX
17191;1433;01/07/2023;52;VRAI
17192;1433;01/10/2023;75;FAUX
17193;1433;01/01/2024;73;VRAI
17194;1433;01/04/2024;50;VRAI
17195;1433;01/07/2024;99;FAUX
17196;1433;01/10/2024;61;VRAI
17197;1434;01/01/2022;70;VRAI
17198;1434;01/04/2022;52;FAUX
17199;1434;01/07/2022;77;VRAI
17200;1434;01/10/2022;93;FAUX
17201;1434;01/01/2023;91;FAUX
17202;1434;01/04/2023;81;FAUX
17203;1434;01/07/2023;87;FAUX
17204;1434;01/10/2023;83;VRAI
17205;1434;01/01/2024;96;FAUX
17206;1434;01/04/2024;75;FAUX
17207;1434;01/07/2024;62;VRAI
17208;1434;01/10/2024;79;VRAI
17209;1435;01/01/2022;91;VRAI
17210;1435;01/04/2022;99;VRAI
17211;1435;01/07/2022;52;VRAI
17212;1435;01/10/2022;61;VRAI
17213;1435;01/01/2023;94;FAUX
17214;1435;01/04/2023;89;FAUX
17215;1435;01/07/2023;84;FAUX
17216;1435;01/10/2023;99;FAUX
17217;1435;01/01/2024;66;FAUX
17218;1435;01/04/2024;91;VRAI
17219;1435;01/07/2024;65;VRAI
17220;1435;01/10/2024;73;FAUX
17221;1436;01/01/2022;85;VRAI
17222;1436;01/04/2022;76;VRAI
17223;1436;01/07/2022;66;VRAI
17224;1436;01/10/2022;87;FAUX
17225;1436;01/01/2023;70;FAUX
17226;1436;01/04/2023;74;VRAI
17227;1436;01/07/2023;79;VRAI
17228;1436;01/10/2023;82;VRAI
17229;1436;01/01/2024;75;VRAI
17230;1436;01/04/2024;65;VRAI
17231;1436;01/07/2024;73;VRAI
17232;1436;01/10/2024;91;VRAI
17233;1437;01/01/2022;62;FAUX
17234;1437;01/04/2022;56;VRAI
17235;1437;01/07/2022;66;VRAI
17236;1437;01/10/2022;76;VRAI
17237;1437;01/01/2023;54;FAUX
17238;1437;01/04/2023;54;FAUX
17239;1437;01/07/2023;56;VRAI
17240;1437;01/10/2023;63;VRAI
17241;1437;01/01/2024;64;VRAI
17242;1437;01/04/2024;86;FAUX
17243;1437;01/07/2024;79;FAUX
17244;1437;01/10/2024;75;VRAI
17245;1438;01/01/2022;79;VRAI
17246;1438;01/04/2022;93;FAUX
17247;1438;01/07/2022;71;FAUX
17248;1438;01/10/2022;90;FAUX
17249;1438;01/01/2023;79;FAUX
17250;1438;01/04/2023;77;VRAI
17251;1438;01/07/2023;56;VRAI
17252;1438;01/10/2023;53;FAUX
17253;1438;01/01/2024;84;VRAI
17254;1438;01/04/2024;56;VRAI
17255;1438;01/07/2024;83;FAUX
17256;1438;01/10/2024;88;FAUX
17257;1439;01/01/2022;83;VRAI
17258;1439;01/04/2022;78;VRAI
17259;1439;01/07/2022;94;FAUX
17260;1439;01/10/2022;79;FAUX
17261;1439;01/01/2023;75;VRAI
17262;1439;01/04/2023;77;VRAI
17263;1439;01/07/2023;55;VRAI
17264;1439;01/10/2023;78;VRAI
17265;1439;01/01/2024;51;VRAI
17266;1439;01/04/2024;71;FAUX
17267;1439;01/07/2024;96;FAUX
17268;1439;01/10/2024;76;VRAI
17269;1440;01/01/2022;71;FAUX
17270;1440;01/04/2022;98;VRAI
17271;1440;01/07/2022;68;FAUX
17272;1440;01/10/2022;76;FAUX
17273;1440;01/01/2023;92;VRAI
17274;1440;01/04/2023;59;FAUX
17275;1440;01/07/2023;66;FAUX
17276;1440;01/10/2023;59;FAUX
17277;1440;01/01/2024;87;VRAI
17278;1440;01/04/2024;75;FAUX
17279;1440;01/07/2024;83;FAUX
17280;1440;01/10/2024;99;VRAI
17281;1441;01/01/2022;70;FAUX
17282;1441;01/04/2022;87;FAUX
17283;1441;01/07/2022;80;VRAI
17284;1441;01/10/2022;93;FAUX
17285;1441;01/01/2023;83;FAUX
17286;1441;01/04/2023;73;VRAI
17287;1441;01/07/2023;62;VRAI
17288;1441;01/10/2023;54;FAUX
17289;1441;01/01/2024;88;VRAI
17290;1441;01/04/2024;93;VRAI
17291;1441;01/07/2024;95;VRAI
17292;1441;01/10/2024;73;FAUX
17293;1442;01/01/2022;74;VRAI
17294;1442;01/04/2022;59;VRAI
17295;1442;01/07/2022;65;FAUX
17296;1442;01/10/2022;77;FAUX
17297;1442;01/01/2023;93;FAUX
17298;1442;01/04/2023;81;VRAI
17299;1442;01/07/2023;78;VRAI
17300;1442;01/10/2023;99;VRAI
17301;1442;01/01/2024;75;VRAI
17302;1442;01/04/2024;75;VRAI
17303;1442;01/07/2024;50;VRAI
17304;1442;01/10/2024;76;FAUX
17305;1443;01/01/2022;53;VRAI
17306;1443;01/04/2022;71;FAUX
17307;1443;01/07/2022;55;FAUX
17308;1443;01/10/2022;58;VRAI
17309;1443;01/01/2023;71;VRAI
17310;1443;01/04/2023;58;VRAI
17311;1443;01/07/2023;92;FAUX
17312;1443;01/10/2023;59;FAUX
17313;1443;01/01/2024;80;FAUX
17314;1443;01/04/2024;95;FAUX
17315;1443;01/07/2024;51;VRAI
17316;1443;01/10/2024;95;VRAI
17317;1444;01/01/2022;68;FAUX
17318;1444;01/04/2022;64;FAUX
17319;1444;01/07/2022;57;FAUX
17320;1444;01/10/2022;61;FAUX
17321;1444;01/01/2023;87;VRAI
17322;1444;01/04/2023;88;VRAI
17323;1444;01/07/2023;85;FAUX
17324;1444;01/10/2023;64;VRAI
17325;1444;01/01/2024;80;VRAI
17326;1444;01/04/2024;72;FAUX
17327;1444;01/07/2024;75;FAUX
17328;1444;01/10/2024;93;VRAI
17329;1445;01/01/2022;67;VRAI
17330;1445;01/04/2022;90;VRAI
17331;1445;01/07/2022;63;FAUX
17332;1445;01/10/2022;50;VRAI
17333;1445;01/01/2023;64;VRAI
17334;1445;01/04/2023;54;FAUX
17335;1445;01/07/2023;63;FAUX
17336;1445;01/10/2023;54;VRAI
17337;1445;01/01/2024;81;VRAI
17338;1445;01/04/2024;54;FAUX
17339;1445;01/07/2024;64;VRAI
17340;1445;01/10/2024;56;VRAI
17341;1446;01/01/2022;79;VRAI
17342;1446;01/04/2022;79;FAUX
17343;1446;01/07/2022;73;FAUX
17344;1446;01/10/2022;84;VRAI
17345;1446;01/01/2023;61;FAUX
17346;1446;01/04/2023;95;FAUX
17347;1446;01/07/2023;54;FAUX
17348;1446;01/10/2023;85;VRAI
17349;1446;01/01/2024;97;VRAI
17350;1446;01/04/2024;52;VRAI
17351;1446;01/07/2024;74;VRAI
17352;1446;01/10/2024;85;FAUX
17353;1447;01/01/2022;71;FAUX
17354;1447;01/04/2022;84;FAUX
17355;1447;01/07/2022;50;VRAI
17356;1447;01/10/2022;73;FAUX
17357;1447;01/01/2023;97;FAUX
17358;1447;01/04/2023;88;FAUX
17359;1447;01/07/2023;90;VRAI
17360;1447;01/10/2023;67;FAUX
17361;1447;01/01/2024;81;VRAI
17362;1447;01/04/2024;50;VRAI
17363;1447;01/07/2024;75;FAUX
17364;1447;01/10/2024;97;FAUX
17365;1448;01/01/2022;87;FAUX
17366;1448;01/04/2022;70;VRAI
17367;1448;01/07/2022;62;FAUX
17368;1448;01/10/2022;61;VRAI
17369;1448;01/01/2023;67;VRAI
17370;1448;01/04/2023;68;VRAI
17371;1448;01/07/2023;55;FAUX
17372;1448;01/10/2023;56;VRAI
17373;1448;01/01/2024;77;VRAI
17374;1448;01/04/2024;77;VRAI
17375;1448;01/07/2024;65;VRAI
17376;1448;01/10/2024;71;VRAI
17377;1449;01/01/2022;97;VRAI
17378;1449;01/04/2022;97;VRAI
17379;1449;01/07/2022;68;VRAI
17380;1449;01/10/2022;84;VRAI
17381;1449;01/01/2023;74;FAUX
17382;1449;01/04/2023;97;VRAI
17383;1449;01/07/2023;69;VRAI
17384;1449;01/10/2023;68;FAUX
17385;1449;01/01/2024;62;VRAI
17386;1449;01/04/2024;61;VRAI
17387;1449;01/07/2024;64;FAUX
17388;1449;01/10/2024;53;VRAI
17389;1450;01/01/2022;66;VRAI
17390;1450;01/04/2022;60;VRAI
17391;1450;01/07/2022;72;VRAI
17392;1450;01/10/2022;80;VRAI
17393;1450;01/01/2023;75;VRAI
17394;1450;01/04/2023;62;FAUX
17395;1450;01/07/2023;62;FAUX
17396;1450;01/10/2023;69;FAUX
17397;1450;01/01/2024;59;FAUX
17398;1450;01/04/2024;86;FAUX
17399;1450;01/07/2024;76;FAUX
17400;1450;01/10/2024;85;FAUX
17401;1451;01/01/2022;65;VRAI
17402;1451;01/04/2022;70;FAUX
17403;1451;01/07/2022;66;VRAI
17404;1451;01/10/2022;62;VRAI
17405;1451;01/01/2023;54;VRAI
17406;1451;01/04/2023;50;FAUX
17407;1451;01/07/2023;79;VRAI
17408;1451;01/10/2023;64;FAUX
17409;1451;01/01/2024;68;FAUX
17410;1451;01/04/2024;65;VRAI
17411;1451;01/07/2024;67;FAUX
17412;1451;01/10/2024;66;VRAI
17413;1452;01/01/2022;94;FAUX
17414;1452;01/04/2022;78;FAUX
17415;1452;01/07/2022;58;VRAI
17416;1452;01/10/2022;66;VRAI
17417;1452;01/01/2023;86;FAUX
17418;1452;01/04/2023;57;VRAI
17419;1452;01/07/2023;87;VRAI
17420;1452;01/10/2023;81;FAUX
17421;1452;01/01/2024;93;VRAI
17422;1452;01/04/2024;76;FAUX
17423;1452;01/07/2024;85;FAUX
17424;1452;01/10/2024;74;VRAI
17425;1453;01/01/2022;91;VRAI
17426;1453;01/04/2022;62;FAUX
17427;1453;01/07/2022;64;FAUX
17428;1453;01/10/2022;99;VRAI
17429;1453;01/01/2023;82;VRAI
17430;1453;01/04/2023;74;FAUX
17431;1453;01/07/2023;89;VRAI
17432;1453;01/10/2023;87;VRAI
17433;1453;01/01/2024;65;FAUX
17434;1453;01/04/2024;72;FAUX
17435;1453;01/07/2024;79;VRAI
17436;1453;01/10/2024;59;VRAI
17437;1454;01/01/2022;71;FAUX
17438;1454;01/04/2022;96;FAUX
17439;1454;01/07/2022;82;VRAI
17440;1454;01/10/2022;71;FAUX
17441;1454;01/01/2023;79;FAUX
17442;1454;01/04/2023;73;VRAI
17443;1454;01/07/2023;86;VRAI
17444;1454;01/10/2023;72;FAUX
17445;1454;01/01/2024;76;VRAI
17446;1454;01/04/2024;61;FAUX
17447;1454;01/07/2024;83;FAUX
17448;1454;01/10/2024;82;FAUX
17449;1455;01/01/2022;78;FAUX
17450;1455;01/04/2022;67;VRAI
17451;1455;01/07/2022;56;FAUX
17452;1455;01/10/2022;76;FAUX
17453;1455;01/01/2023;59;VRAI
17454;1455;01/04/2023;60;VRAI
17455;1455;01/07/2023;79;VRAI
17456;1455;01/10/2023;78;FAUX
17457;1455;01/01/2024;62;VRAI
17458;1455;01/04/2024;74;VRAI
17459;1455;01/07/2024;59;VRAI
17460;1455;01/10/2024;77;FAUX
17461;1456;01/01/2022;98;FAUX
17462;1456;01/04/2022;56;FAUX
17463;1456;01/07/2022;79;FAUX
17464;1456;01/10/2022;61;FAUX
17465;1456;01/01/2023;99;FAUX
17466;1456;01/04/2023;50;FAUX
17467;1456;01/07/2023;98;FAUX
17468;1456;01/10/2023;85;FAUX
17469;1456;01/01/2024;81;FAUX
17470;1456;01/04/2024;77;FAUX
17471;1456;01/07/2024;81;FAUX
17472;1456;01/10/2024;74;VRAI
17473;1457;01/01/2022;69;VRAI
17474;1457;01/04/2022;79;VRAI
17475;1457;01/07/2022;65;VRAI
17476;1457;01/10/2022;74;FAUX
17477;1457;01/01/2023;91;FAUX
17478;1457;01/04/2023;54;FAUX
17479;1457;01/07/2023;82;VRAI
17480;1457;01/10/2023;50;VRAI
17481;1457;01/01/2024;56;FAUX
17482;1457;01/04/2024;96;VRAI
17483;1457;01/07/2024;73;FAUX
17484;1457;01/10/2024;72;VRAI
17485;1458;01/01/2022;58;FAUX
17486;1458;01/04/2022;57;VRAI
17487;1458;01/07/2022;81;FAUX
17488;1458;01/10/2022;53;VRAI
17489;1458;01/01/2023;87;FAUX
17490;1458;01/04/2023;58;FAUX
17491;1458;01/07/2023;50;VRAI
17492;1458;01/10/2023;60;VRAI
17493;1458;01/01/2024;75;VRAI
17494;1458;01/04/2024;87;VRAI
17495;1458;01/07/2024;82;FAUX
17496;1458;01/10/2024;80;VRAI
17497;1459;01/01/2022;97;FAUX
17498;1459;01/04/2022;99;VRAI
17499;1459;01/07/2022;60;VRAI
17500;1459;01/10/2022;81;VRAI
17501;1459;01/01/2023;87;FAUX
17502;1459;01/04/2023;89;FAUX
17503;1459;01/07/2023;97;VRAI
17504;1459;01/10/2023;57;FAUX
17505;1459;01/01/2024;95;VRAI
17506;1459;01/04/2024;50;VRAI
17507;1459;01/07/2024;83;VRAI
17508;1459;01/10/2024;73;FAUX
17509;1460;01/01/2022;99;FAUX
17510;1460;01/04/2022;67;VRAI
17511;1460;01/07/2022;72;VRAI
17512;1460;01/10/2022;76;FAUX
17513;1460;01/01/2023;94;VRAI
17514;1460;01/04/2023;58;VRAI
17515;1460;01/07/2023;57;FAUX
17516;1460;01/10/2023;84;FAUX
17517;1460;01/01/2024;92;VRAI
17518;1460;01/04/2024;95;FAUX
17519;1460;01/07/2024;88;FAUX
17520;1460;01/10/2024;59;VRAI
17521;1461;01/01/2022;87;FAUX
17522;1461;01/04/2022;78;FAUX
17523;1461;01/07/2022;97;VRAI
17524;1461;01/10/2022;99;VRAI
17525;1461;01/01/2023;97;VRAI
17526;1461;01/04/2023;68;VRAI
17527;1461;01/07/2023;69;VRAI
17528;1461;01/10/2023;99;FAUX
17529;1461;01/01/2024;76;VRAI
17530;1461;01/04/2024;56;FAUX
17531;1461;01/07/2024;99;VRAI
17532;1461;01/10/2024;54;VRAI
17533;1462;01/01/2022;62;FAUX
17534;1462;01/04/2022;61;VRAI
17535;1462;01/07/2022;76;FAUX
17536;1462;01/10/2022;94;FAUX
17537;1462;01/01/2023;82;VRAI
17538;1462;01/04/2023;70;FAUX
17539;1462;01/07/2023;66;VRAI
17540;1462;01/10/2023;86;VRAI
17541;1462;01/01/2024;64;FAUX
17542;1462;01/04/2024;68;VRAI
17543;1462;01/07/2024;53;VRAI
17544;1462;01/10/2024;57;VRAI
17545;1463;01/01/2022;93;VRAI
17546;1463;01/04/2022;58;VRAI
17547;1463;01/07/2022;92;FAUX
17548;1463;01/10/2022;56;FAUX
17549;1463;01/01/2023;69;VRAI
17550;1463;01/04/2023;76;VRAI
17551;1463;01/07/2023;95;VRAI
17552;1463;01/10/2023;76;VRAI
17553;1463;01/01/2024;60;VRAI
17554;1463;01/04/2024;80;FAUX
17555;1463;01/07/2024;68;FAUX
17556;1463;01/10/2024;87;VRAI
17557;1464;01/01/2022;64;FAUX
17558;1464;01/04/2022;56;VRAI
17559;1464;01/07/2022;86;VRAI
17560;1464;01/10/2022;71;FAUX
17561;1464;01/01/2023;57;VRAI
17562;1464;01/04/2023;67;FAUX
17563;1464;01/07/2023;67;VRAI
17564;1464;01/10/2023;66;VRAI
17565;1464;01/01/2024;60;VRAI
17566;1464;01/04/2024;79;FAUX
17567;1464;01/07/2024;80;VRAI
17568;1464;01/10/2024;55;FAUX
17569;1465;01/01/2022;72;VRAI
17570;1465;01/04/2022;88;FAUX
17571;1465;01/07/2022;85;VRAI
17572;1465;01/10/2022;52;FAUX
17573;1465;01/01/2023;77;VRAI
17574;1465;01/04/2023;62;VRAI
17575;1465;01/07/2023;68;FAUX
17576;1465;01/10/2023;67;VRAI
17577;1465;01/01/2024;86;VRAI
17578;1465;01/04/2024;88;VRAI
17579;1465;01/07/2024;66;VRAI
17580;1465;01/10/2024;53;FAUX
17581;1466;01/01/2022;75;FAUX
17582;1466;01/04/2022;88;FAUX
17583;1466;01/07/2022;87;FAUX
17584;1466;01/10/2022;68;FAUX
17585;1466;01/01/2023;75;VRAI
17586;1466;01/04/2023;60;FAUX
17587;1466;01/07/2023;88;VRAI
17588;1466;01/10/2023;71;VRAI
17589;1466;01/01/2024;60;VRAI
17590;1466;01/04/2024;88;VRAI
17591;1466;01/07/2024;96;VRAI
17592;1466;01/10/2024;98;VRAI
17593;1467;01/01/2022;78;FAUX
17594;1467;01/04/2022;61;VRAI
17595;1467;01/07/2022;60;FAUX
17596;1467;01/10/2022;80;VRAI
17597;1467;01/01/2023;90;VRAI
17598;1467;01/04/2023;85;FAUX
17599;1467;01/07/2023;72;VRAI
17600;1467;01/10/2023;85;FAUX
17601;1467;01/01/2024;86;VRAI
17602;1467;01/04/2024;76;FAUX
17603;1467;01/07/2024;78;FAUX
17604;1467;01/10/2024;93;VRAI
17605;1468;01/01/2022;72;VRAI
17606;1468;01/04/2022;59;FAUX
17607;1468;01/07/2022;93;FAUX
17608;1468;01/10/2022;81;FAUX
17609;1468;01/01/2023;56;FAUX
17610;1468;01/04/2023;82;FAUX
17611;1468;01/07/2023;84;FAUX
17612;1468;01/10/2023;80;VRAI
17613;1468;01/01/2024;81;FAUX
17614;1468;01/04/2024;96;FAUX
17615;1468;01/07/2024;68;VRAI
17616;1468;01/10/2024;56;FAUX
17617;1469;01/01/2022;71;FAUX
17618;1469;01/04/2022;83;VRAI
17619;1469;01/07/2022;59;VRAI
17620;1469;01/10/2022;91;FAUX
17621;1469;01/01/2023;81;FAUX
17622;1469;01/04/2023;91;VRAI
17623;1469;01/07/2023;61;FAUX
17624;1469;01/10/2023;72;FAUX
17625;1469;01/01/2024;83;VRAI
17626;1469;01/04/2024;55;VRAI
17627;1469;01/07/2024;57;VRAI
17628;1469;01/10/2024;84;VRAI
17629;1470;01/01/2022;66;FAUX
17630;1470;01/04/2022;56;FAUX
17631;1470;01/07/2022;73;VRAI
17632;1470;01/10/2022;84;FAUX
17633;1470;01/01/2023;99;FAUX
17634;1470;01/04/2023;54;FAUX
17635;1470;01/07/2023;96;FAUX
17636;1470;01/10/2023;84;FAUX
17637;1470;01/01/2024;99;VRAI
17638;1470;01/04/2024;73;FAUX
17639;1470;01/07/2024;69;FAUX
17640;1470;01/10/2024;52;FAUX
17641;1471;01/01/2022;57;VRAI
17642;1471;01/04/2022;99;VRAI
17643;1471;01/07/2022;72;FAUX
17644;1471;01/10/2022;65;VRAI
17645;1471;01/01/2023;74;VRAI
17646;1471;01/04/2023;57;FAUX
17647;1471;01/07/2023;74;VRAI
17648;1471;01/10/2023;93;VRAI
17649;1471;01/01/2024;92;FAUX
17650;1471;01/04/2024;99;VRAI
17651;1471;01/07/2024;95;VRAI
17652;1471;01/10/2024;61;VRAI
17653;1472;01/01/2022;72;VRAI
17654;1472;01/04/2022;89;FAUX
17655;1472;01/07/2022;89;VRAI
17656;1472;01/10/2022;54;FAUX
17657;1472;01/01/2023;59;VRAI
17658;1472;01/04/2023;91;FAUX
17659;1472;01/07/2023;53;FAUX
17660;1472;01/10/2023;55;VRAI
17661;1472;01/01/2024;76;VRAI
17662;1472;01/04/2024;99;VRAI
17663;1472;01/07/2024;89;FAUX
17664;1472;01/10/2024;76;VRAI
17665;1473;01/01/2022;72;FAUX
17666;1473;01/04/2022;98;VRAI
17667;1473;01/07/2022;83;VRAI
17668;1473;01/10/2022;93;VRAI
17669;1473;01/01/2023;54;VRAI
17670;1473;01/04/2023;61;VRAI
17671;1473;01/07/2023;86;FAUX
17672;1473;01/10/2023;79;FAUX
17673;1473;01/01/2024;55;FAUX
17674;1473;01/04/2024;81;VRAI
17675;1473;01/07/2024;71;FAUX
17676;1473;01/10/2024;78;VRAI
17677;1474;01/01/2022;77;FAUX
17678;1474;01/04/2022;70;FAUX
17679;1474;01/07/2022;80;FAUX
17680;1474;01/10/2022;90;FAUX
17681;1474;01/01/2023;66;VRAI
17682;1474;01/04/2023;79;VRAI
17683;1474;01/07/2023;57;VRAI
17684;1474;01/10/2023;54;FAUX
17685;1474;01/01/2024;55;FAUX
17686;1474;01/04/2024;50;VRAI
17687;1474;01/07/2024;70;VRAI
17688;1474;01/10/2024;92;FAUX
17689;1475;01/01/2022;64;FAUX
17690;1475;01/04/2022;54;VRAI
17691;1475;01/07/2022;87;VRAI
17692;1475;01/10/2022;78;FAUX
17693;1475;01/01/2023;95;VRAI
17694;1475;01/04/2023;53;VRAI
17695;1475;01/07/2023;59;FAUX
17696;1475;01/10/2023;53;FAUX
17697;1475;01/01/2024;59;VRAI
17698;1475;01/04/2024;95;FAUX
17699;1475;01/07/2024;61;VRAI
17700;1475;01/10/2024;72;FAUX
17701;1476;01/01/2022;74;FAUX
17702;1476;01/04/2022;86;FAUX
17703;1476;01/07/2022;62;FAUX
17704;1476;01/10/2022;78;FAUX
17705;1476;01/01/2023;79;FAUX
17706;1476;01/04/2023;87;FAUX
17707;1476;01/07/2023;56;FAUX
17708;1476;01/10/2023;90;FAUX
17709;1476;01/01/2024;86;VRAI
17710;1476;01/04/2024;70;FAUX
17711;1476;01/07/2024;92;VRAI
17712;1476;01/10/2024;78;VRAI
17713;1477;01/01/2022;62;VRAI
17714;1477;01/04/2022;72;VRAI
17715;1477;01/07/2022;99;VRAI
17716;1477;01/10/2022;74;VRAI
17717;1477;01/01/2023;90;VRAI
17718;1477;01/04/2023;62;VRAI
17719;1477;01/07/2023;79;FAUX
17720;1477;01/10/2023;61;VRAI
17721;1477;01/01/2024;50;FAUX
17722;1477;01/04/2024;70;VRAI
17723;1477;01/07/2024;73;FAUX
17724;1477;01/10/2024;66;FAUX
17725;1478;01/01/2022;58;FAUX
17726;1478;01/04/2022;89;FAUX
17727;1478;01/07/2022;64;VRAI
17728;1478;01/10/2022;77;VRAI
17729;1478;01/01/2023;66;FAUX
17730;1478;01/04/2023;58;FAUX
17731;1478;01/07/2023;70;FAUX
17732;1478;01/10/2023;60;FAUX
17733;1478;01/01/2024;85;FAUX
17734;1478;01/04/2024;74;VRAI
17735;1478;01/07/2024;69;VRAI
17736;1478;01/10/2024;84;FAUX
17737;1479;01/01/2022;84;VRAI
17738;1479;01/04/2022;63;VRAI
17739;1479;01/07/2022;54;FAUX
17740;1479;01/10/2022;93;FAUX
17741;1479;01/01/2023;83;FAUX
17742;1479;01/04/2023;53;VRAI
17743;1479;01/07/2023;54;VRAI
17744;1479;01/10/2023;62;FAUX
17745;1479;01/01/2024;70;VRAI
17746;1479;01/04/2024;81;FAUX
17747;1479;01/07/2024;80;FAUX
17748;1479;01/10/2024;64;VRAI
17749;1480;01/01/2022;97;FAUX
17750;1480;01/04/2022;92;VRAI
17751;1480;01/07/2022;87;VRAI
17752;1480;01/10/2022;93;FAUX
17753;1480;01/01/2023;85;FAUX
17754;1480;01/04/2023;92;FAUX
17755;1480;01/07/2023;93;FAUX
17756;1480;01/10/2023;92;VRAI
17757;1480;01/01/2024;92;VRAI
17758;1480;01/04/2024;58;FAUX
17759;1480;01/07/2024;97;VRAI
17760;1480;01/10/2024;76;FAUX
17761;1481;01/01/2022;84;VRAI
17762;1481;01/04/2022;65;VRAI
17763;1481;01/07/2022;98;FAUX
17764;1481;01/10/2022;92;VRAI
17765;1481;01/01/2023;76;FAUX
17766;1481;01/04/2023;90;VRAI
17767;1481;01/07/2023;79;FAUX
17768;1481;01/10/2023;55;VRAI
17769;1481;01/01/2024;72;FAUX
17770;1481;01/04/2024;90;VRAI
17771;1481;01/07/2024;64;VRAI
17772;1481;01/10/2024;99;VRAI
17773;1482;01/01/2022;57;VRAI
17774;1482;01/04/2022;60;VRAI
17775;1482;01/07/2022;76;FAUX
17776;1482;01/10/2022;80;VRAI
17777;1482;01/01/2023;63;VRAI
17778;1482;01/04/2023;72;FAUX
17779;1482;01/07/2023;54;FAUX
17780;1482;01/10/2023;83;VRAI
17781;1482;01/01/2024;68;VRAI
17782;1482;01/04/2024;80;FAUX
17783;1482;01/07/2024;94;VRAI
17784;1482;01/10/2024;75;VRAI
17785;1483;01/01/2022;78;VRAI
17786;1483;01/04/2022;88;VRAI
17787;1483;01/07/2022;93;VRAI
17788;1483;01/10/2022;78;VRAI
17789;1483;01/01/2023;95;VRAI
17790;1483;01/04/2023;80;FAUX
17791;1483;01/07/2023;55;VRAI
17792;1483;01/10/2023;64;FAUX
17793;1483;01/01/2024;97;FAUX
17794;1483;01/04/2024;51;VRAI
17795;1483;01/07/2024;79;FAUX
17796;1483;01/10/2024;89;VRAI
17797;1484;01/01/2022;88;VRAI
17798;1484;01/04/2022;62;FAUX
17799;1484;01/07/2022;90;FAUX
17800;1484;01/10/2022;86;VRAI
17801;1484;01/01/2023;81;FAUX
17802;1484;01/04/2023;50;VRAI
17803;1484;01/07/2023;73;VRAI
17804;1484;01/10/2023;98;FAUX
17805;1484;01/01/2024;63;VRAI
17806;1484;01/04/2024;57;VRAI
17807;1484;01/07/2024;52;FAUX
17808;1484;01/10/2024;82;VRAI
17809;1485;01/01/2022;96;VRAI
17810;1485;01/04/2022;81;FAUX
17811;1485;01/07/2022;90;VRAI
17812;1485;01/10/2022;93;VRAI
17813;1485;01/01/2023;81;FAUX
17814;1485;01/04/2023;73;VRAI
17815;1485;01/07/2023;86;VRAI
17816;1485;01/10/2023;70;FAUX
17817;1485;01/01/2024;60;VRAI
17818;1485;01/04/2024;92;FAUX
17819;1485;01/07/2024;50;FAUX
17820;1485;01/10/2024;78;VRAI
17821;1486;01/01/2022;78;VRAI
17822;1486;01/04/2022;56;FAUX
17823;1486;01/07/2022;80;VRAI
17824;1486;01/10/2022;91;FAUX
17825;1486;01/01/2023;54;VRAI
17826;1486;01/04/2023;64;VRAI
17827;1486;01/07/2023;54;FAUX
17828;1486;01/10/2023;87;VRAI
17829;1486;01/01/2024;66;FAUX
17830;1486;01/04/2024;53;FAUX
17831;1486;01/07/2024;70;VRAI
17832;1486;01/10/2024;83;FAUX
17833;1487;01/01/2022;54;FAUX
17834;1487;01/04/2022;71;VRAI
17835;1487;01/07/2022;63;FAUX
17836;1487;01/10/2022;57;FAUX
17837;1487;01/01/2023;52;FAUX
17838;1487;01/04/2023;78;FAUX
17839;1487;01/07/2023;99;VRAI
17840;1487;01/10/2023;79;FAUX
17841;1487;01/01/2024;64;FAUX
17842;1487;01/04/2024;90;FAUX
17843;1487;01/07/2024;50;VRAI
17844;1487;01/10/2024;96;FAUX
17845;1488;01/01/2022;89;VRAI
17846;1488;01/04/2022;83;FAUX
17847;1488;01/07/2022;53;FAUX
17848;1488;01/10/2022;61;FAUX
17849;1488;01/01/2023;70;FAUX
17850;1488;01/04/2023;70;FAUX
17851;1488;01/07/2023;74;FAUX
17852;1488;01/10/2023;66;VRAI
17853;1488;01/01/2024;55;FAUX
17854;1488;01/04/2024;86;FAUX
17855;1488;01/07/2024;89;FAUX
17856;1488;01/10/2024;79;VRAI
17857;1489;01/01/2022;63;FAUX
17858;1489;01/04/2022;95;VRAI
17859;1489;01/07/2022;83;FAUX
17860;1489;01/10/2022;71;VRAI
17861;1489;01/01/2023;81;FAUX
17862;1489;01/04/2023;65;FAUX
17863;1489;01/07/2023;71;FAUX
17864;1489;01/10/2023;99;VRAI
17865;1489;01/01/2024;51;VRAI
17866;1489;01/04/2024;57;FAUX
17867;1489;01/07/2024;50;VRAI
17868;1489;01/10/2024;89;VRAI
17869;1490;01/01/2022;54;VRAI
17870;1490;01/04/2022;95;FAUX
17871;1490;01/07/2022;66;VRAI
17872;1490;01/10/2022;79;FAUX
17873;1490;01/01/2023;64;FAUX
17874;1490;01/04/2023;85;FAUX
17875;1490;01/07/2023;51;FAUX
17876;1490;01/10/2023;94;FAUX
17877;1490;01/01/2024;99;FAUX
17878;1490;01/04/2024;97;VRAI
17879;1490;01/07/2024;91;FAUX
17880;1490;01/10/2024;95;FAUX
17881;1491;01/01/2022;99;VRAI
17882;1491;01/04/2022;62;FAUX
17883;1491;01/07/2022;71;VRAI
17884;1491;01/10/2022;98;FAUX
17885;1491;01/01/2023;92;FAUX
17886;1491;01/04/2023;52;FAUX
17887;1491;01/07/2023;55;VRAI
17888;1491;01/10/2023;84;VRAI
17889;1491;01/01/2024;99;VRAI
17890;1491;01/04/2024;96;VRAI
17891;1491;01/07/2024;72;FAUX
17892;1491;01/10/2024;56;FAUX
17893;1492;01/01/2022;59;FAUX
17894;1492;01/04/2022;59;VRAI
17895;1492;01/07/2022;72;VRAI
17896;1492;01/10/2022;82;FAUX
17897;1492;01/01/2023;77;FAUX
17898;1492;01/04/2023;81;VRAI
17899;1492;01/07/2023;58;VRAI
17900;1492;01/10/2023;78;VRAI
17901;1492;01/01/2024;67;FAUX
17902;1492;01/04/2024;56;FAUX
17903;1492;01/07/2024;78;FAUX
17904;1492;01/10/2024;68;VRAI
17905;1493;01/01/2022;54;VRAI
17906;1493;01/04/2022;99;VRAI
17907;1493;01/07/2022;54;FAUX
17908;1493;01/10/2022;64;FAUX
17909;1493;01/01/2023;73;VRAI
17910;1493;01/04/2023;69;VRAI
17911;1493;01/07/2023;58;VRAI
17912;1493;01/10/2023;77;FAUX
17913;1493;01/01/2024;60;FAUX
17914;1493;01/04/2024;74;FAUX
17915;1493;01/07/2024;70;VRAI
17916;1493;01/10/2024;60;VRAI
17917;1494;01/01/2022;58;VRAI
17918;1494;01/04/2022;86;VRAI
17919;1494;01/07/2022;50;VRAI
17920;1494;01/10/2022;75;FAUX
17921;1494;01/01/2023;89;VRAI
17922;1494;01/04/2023;65;VRAI
17923;1494;01/07/2023;86;FAUX
17924;1494;01/10/2023;90;FAUX
17925;1494;01/01/2024;63;FAUX
17926;1494;01/04/2024;56;FAUX
17927;1494;01/07/2024;73;VRAI
17928;1494;01/10/2024;92;FAUX
17929;1495;01/01/2022;96;FAUX
17930;1495;01/04/2022;88;FAUX
17931;1495;01/07/2022;75;VRAI
17932;1495;01/10/2022;54;FAUX
17933;1495;01/01/2023;91;FAUX
17934;1495;01/04/2023;83;FAUX
17935;1495;01/07/2023;54;FAUX
17936;1495;01/10/2023;77;VRAI
17937;1495;01/01/2024;62;FAUX
17938;1495;01/04/2024;96;FAUX
17939;1495;01/07/2024;84;FAUX
17940;1495;01/10/2024;99;FAUX
17941;1496;01/01/2022;96;FAUX
17942;1496;01/04/2022;77;VRAI
17943;1496;01/07/2022;72;VRAI
17944;1496;01/10/2022;72;VRAI
17945;1496;01/01/2023;90;VRAI
17946;1496;01/04/2023;81;FAUX
17947;1496;01/07/2023;96;FAUX
17948;1496;01/10/2023;97;FAUX
17949;1496;01/01/2024;65;FAUX
17950;1496;01/04/2024;52;FAUX
17951;1496;01/07/2024;78;FAUX
17952;1496;01/10/2024;69;FAUX
17953;1497;01/01/2022;82;FAUX
17954;1497;01/04/2022;57;FAUX
17955;1497;01/07/2022;96;FAUX
17956;1497;01/10/2022;86;FAUX
17957;1497;01/01/2023;61;FAUX
17958;1497;01/04/2023;69;FAUX
17959;1497;01/07/2023;79;VRAI
17960;1497;01/10/2023;71;VRAI
17961;1497;01/01/2024;87;VRAI
17962;1497;01/04/2024;77;VRAI
17963;1497;01/07/2024;63;VRAI
17964;1497;01/10/2024;58;FAUX
17965;1498;01/01/2022;59;FAUX
17966;1498;01/04/2022;92;VRAI
17967;1498;01/07/2022;86;FAUX
17968;1498;01/10/2022;81;FAUX
17969;1498;01/01/2023;63;FAUX
17970;1498;01/04/2023;53;FAUX
17971;1498;01/07/2023;81;VRAI
17972;1498;01/10/2023;59;FAUX
17973;1498;01/01/2024;92;FAUX
17974;1498;01/04/2024;88;FAUX
17975;1498;01/07/2024;67;VRAI
17976;1498;01/10/2024;56;FAUX
17977;1499;01/01/2022;96;VRAI
17978;1499;01/04/2022;67;VRAI
17979;1499;01/07/2022;67;VRAI
17980;1499;01/10/2022;50;VRAI
17981;1499;01/01/2023;56;FAUX
17982;1499;01/04/2023;93;VRAI
17983;1499;01/07/2023;57;FAUX
17984;1499;01/10/2023;81;VRAI
17985;1499;01/01/2024;66;FAUX
17986;1499;01/04/2024;66;VRAI
17987;1499;01/07/2024;70;VRAI
17988;1499;01/10/2024;55;FAUX
17989;1500;01/01/2022;98;FAUX
17990;1500;01/04/2022;75;FAUX
17991;1500;01/07/2022;57;VRAI
17992;1500;01/10/2022;97;FAUX
17993;1500;01/01/2023;78;VRAI
17994;1500;01/04/2023;67;FAUX
17995;1500;01/07/2023;67;VRAI
17996;1500;01/10/2023;94;FAUX
17997;1500;01/01/2024;64;FAUX
17998;1500;01/04/2024;52;VRAI
17999;1500;01/07/2024;87;VRAI
18000;1500;01/10/2024;58;VRAI
